repo_name,pr_number,state,created_at,closed_at,merged_at,additions,deletions,changed_files,body_length,comments,review_comments,participants_count
freeCodeCamp/freeCodeCamp,62417,closed,2025-09-30T08:06:17Z,2025-10-01T22:33:49Z,2025-10-01T22:33:49Z,9,9,7,761,1,7,0
freeCodeCamp/freeCodeCamp,62228,open,2025-09-15T16:05:29Z,,,854,552,58,950,4,7,0
freeCodeCamp/freeCodeCamp,62450,open,2025-10-01T18:51:34Z,,,197,126,12,1721,0,10,0
freeCodeCamp/freeCodeCamp,62188,open,2025-09-12T19:20:15Z,,,3021,19,182,1889,9,11,0
freeCodeCamp/freeCodeCamp,61805,open,2025-08-13T21:17:50Z,,,841,18,26,679,21,7,0
freeCodeCamp/freeCodeCamp,62253,open,2025-09-18T09:48:10Z,,,2815,3,39,803,1,11,0
freeCodeCamp/freeCodeCamp,62413,open,2025-09-29T16:51:02Z,,,3,0,1,919,1,1,0
freeCodeCamp/freeCodeCamp,62440,open,2025-10-01T09:04:03Z,,,2919,10,4,817,0,5,0
freeCodeCamp/freeCodeCamp,62161,open,2025-09-11T23:37:45Z,,,1278,0,18,806,0,9,0
freeCodeCamp/freeCodeCamp,62344,open,2025-09-24T11:18:14Z,,,1211,1810,16,926,2,1,0
freeCodeCamp/freeCodeCamp,62240,open,2025-09-17T06:51:28Z,,,119,61,35,735,15,20,0
freeCodeCamp/freeCodeCamp,62444,closed,2025-10-01T13:19:28Z,2025-10-01T19:17:27Z,2025-10-01T19:17:27Z,43,25,2,833,0,3,0
freeCodeCamp/freeCodeCamp,62266,open,2025-09-18T21:53:40Z,,,1611,11,5,803,3,10,0
freeCodeCamp/freeCodeCamp,62168,open,2025-09-12T03:07:28Z,,,385,21,7,750,5,5,0
freeCodeCamp/freeCodeCamp,62442,closed,2025-10-01T11:46:35Z,2025-10-01T13:42:27Z,,9,5,1,1174,0,1,0
freeCodeCamp/freeCodeCamp,61147,open,2025-06-30T10:00:51Z,,,2476,2,34,843,1,18,0
freeCodeCamp/freeCodeCamp,61769,open,2025-08-11T07:23:52Z,,,11,6,2,750,2,1,0
freeCodeCamp/freeCodeCamp,59479,open,2025-03-28T11:35:10Z,,,160,78,2,888,4,3,0
freeCodeCamp/freeCodeCamp,62100,open,2025-09-09T14:09:57Z,,,4405,0,52,806,4,73,0
freeCodeCamp/freeCodeCamp,62355,closed,2025-09-25T08:39:35Z,2025-09-30T13:24:32Z,2025-09-30T13:24:32Z,123,4,1,803,0,11,0
freeCodeCamp/freeCodeCamp,62236,open,2025-09-17T02:04:37Z,,,107,19,7,1475,9,2,0
freeCodeCamp/freeCodeCamp,62167,open,2025-09-12T03:01:36Z,,,1232,21,7,750,0,21,0
freeCodeCamp/freeCodeCamp,62083,open,2025-09-08T08:07:05Z,,,550,3,9,861,3,12,0
freeCodeCamp/freeCodeCamp,62418,open,2025-09-30T11:32:00Z,,,52,273,2,817,0,42,0
freeCodeCamp/freeCodeCamp,62420,open,2025-09-30T12:44:04Z,,,263,14,5,817,0,1,0
freeCodeCamp/freeCodeCamp,58016,closed,2025-01-09T08:59:28Z,2025-09-30T15:41:07Z,,10732,20633,2225,1077,7,15,0
freeCodeCamp/freeCodeCamp,61197,closed,2025-07-03T10:34:56Z,2025-09-30T15:07:52Z,,72,43,2,1000,3,4,0
freeCodeCamp/freeCodeCamp,62201,open,2025-09-13T16:14:35Z,,,4053,187,47,2937,0,185,0
freeCodeCamp/freeCodeCamp,62367,closed,2025-09-25T17:13:56Z,2025-09-30T03:24:18Z,2025-09-30T03:24:18Z,3027,7,39,747,0,17,0
freeCodeCamp/freeCodeCamp,61424,closed,2025-07-21T13:27:59Z,2025-09-30T09:22:01Z,2025-09-30T09:22:01Z,1613,2,28,806,3,53,0
freeCodeCamp/freeCodeCamp,62053,closed,2025-09-05T07:08:46Z,2025-09-30T08:41:45Z,2025-09-30T08:41:45Z,505,3,12,806,1,9,0
freeCodeCamp/freeCodeCamp,57638,closed,2024-12-20T15:21:58Z,2024-12-23T10:11:59Z,2024-12-23T10:11:59Z,67,85,11,1958,0,9,0
freeCodeCamp/freeCodeCamp,57618,closed,2024-12-19T11:32:29Z,2024-12-21T10:31:09Z,2024-12-21T10:31:09Z,23,22,4,1359,0,5,0
freeCodeCamp/freeCodeCamp,57178,closed,2024-11-15T10:59:04Z,2024-11-15T17:08:16Z,2024-11-15T17:08:16Z,199,1,2,750,0,8,0
freeCodeCamp/freeCodeCamp,61383,closed,2025-07-17T11:15:40Z,2025-07-18T21:40:31Z,2025-07-18T21:40:30Z,132,0,5,885,1,4,0
freeCodeCamp/freeCodeCamp,62129,closed,2025-09-10T10:50:58Z,2025-09-22T12:43:29Z,2025-09-22T12:43:29Z,141,0,5,806,1,4,0
freeCodeCamp/freeCodeCamp,57309,closed,2024-11-25T09:21:29Z,2024-11-26T22:04:20Z,2024-11-26T22:04:20Z,49,1,2,750,0,1,0
freeCodeCamp/freeCodeCamp,57308,closed,2024-11-25T07:11:22Z,2024-11-26T22:08:07Z,2024-11-26T22:08:07Z,20,1,2,750,0,2,0
freeCodeCamp/freeCodeCamp,57307,closed,2024-11-25T06:57:46Z,2024-12-02T13:12:23Z,2024-12-02T13:12:23Z,110,52,11,733,3,5,0
freeCodeCamp/freeCodeCamp,56978,closed,2024-10-29T12:07:27Z,2024-11-18T06:08:36Z,2024-11-18T06:08:36Z,2961,0,20,806,4,36,0
freeCodeCamp/freeCodeCamp,61376,closed,2025-07-17T08:32:27Z,2025-07-18T21:33:26Z,2025-07-18T21:33:26Z,140,0,5,806,1,7,0
freeCodeCamp/freeCodeCamp,57311,closed,2024-11-25T09:49:17Z,2024-12-05T16:06:40Z,2024-12-05T16:06:40Z,210,1,2,805,0,1,0
freeCodeCamp/freeCodeCamp,56767,closed,2024-10-21T11:16:16Z,2024-11-02T20:49:33Z,2024-11-02T20:49:33Z,366,2,5,805,3,20,0
freeCodeCamp/freeCodeCamp,56482,closed,2024-10-03T10:30:33Z,2024-11-19T17:47:06Z,2024-11-19T17:47:06Z,193,1,5,901,2,2,0
freeCodeCamp/freeCodeCamp,56011,closed,2024-09-05T12:43:56Z,2024-09-24T07:14:15Z,2024-09-24T07:14:15Z,760,1,4,750,3,10,0
freeCodeCamp/freeCodeCamp,60128,closed,2025-05-02T15:11:59Z,2025-05-20T06:17:14Z,2025-05-20T06:17:14Z,696,5,2,795,0,49,0
freeCodeCamp/freeCodeCamp,59460,closed,2025-03-27T08:05:51Z,2025-05-09T12:37:44Z,2025-05-09T12:37:44Z,907,1,5,806,8,31,0
freeCodeCamp/freeCodeCamp,56054,closed,2024-09-10T09:38:01Z,2024-10-02T13:50:00Z,2024-10-02T13:50:00Z,287,0,4,856,10,47,0
freeCodeCamp/freeCodeCamp,56012,closed,2024-09-05T12:44:58Z,2024-09-18T13:37:58Z,2024-09-18T13:37:58Z,686,1,4,750,2,4,0
freeCodeCamp/freeCodeCamp,61340,closed,2025-07-14T15:50:24Z,2025-07-24T18:21:28Z,2025-07-24T18:21:28Z,131,0,5,806,2,5,0
freeCodeCamp/freeCodeCamp,57208,closed,2024-11-18T16:10:35Z,2024-12-10T00:50:39Z,2024-12-10T00:50:39Z,379,1,5,806,2,16,0
freeCodeCamp/freeCodeCamp,57205,closed,2024-11-18T13:52:57Z,2024-12-10T20:41:58Z,2024-12-10T20:41:58Z,381,1,5,806,2,3,0
freeCodeCamp/freeCodeCamp,57202,closed,2024-11-18T11:36:29Z,2024-12-10T14:13:30Z,2024-12-10T14:13:30Z,299,1,5,806,1,4,0
freeCodeCamp/freeCodeCamp,56056,closed,2024-09-10T15:24:00Z,2024-09-16T19:48:41Z,2024-09-16T19:48:41Z,424,1,4,750,0,11,0
freeCodeCamp/freeCodeCamp,62132,closed,2025-09-10T11:29:26Z,2025-09-22T08:30:26Z,2025-09-22T08:30:26Z,132,3,5,806,2,5,0
freeCodeCamp/freeCodeCamp,59545,closed,2025-04-02T11:39:22Z,2025-05-13T09:15:34Z,2025-05-13T09:15:34Z,425,5,5,806,0,48,0
freeCodeCamp/freeCodeCamp,57179,closed,2024-11-15T13:00:55Z,2024-11-15T20:44:54Z,2024-11-15T20:44:54Z,24,1,2,735,0,4,0
codecrafters-io/build-your-own-x,688,closed,2021-12-12T15:33:16Z,2025-08-22T20:40:55Z,,131,23,1,223,0,1,0
codecrafters-io/build-your-own-x,892,closed,2023-05-09T01:19:09Z,2023-05-09T09:01:41Z,2023-05-09T09:01:40Z,1,0,1,156,1,2,0
codecrafters-io/build-your-own-x,1504,open,2025-07-05T23:14:09Z,,,6,0,1,68,1,1,0
codecrafters-io/build-your-own-x,1419,closed,2025-04-18T22:28:07Z,2025-05-27T03:49:00Z,,18,1,1,511,4,2,0
codecrafters-io/build-your-own-x,1270,open,2024-10-20T17:13:22Z,,,18,3,1,605,9,1,0
codecrafters-io/build-your-own-x,951,open,2023-11-03T01:39:31Z,,,32,27,1,1001,1,2,0
codecrafters-io/build-your-own-x,683,open,2021-11-30T00:31:53Z,,,2,0,1,26,1,1,0
codecrafters-io/build-your-own-x,541,open,2020-10-06T08:04:57Z,,,1,0,1,0,0,1,0
codecrafters-io/build-your-own-x,1031,open,2024-04-14T10:58:30Z,,,1,0,1,74,1,2,0
codecrafters-io/build-your-own-x,1083,open,2024-06-29T07:55:30Z,,,1,1,1,13,1,1,0
codecrafters-io/build-your-own-x,1182,open,2024-09-17T07:48:25Z,,,32,28,1,239,0,2,0
codecrafters-io/build-your-own-x,1325,closed,2025-02-04T11:09:30Z,2025-03-04T12:22:31Z,,1,1,1,339,2,1,0
codecrafters-io/build-your-own-x,349,closed,2019-04-13T12:06:48Z,2024-07-25T17:59:41Z,,1,0,1,172,1,1,0
codecrafters-io/build-your-own-x,1107,closed,2024-07-13T18:06:33Z,2024-07-15T11:09:09Z,,1,1,1,0,2,2,0
codecrafters-io/build-your-own-x,1030,closed,2024-04-12T03:57:56Z,2024-04-14T10:53:53Z,,2,0,1,93,0,2,0
sindresorhus/awesome,3654,open,2025-09-18T05:58:09Z,,,1,0,1,1594,6,1,0
sindresorhus/awesome,2763,closed,2023-08-30T11:47:18Z,2024-01-19T11:25:46Z,,1,0,1,9226,11,2,0
sindresorhus/awesome,3564,open,2025-07-29T03:53:31Z,,,1,0,1,9151,5,2,0
sindresorhus/awesome,3529,open,2025-07-07T08:51:41Z,,,1,0,1,8889,11,1,0
sindresorhus/awesome,3511,open,2025-06-28T03:37:10Z,,,1,0,1,9516,3,3,0
sindresorhus/awesome,3465,open,2025-06-03T16:07:01Z,,,1,0,1,9076,9,5,0
sindresorhus/awesome,3446,open,2025-05-13T11:38:25Z,,,1,0,1,9111,11,2,0
sindresorhus/awesome,3397,open,2025-04-10T13:49:58Z,,,14,13,1,9195,3,4,0
sindresorhus/awesome,3374,open,2025-03-09T18:16:29Z,,,32,0,4,622,0,3,0
sindresorhus/awesome,3346,open,2025-02-01T10:02:29Z,,,1,0,1,9250,7,5,0
sindresorhus/awesome,3344,open,2025-01-31T16:03:41Z,,,1,0,1,340,5,1,0
sindresorhus/awesome,3337,open,2025-01-21T14:46:53Z,,,2,1,1,9119,8,2,0
sindresorhus/awesome,3247,open,2024-10-20T17:32:47Z,,,1,0,1,3502,9,3,0
sindresorhus/awesome,3160,open,2024-08-23T05:30:56Z,,,1,0,1,9265,10,1,0
sindresorhus/awesome,3129,open,2024-07-30T18:42:25Z,,,1,0,1,9076,5,2,0
sindresorhus/awesome,3022,open,2024-04-16T10:34:43Z,,,2,0,1,9685,11,1,0
sindresorhus/awesome,2984,open,2024-02-27T11:30:48Z,,,384,112,4,2178,4,5,0
sindresorhus/awesome,2925,open,2024-01-05T12:06:38Z,,,2,1,1,9135,20,10,0
sindresorhus/awesome,2825,open,2023-10-24T00:40:44Z,,,1,0,1,9135,26,1,0
sindresorhus/awesome,2607,open,2023-05-01T20:56:49Z,,,1,0,1,9370,19,4,0
sindresorhus/awesome,3398,closed,2025-04-11T10:05:00Z,2025-07-05T23:21:42Z,2025-07-05T23:21:42Z,1,0,1,9077,15,1,0
sindresorhus/awesome,3584,closed,2025-08-12T15:17:58Z,2025-08-18T08:20:15Z,,1,0,1,8877,1,3,0
sindresorhus/awesome,3110,closed,2024-07-15T21:25:06Z,2025-01-19T19:54:32Z,,1,0,1,9443,15,1,0
sindresorhus/awesome,2949,closed,2024-01-22T11:37:40Z,2025-07-18T18:37:33Z,2025-07-18T18:37:33Z,1,0,1,9487,31,1,0
sindresorhus/awesome,1675,closed,2019-12-24T08:26:27Z,2020-06-15T05:48:01Z,,20,0,1,254,1,2,0
sindresorhus/awesome,3394,closed,2025-04-06T08:00:53Z,2025-05-29T10:37:17Z,,1,0,1,8948,6,1,0
sindresorhus/awesome,3146,closed,2024-08-11T08:01:17Z,2025-05-20T13:30:16Z,,1,0,1,9159,18,6,0
sindresorhus/awesome,3323,closed,2025-01-03T19:49:15Z,2025-05-15T12:37:25Z,2025-05-15T12:37:25Z,1,0,1,8365,6,3,0
sindresorhus/awesome,3343,closed,2025-01-30T13:52:52Z,2025-05-15T12:30:37Z,,1,0,1,8645,5,1,0
sindresorhus/awesome,3320,closed,2025-01-02T04:52:25Z,2025-05-15T12:16:38Z,,1,0,1,8954,6,3,0
sindresorhus/awesome,3232,closed,2024-10-03T12:22:21Z,2025-05-15T12:05:07Z,,1,0,1,9420,14,2,0
sindresorhus/awesome,3171,closed,2024-08-31T19:57:29Z,2025-05-15T11:44:00Z,2025-05-15T11:44:00Z,1,0,1,9263,16,2,0
sindresorhus/awesome,3223,closed,2024-09-27T19:23:13Z,2025-05-15T11:38:31Z,,1,0,1,8774,7,1,0
sindresorhus/awesome,2930,closed,2024-01-09T19:21:04Z,2025-05-15T11:04:08Z,2025-05-15T11:04:08Z,1,0,1,8982,9,2,0
sindresorhus/awesome,3407,closed,2025-04-16T02:12:59Z,2025-04-16T02:19:52Z,,1,0,1,8877,0,1,0
sindresorhus/awesome,3335,closed,2025-01-17T06:13:49Z,2025-03-04T08:42:03Z,2025-03-04T08:42:03Z,1,0,1,9542,13,3,0
EbookFoundation/free-programming-books,12033,closed,2025-10-01T11:41:32Z,2025-10-01T20:01:58Z,,1,0,1,1660,2,1,0
EbookFoundation/free-programming-books,12047,open,2025-10-01T15:12:03Z,,,13,0,1,1873,1,7,0
EbookFoundation/free-programming-books,12003,closed,2025-10-01T04:56:56Z,2025-10-01T18:43:45Z,2025-10-01T18:43:44Z,1,0,1,2087,1,2,0
EbookFoundation/free-programming-books,12031,open,2025-10-01T10:37:10Z,,,1,0,1,1103,0,1,0
EbookFoundation/free-programming-books,11993,closed,2025-09-30T16:54:39Z,2025-09-30T17:47:23Z,2025-09-30T17:47:23Z,3,15,1,1328,0,2,0
EbookFoundation/free-programming-books,11984,closed,2025-09-28T07:20:57Z,2025-09-29T22:56:50Z,,9,0,2,434,0,5,0
EbookFoundation/free-programming-books,11946,closed,2025-09-06T15:23:54Z,2025-09-29T22:59:21Z,2025-09-29T22:59:21Z,378,0,2,860,5,24,0
EbookFoundation/free-programming-books,11980,closed,2025-09-26T14:58:30Z,2025-09-27T15:33:45Z,,5,1,1,523,7,2,0
EbookFoundation/free-programming-books,6542,closed,2021-10-30T23:27:34Z,2021-11-01T01:42:44Z,2021-11-01T01:42:44Z,78,22,22,761,5,3,0
EbookFoundation/free-programming-books,11972,closed,2025-09-23T07:42:26Z,2025-09-24T02:15:22Z,,9,0,2,1410,1,2,0
EbookFoundation/free-programming-books,11954,closed,2025-09-13T01:01:30Z,2025-09-17T12:57:00Z,2025-09-17T12:57:00Z,36,35,1,1638,13,1,0
EbookFoundation/free-programming-books,11928,closed,2025-08-17T14:58:28Z,2025-09-07T17:49:04Z,2025-09-07T17:49:04Z,1,1,1,38,0,1,0
EbookFoundation/free-programming-books,11933,closed,2025-08-29T19:34:52Z,2025-09-01T09:58:11Z,2025-09-01T09:58:11Z,20,15,3,1127,3,2,0
EbookFoundation/free-programming-books,11367,closed,2024-10-04T17:57:28Z,2025-08-28T00:16:46Z,,6,0,3,886,7,5,0
EbookFoundation/free-programming-books,11923,closed,2025-08-05T05:43:57Z,2025-08-05T17:55:00Z,2025-08-05T17:55:00Z,3,0,1,1913,2,1,0
EbookFoundation/free-programming-books,11813,closed,2025-01-10T23:12:28Z,2025-07-20T00:20:57Z,,1,0,1,1358,2,1,0
EbookFoundation/free-programming-books,11850,closed,2025-03-16T13:46:52Z,2025-07-20T00:20:55Z,,21,26,1,195,5,1,0
EbookFoundation/free-programming-books,11802,closed,2024-12-30T11:21:39Z,2025-06-26T00:17:51Z,,1,0,1,860,4,1,0
EbookFoundation/free-programming-books,11877,closed,2025-05-16T16:51:03Z,2025-05-28T14:46:25Z,2025-05-28T14:46:25Z,1425,465,14,4367,14,1,0
EbookFoundation/free-programming-books,11316,closed,2024-10-02T04:41:07Z,2025-05-25T00:19:20Z,,1,0,1,901,4,1,0
EbookFoundation/free-programming-books,11350,closed,2024-10-03T17:43:33Z,2025-05-24T00:16:58Z,,474,109,2,1570,11,6,0
EbookFoundation/free-programming-books,11448,closed,2024-10-09T09:29:25Z,2025-05-24T00:16:56Z,,1,0,1,912,2,6,0
EbookFoundation/free-programming-books,11571,closed,2024-10-15T11:59:14Z,2025-05-24T00:16:54Z,,1,1,1,1077,6,5,0
EbookFoundation/free-programming-books,11576,closed,2024-10-15T18:07:24Z,2025-05-24T00:16:52Z,,7,0,1,1023,4,2,0
EbookFoundation/free-programming-books,11632,closed,2024-10-21T03:39:59Z,2025-05-23T00:17:30Z,,2,0,1,1577,4,2,0
EbookFoundation/free-programming-books,11636,closed,2024-10-21T09:26:03Z,2025-05-23T00:17:28Z,,2,2,1,1149,4,1,0
EbookFoundation/free-programming-books,11664,closed,2024-10-24T05:57:00Z,2025-05-23T00:17:25Z,,3,2,2,887,3,1,0
EbookFoundation/free-programming-books,11671,closed,2024-10-25T08:19:43Z,2025-05-23T00:17:24Z,,2,2,1,934,9,2,0
EbookFoundation/free-programming-books,11673,closed,2024-10-25T09:30:02Z,2025-05-23T00:17:22Z,,4,5,1,1013,8,9,0
EbookFoundation/free-programming-books,11699,closed,2024-10-27T10:35:15Z,2025-05-23T00:17:20Z,,10,10,1,899,5,1,0
EbookFoundation/free-programming-books,11701,closed,2024-10-27T14:20:46Z,2025-05-22T00:17:23Z,,1,1,1,1221,2,3,0
EbookFoundation/free-programming-books,11718,closed,2024-10-29T11:32:30Z,2025-05-22T00:17:21Z,,6,0,1,860,4,1,0
EbookFoundation/free-programming-books,11724,closed,2024-10-30T02:45:56Z,2025-05-22T00:17:19Z,,1,1,1,860,2,1,0
EbookFoundation/free-programming-books,11740,closed,2024-10-31T10:57:30Z,2025-05-22T00:17:16Z,,2,0,2,957,9,2,0
EbookFoundation/free-programming-books,11874,closed,2025-04-28T09:01:07Z,2025-05-02T22:47:56Z,2025-05-02T22:47:56Z,2,0,1,1932,12,2,0
EbookFoundation/free-programming-books,11288,closed,2024-10-01T10:37:46Z,2025-04-25T00:17:05Z,,24,1,1,1641,16,8,0
EbookFoundation/free-programming-books,11335,closed,2024-10-02T18:07:26Z,2025-04-25T00:17:01Z,,9,0,1,1539,4,1,0
EbookFoundation/free-programming-books,11530,closed,2024-10-13T20:20:33Z,2025-04-23T00:16:54Z,,22,21,1,869,2,3,0
EbookFoundation/free-programming-books,11823,closed,2025-02-01T02:05:13Z,2025-02-02T21:26:55Z,2025-02-02T21:26:55Z,1,0,1,1153,0,4,0
EbookFoundation/free-programming-books,11865,closed,2025-04-17T22:15:59Z,2025-04-18T20:14:47Z,2025-04-18T20:14:47Z,48,1,2,1258,1,1,0
EbookFoundation/free-programming-books,11860,closed,2025-04-08T19:59:37Z,2025-04-10T03:49:23Z,,3,2,2,2122,2,1,0
public-apis/public-apis,4479,closed,2025-08-04T07:42:48Z,2025-09-23T16:18:04Z,,1,1,1,902,0,1,0
public-apis/public-apis,4743,open,2025-09-02T20:06:21Z,,,1,0,1,592,0,1,0
public-apis/public-apis,4482,open,2025-08-05T05:39:26Z,,,2,2,1,130,0,1,0
public-apis/public-apis,4385,closed,2025-06-17T21:13:24Z,2025-06-29T20:13:25Z,,2,1,1,902,0,1,0
public-apis/public-apis,4373,closed,2025-06-08T20:32:06Z,2025-06-08T20:36:23Z,,278,218,2,994,0,2,0
public-apis/public-apis,4285,open,2025-05-16T10:51:59Z,,,1,0,1,651,0,1,0
kamranahmedse/developer-roadmap,9202,open,2025-09-30T06:45:59Z,,,40,1,2,117,1,1,0
kamranahmedse/developer-roadmap,9196,open,2025-09-29T03:16:53Z,,,44,26,1,1012,1,2,0
kamranahmedse/developer-roadmap,9167,closed,2025-09-21T06:00:29Z,2025-09-22T04:24:08Z,,3,1,1,83,0,1,0
kamranahmedse/developer-roadmap,9033,closed,2025-08-15T15:44:42Z,2025-09-08T17:55:05Z,,1,0,1,31,1,3,0
kamranahmedse/developer-roadmap,9113,closed,2025-09-04T04:37:06Z,2025-09-04T09:31:54Z,2025-09-04T09:31:54Z,4,3,1,0,0,1,0
kamranahmedse/developer-roadmap,9086,closed,2025-08-29T14:04:19Z,2025-09-03T12:46:47Z,,13,11,1,75,1,3,0
kamranahmedse/developer-roadmap,9098,closed,2025-09-02T10:25:04Z,2025-09-03T11:44:49Z,2025-09-03T11:44:49Z,687,80,78,337,0,1,0
kamranahmedse/developer-roadmap,9095,closed,2025-09-01T18:55:43Z,2025-09-01T19:12:50Z,2025-09-01T19:12:50Z,10,2,2,0,0,2,0
kamranahmedse/developer-roadmap,9078,closed,2025-08-25T16:30:33Z,2025-08-25T16:58:04Z,2025-08-25T16:58:04Z,2,0,1,130,0,1,0
kamranahmedse/developer-roadmap,9073,closed,2025-08-22T16:03:35Z,2025-08-25T16:59:01Z,2025-08-25T16:59:01Z,2,1,1,88,0,1,0
kamranahmedse/developer-roadmap,9063,closed,2025-08-21T03:54:39Z,2025-08-21T15:04:23Z,2025-08-21T15:04:23Z,365,97,7,0,0,1,0
kamranahmedse/developer-roadmap,9054,closed,2025-08-20T13:18:17Z,2025-08-20T13:21:03Z,2025-08-20T13:21:03Z,6,0,2,347,0,2,0
kamranahmedse/developer-roadmap,9053,closed,2025-08-20T06:20:12Z,2025-08-20T12:49:19Z,2025-08-20T12:49:19Z,466,2,6,0,0,2,0
kamranahmedse/developer-roadmap,9002,closed,2025-08-07T05:16:04Z,2025-08-07T15:55:42Z,2025-08-07T15:55:42Z,1,2,1,178,0,1,0
kamranahmedse/developer-roadmap,8955,closed,2025-07-25T17:14:37Z,2025-08-07T16:36:43Z,2025-08-07T16:36:43Z,13,1,1,33,0,3,0
kamranahmedse/developer-roadmap,8957,closed,2025-07-26T13:15:00Z,2025-08-07T16:35:55Z,2025-08-07T16:35:55Z,0,1,1,384,0,1,0
kamranahmedse/developer-roadmap,8985,closed,2025-08-02T05:00:07Z,2025-08-07T16:00:45Z,2025-08-07T16:00:45Z,21,3,3,272,0,1,0
kamranahmedse/developer-roadmap,8988,closed,2025-08-02T09:09:35Z,2025-08-04T16:41:58Z,2025-08-04T16:41:58Z,1,0,1,33,0,3,0
kamranahmedse/developer-roadmap,8946,closed,2025-07-23T14:20:13Z,2025-07-23T14:23:44Z,2025-07-23T14:23:44Z,89,1,3,0,0,1,0
jwasham/coding-interview-university,1982,open,2025-02-12T18:52:22Z,,,2007,0,2,24,0,1,0
jwasham/coding-interview-university,1543,closed,2024-09-15T02:57:47Z,2024-09-15T07:08:00Z,,0,3,1,12,2,1,0
jwasham/coding-interview-university,459,closed,2019-10-12T20:09:25Z,2024-05-03T16:00:29Z,,259,255,1,0,6,18,0
jwasham/coding-interview-university,266,closed,2017-10-28T12:59:11Z,2024-05-03T15:59:15Z,,86,77,1,15,2,9,0
jwasham/coding-interview-university,1292,closed,2022-12-26T05:07:06Z,2022-12-27T16:32:59Z,2022-12-27T16:32:59Z,2,1,1,67,1,2,0
jwasham/coding-interview-university,1288,closed,2022-12-18T03:53:08Z,2022-12-18T19:09:37Z,2022-12-18T19:09:37Z,1,0,1,135,2,1,0
jwasham/coding-interview-university,1267,closed,2022-11-08T13:06:06Z,2022-11-30T16:29:47Z,2022-11-30T16:29:46Z,0,0,0,53,3,1,0
jwasham/coding-interview-university,1106,closed,2022-03-14T10:08:27Z,2022-03-16T16:16:21Z,2022-03-16T16:16:21Z,316,352,1,154,3,2,0
jwasham/coding-interview-university,1220,closed,2022-09-10T01:08:32Z,2022-09-14T18:14:53Z,2022-09-14T18:14:53Z,47,25,25,0,3,5,0
jwasham/coding-interview-university,268,closed,2017-10-30T09:45:44Z,2022-08-31T20:53:47Z,,23,23,1,24,1,1,0
jwasham/coding-interview-university,1194,closed,2022-08-19T13:16:37Z,2022-08-31T20:51:50Z,,3,1,1,0,0,2,0
jwasham/coding-interview-university,1163,closed,2022-07-09T19:55:45Z,2022-08-31T20:50:45Z,2022-08-31T20:50:45Z,39,39,1,77,2,6,0
donnemartin/system-design-primer,1149,open,2025-09-10T05:22:05Z,,,7,6,1,560,1,1,0
donnemartin/system-design-primer,502,open,2021-01-25T01:37:11Z,,,4063,1,3,111,0,4,0
donnemartin/system-design-primer,896,open,2024-08-27T14:53:38Z,,,10,1,3,571,1,2,0
donnemartin/system-design-primer,52,open,2017-04-07T04:00:09Z,,,2,2,1,71,3,2,0
donnemartin/system-design-primer,560,open,2021-08-20T06:08:39Z,,,2,2,1,618,1,4,0
donnemartin/system-design-primer,632,open,2021-12-26T14:13:42Z,,,1092,169,32,1624,3,2,0
donnemartin/system-design-primer,867,closed,2024-06-16T21:03:10Z,2024-07-16T14:52:00Z,,1838,0,1,1019,6,2,0
donnemartin/system-design-primer,799,open,2023-08-21T07:43:59Z,,,351,1790,1,571,2,3,0
donnemartin/system-design-primer,831,open,2024-01-09T13:44:35Z,,,1853,0,1,738,8,16,0
donnemartin/system-design-primer,757,open,2023-03-24T08:51:01Z,,,3,3,1,66,1,1,0
donnemartin/system-design-primer,770,open,2023-04-14T09:47:08Z,,,2,2,1,22,0,1,0
donnemartin/system-design-primer,801,open,2023-09-01T09:38:25Z,,,1854,1,2,571,0,2,0
donnemartin/system-design-primer,645,open,2022-03-04T17:57:43Z,,,1834,0,1,89,3,5,0
donnemartin/system-design-primer,638,open,2022-02-07T19:48:56Z,,,1848,2,39,571,10,33,0
donnemartin/system-design-primer,553,open,2021-08-04T13:44:09Z,,,2394,1,2,608,6,10,0
donnemartin/system-design-primer,871,open,2024-06-18T05:16:11Z,,,4,4,4,302,0,1,0
donnemartin/system-design-primer,667,closed,2022-04-25T08:33:58Z,2024-03-01T19:33:48Z,,5,5,3,114,2,1,0
donnemartin/system-design-primer,740,closed,2023-02-12T09:44:05Z,2024-02-02T13:34:40Z,,2,2,1,152,0,1,0
donnemartin/system-design-primer,577,closed,2021-09-24T02:29:55Z,2024-01-09T11:02:53Z,,1853,0,1,571,0,6,0
donnemartin/system-design-primer,557,closed,2021-08-14T01:41:21Z,2023-12-02T06:26:01Z,,18,0,1,436,2,2,0
donnemartin/system-design-primer,112,open,2017-10-19T21:25:04Z,,,2085,0,1,0,12,1,0
donnemartin/system-design-primer,754,open,2023-03-14T20:46:36Z,,,12,0,3,147,0,2,0
donnemartin/system-design-primer,241,open,2018-12-09T05:33:30Z,,,75,3,4,80,5,1,0
donnemartin/system-design-primer,732,open,2023-01-21T16:20:55Z,,,1,1,1,615,0,1,0
donnemartin/system-design-primer,327,open,2019-10-09T17:03:35Z,,,1838,0,1,219,2,28,0
donnemartin/system-design-primer,661,closed,2022-04-17T16:01:57Z,2022-04-23T13:14:45Z,2022-04-23T13:14:45Z,3,3,3,0,3,2,0
donnemartin/system-design-primer,436,closed,2020-07-03T00:56:04Z,2020-07-03T01:11:07Z,2020-07-03T01:11:07Z,163,0,1,0,1,2,0
donnemartin/system-design-primer,648,open,2022-03-20T17:47:29Z,,,0,1,1,745,0,1,0
donnemartin/system-design-primer,221,open,2018-10-04T16:29:16Z,,,1788,0,1,0,0,1,0
996icu/996.ICU,25509,closed,2019-04-13T04:38:21Z,2019-05-10T12:15:06Z,,8,0,1,69,446,35,0
996icu/996.ICU,25417,closed,2019-04-10T13:25:51Z,2019-04-15T12:24:54Z,,4,0,1,1050,82,1,0
996icu/996.ICU,26079,closed,2022-05-10T20:25:53Z,2023-06-16T19:07:36Z,,1,0,1,0,9,1,0
996icu/996.ICU,26068,closed,2022-02-27T13:53:03Z,2022-03-04T18:05:29Z,,1,0,1,495,4,3,0
996icu/996.ICU,25979,closed,2020-04-07T06:06:51Z,2022-01-24T21:22:18Z,2022-01-24T21:22:18Z,1,0,2,36,0,1,0
996icu/996.ICU,25980,closed,2020-04-27T04:29:09Z,2022-01-24T21:20:41Z,2022-01-24T21:20:41Z,1,0,1,0,1,1,0
996icu/996.ICU,26012,closed,2021-01-04T03:43:54Z,2022-01-24T21:05:05Z,2022-01-24T21:05:05Z,1,1,1,15,4,1,0
996icu/996.ICU,25990,closed,2020-07-28T16:27:53Z,2020-12-30T02:08:22Z,,95,0,2,23,413,18,0
996icu/996.ICU,25677,closed,2019-04-19T08:06:53Z,2019-12-10T02:11:36Z,,5,0,1,68,238,1,0
vinta/awesome-python,2762,open,2025-09-17T09:54:08Z,,,1,0,1,1452,0,1,0
vinta/awesome-python,2732,open,2025-07-08T20:33:04Z,,,6,0,1,0,0,2,0
vinta/awesome-python,2748,open,2025-08-22T06:29:52Z,,,1,0,1,0,1,2,0
vinta/awesome-python,2750,closed,2025-08-24T19:04:15Z,2025-09-17T05:29:57Z,2025-09-17T05:29:57Z,1,0,1,1059,4,1,0
vinta/awesome-python,2614,closed,2024-09-17T09:52:09Z,2025-07-05T18:42:51Z,2025-07-05T18:42:51Z,1,0,1,1278,2,1,0
vinta/awesome-python,2756,open,2025-09-04T00:33:00Z,,,1,0,1,634,0,2,0
vinta/awesome-python,2443,closed,2023-04-19T11:30:28Z,2025-08-26T12:29:00Z,,1,0,1,284,0,1,0
vinta/awesome-python,2746,open,2025-08-16T12:45:59Z,,,1,0,1,699,1,1,0
vinta/awesome-python,2739,open,2025-07-28T05:11:55Z,,,1,0,1,1080,0,4,0
vinta/awesome-python,2742,open,2025-08-03T17:52:12Z,,,6,0,1,717,0,1,0
vinta/awesome-python,2730,closed,2025-07-04T18:09:39Z,2025-08-17T17:56:44Z,,101,89,1,1561,3,2,0
vinta/awesome-python,2714,open,2025-06-10T08:46:05Z,,,2,1,1,159,0,1,0
vinta/awesome-python,2733,open,2025-07-10T13:47:37Z,,,1,0,1,1202,1,5,0
vinta/awesome-python,2736,open,2025-07-24T11:33:55Z,,,1,0,1,825,2,2,0
vinta/awesome-python,2707,open,2025-05-20T04:20:10Z,,,1,1,1,249,0,3,0
vinta/awesome-python,2568,closed,2024-02-22T17:54:57Z,2025-07-05T18:27:05Z,,2,1,1,444,5,2,0
vinta/awesome-python,2632,closed,2024-12-21T20:58:15Z,2025-07-05T18:26:36Z,,1,0,1,1470,2,2,0
vinta/awesome-python,2635,closed,2024-12-25T19:47:02Z,2025-07-05T18:26:25Z,,1,1,1,773,2,1,0
vinta/awesome-python,2720,closed,2025-06-23T14:34:29Z,2025-07-05T18:25:38Z,,1,0,1,245,2,1,0
vinta/awesome-python,2722,closed,2025-06-26T01:01:03Z,2025-07-05T18:25:31Z,,1,0,1,245,3,3,0
vinta/awesome-python,2518,closed,2023-09-14T04:43:33Z,2024-02-22T14:47:02Z,2024-02-22T14:47:02Z,0,0,0,502,1,2,0
vinta/awesome-python,2719,open,2025-06-19T18:17:10Z,,,1,0,1,1505,0,3,0
vinta/awesome-python,2693,closed,2025-05-03T08:28:22Z,2025-06-12T07:29:38Z,,4,0,1,510,1,3,0
vinta/awesome-python,2692,open,2025-04-29T02:10:10Z,,,1,0,1,1052,0,1,0
vinta/awesome-python,2292,open,2022-12-30T18:17:45Z,,,1,1,1,727,24,3,0
vinta/awesome-python,2601,open,2024-07-28T03:32:57Z,,,1,0,1,1630,2,1,0
vinta/awesome-python,2689,open,2025-04-23T08:59:12Z,,,2,0,1,1706,0,3,0
vinta/awesome-python,1438,open,2019-11-22T00:43:47Z,,,1,0,1,0,1,6,0
vinta/awesome-python,2651,open,2025-02-07T02:35:27Z,,,0,1,1,160,0,1,0
vinta/awesome-python,2638,open,2025-01-03T03:30:18Z,,,1,0,1,1505,0,2,0
vinta/awesome-python,2662,open,2025-03-14T21:38:54Z,,,1,0,1,1377,2,1,0
vinta/awesome-python,2667,open,2025-03-25T09:27:04Z,,,41,0,1,29,0,1,0
awesome-selfhosted/awesome-selfhosted,2897,closed,2022-03-05T10:29:24Z,2022-11-02T11:06:02Z,,4,1,2,3185,3,28,0
awesome-selfhosted/awesome-selfhosted,4192,closed,2025-03-31T12:46:37Z,2025-04-17T16:13:10Z,2025-04-17T16:13:10Z,5,1,2,385,2,6,0
awesome-selfhosted/awesome-selfhosted,4123,closed,2023-08-21T11:29:30Z,2023-08-21T14:31:22Z,2023-08-21T14:31:21Z,49,49,1,151,0,6,0
awesome-selfhosted/awesome-selfhosted,4117,closed,2023-08-20T05:23:12Z,2023-08-20T09:57:42Z,2023-08-20T09:57:42Z,1,1,1,0,0,1,0
awesome-selfhosted/awesome-selfhosted,4093,closed,2023-08-11T17:14:10Z,2023-08-22T13:59:28Z,,1,0,1,2909,3,1,0
awesome-selfhosted/awesome-selfhosted,4125,closed,2023-08-21T18:04:12Z,2023-08-22T13:58:33Z,,1,0,1,3213,1,1,0
awesome-selfhosted/awesome-selfhosted,4100,closed,2023-08-14T16:12:01Z,2023-08-22T14:00:02Z,,1,0,1,3212,1,1,0
awesome-selfhosted/awesome-selfhosted,4114,closed,2023-08-18T15:59:17Z,2023-08-22T13:59:46Z,,1,0,1,3213,3,2,0
awesome-selfhosted/awesome-selfhosted,4080,closed,2023-08-07T13:58:50Z,2023-08-22T13:59:06Z,,1,0,1,3213,8,3,0
awesome-selfhosted/awesome-selfhosted,4033,closed,2023-07-18T13:57:16Z,2023-08-22T13:58:47Z,,1,0,1,3237,4,1,0
awesome-selfhosted/awesome-selfhosted,4096,closed,2023-08-14T00:32:41Z,2023-08-22T13:02:58Z,2023-08-22T13:02:58Z,1,0,1,3213,1,2,0
awesome-selfhosted/awesome-selfhosted,4112,closed,2023-08-18T15:29:43Z,2023-08-22T13:02:19Z,2023-08-22T13:02:19Z,1,0,1,3213,8,1,0
awesome-selfhosted/awesome-selfhosted,4092,closed,2023-08-11T16:27:34Z,2023-08-22T13:01:19Z,2023-08-22T13:01:19Z,1,0,1,3213,0,4,0
awesome-selfhosted/awesome-selfhosted,4032,closed,2023-07-18T12:11:40Z,2023-08-22T13:01:05Z,2023-08-22T13:01:05Z,8,0,1,3676,1,2,0
awesome-selfhosted/awesome-selfhosted,4094,closed,2023-08-11T22:40:00Z,2023-08-22T13:00:39Z,2023-08-22T13:00:39Z,1,0,1,3213,5,2,0
awesome-selfhosted/awesome-selfhosted,4124,closed,2023-08-21T12:24:53Z,2023-08-21T12:57:29Z,,1,0,1,3213,0,2,0
awesome-selfhosted/awesome-selfhosted,3868,closed,2023-06-03T14:35:17Z,2023-08-20T10:01:58Z,2023-08-20T10:01:58Z,8,0,1,2996,23,1,0
awesome-selfhosted/awesome-selfhosted,4068,closed,2023-07-31T02:40:20Z,2023-08-07T22:17:20Z,2023-08-07T22:17:20Z,1,0,1,3213,0,2,0
awesome-selfhosted/awesome-selfhosted,4056,closed,2023-07-27T17:53:20Z,2023-08-03T01:55:55Z,2023-08-03T01:55:55Z,1,0,1,3326,2,2,0
awesome-selfhosted/awesome-selfhosted,4053,closed,2023-07-26T15:18:21Z,2023-08-03T01:55:19Z,2023-08-03T01:55:19Z,1,0,1,3475,0,1,0
awesome-selfhosted/awesome-selfhosted,4070,closed,2023-07-31T13:04:42Z,2023-07-31T13:59:46Z,2023-07-31T13:59:46Z,3,3,1,26,0,3,0
awesome-selfhosted/awesome-selfhosted,3947,closed,2023-06-29T16:10:23Z,2023-07-12T15:07:14Z,2023-07-12T15:07:14Z,1,0,1,3033,4,2,0
awesome-selfhosted/awesome-selfhosted,4035,closed,2023-07-19T20:20:18Z,2023-07-27T12:27:38Z,2023-07-27T12:27:38Z,1,0,1,3587,3,2,0
awesome-selfhosted/awesome-selfhosted,3971,closed,2023-07-05T17:26:04Z,2023-07-26T17:11:44Z,2023-07-26T17:11:44Z,1,0,1,2996,5,2,0
awesome-selfhosted/awesome-selfhosted,4051,closed,2023-07-26T09:32:30Z,2023-07-26T13:40:58Z,,1,0,1,3213,4,1,0
awesome-selfhosted/awesome-selfhosted,3954,closed,2023-06-30T12:48:52Z,2023-07-26T17:11:29Z,2023-07-26T17:11:29Z,1,0,1,2996,0,2,0
awesome-selfhosted/awesome-selfhosted,3801,closed,2023-05-07T10:28:45Z,2023-06-01T14:30:56Z,2023-06-01T14:30:56Z,1,0,1,2961,1,1,0
awesome-selfhosted/awesome-selfhosted,4036,closed,2023-07-19T20:25:22Z,2023-07-24T20:41:22Z,2023-07-24T20:41:22Z,1,1,1,233,4,1,0
awesome-selfhosted/awesome-selfhosted,3994,closed,2023-07-09T15:00:49Z,2023-07-24T20:40:53Z,2023-07-24T20:40:53Z,1,0,1,3253,1,1,0
awesome-selfhosted/awesome-selfhosted,3967,closed,2023-07-04T15:30:28Z,2023-07-24T20:40:32Z,2023-07-24T20:40:32Z,1,0,1,2996,0,1,0
awesome-selfhosted/awesome-selfhosted,3978,closed,2023-07-07T11:29:57Z,2023-07-24T20:39:24Z,2023-07-24T20:39:24Z,1,0,1,2996,5,3,0
awesome-selfhosted/awesome-selfhosted,3843,closed,2023-05-24T03:29:47Z,2023-07-24T20:38:50Z,,1,0,1,3029,1,2,0
awesome-selfhosted/awesome-selfhosted,3557,closed,2023-02-01T03:00:23Z,2023-07-23T10:17:34Z,,1,0,1,2989,1,2,0
awesome-selfhosted/awesome-selfhosted,4031,closed,2023-07-18T05:27:44Z,2023-07-18T11:53:35Z,,1,0,1,3274,0,2,0
awesome-selfhosted/awesome-selfhosted,3962,closed,2023-07-03T04:07:30Z,2023-07-17T12:31:21Z,,1,0,1,2998,4,1,0
awesome-selfhosted/awesome-selfhosted,3890,closed,2023-06-11T14:01:08Z,2023-07-17T12:48:52Z,,1,0,1,2996,1,1,0
awesome-selfhosted/awesome-selfhosted,3754,closed,2023-04-25T07:20:07Z,2023-07-17T12:36:25Z,,1,0,1,2961,1,1,0
awesome-selfhosted/awesome-selfhosted,3910,closed,2023-06-18T12:54:23Z,2023-07-17T12:33:28Z,,1,0,1,2996,2,1,0
awesome-selfhosted/awesome-selfhosted,3913,closed,2023-06-19T13:12:23Z,2023-07-17T12:28:52Z,,1,0,1,2996,1,1,0
awesome-selfhosted/awesome-selfhosted,3889,closed,2023-06-11T13:51:38Z,2023-07-17T12:26:38Z,,1,0,1,2996,3,2,0
awesome-selfhosted/awesome-selfhosted,3860,closed,2023-05-30T22:00:06Z,2023-07-17T12:24:35Z,2023-07-17T12:24:35Z,1,0,1,2996,5,2,0
awesome-selfhosted/awesome-selfhosted,3985,closed,2023-07-09T08:22:50Z,2023-07-17T12:18:43Z,,1,0,1,2996,0,5,0
awesome-selfhosted/awesome-selfhosted,3893,closed,2023-06-12T21:14:29Z,2023-07-12T17:13:47Z,,1,0,1,2996,5,1,0
awesome-selfhosted/awesome-selfhosted,3983,closed,2023-07-08T20:17:50Z,2023-07-12T14:59:35Z,,1,0,1,2996,2,2,0
practical-tutorials/project-based-learning,712,open,2025-04-28T17:01:52Z,,,0,1,1,125,1,2,0
practical-tutorials/project-based-learning,422,open,2023-03-31T10:11:08Z,,,1,1,1,1044,0,1,0
practical-tutorials/project-based-learning,478,open,2023-11-28T19:43:34Z,,,553,0,13,1270,2,1,0
practical-tutorials/project-based-learning,311,closed,2021-08-17T14:57:24Z,2022-01-28T10:56:20Z,,4,0,1,1344,1,1,0
practical-tutorials/project-based-learning,275,closed,2020-12-30T20:19:58Z,2021-08-27T09:06:43Z,2021-08-27T09:06:43Z,1,0,1,1456,1,1,0
practical-tutorials/project-based-learning,240,closed,2020-06-25T20:58:17Z,2021-08-27T08:41:13Z,,21,0,1,1318,3,1,0
facebook/react,34623,open,2025-09-27T15:08:25Z,,,31,1,2,2074,1,3,0
facebook/react,34655,closed,2025-09-30T09:19:21Z,2025-10-01T20:11:03Z,2025-10-01T20:11:03Z,88,0,2,344,1,5,0
facebook/react,34633,closed,2025-09-28T14:33:47Z,2025-10-01T16:22:31Z,2025-10-01T16:22:31Z,233,253,56,66,1,2,0
facebook/react,34665,closed,2025-10-01T12:01:58Z,2025-10-01T16:13:16Z,2025-10-01T16:13:15Z,25,17,4,204,3,3,0
facebook/react,34661,closed,2025-09-30T20:59:06Z,2025-10-01T15:32:35Z,2025-10-01T15:32:35Z,3,3,2,0,0,3,0
facebook/react,34659,closed,2025-09-30T20:26:43Z,2025-10-01T14:53:08Z,2025-10-01T14:53:08Z,29,25,2,598,1,3,0
facebook/react,34497,closed,2025-09-15T16:39:52Z,2025-09-30T20:44:22Z,2025-09-30T20:44:22Z,110,3,3,839,1,2,0
facebook/react,34648,closed,2025-09-29T15:44:43Z,2025-09-30T19:05:44Z,2025-09-30T19:05:44Z,53,10,2,474,1,2,0
facebook/react,34611,open,2025-09-26T15:45:12Z,,,378,339,8,1094,0,2,0
facebook/react,34650,closed,2025-09-29T18:34:42Z,2025-09-29T19:03:07Z,2025-09-29T19:03:07Z,8,2,1,148,1,4,0
facebook/react,34596,closed,2025-09-24T19:40:50Z,2025-09-29T18:40:34Z,2025-09-29T18:40:33Z,52,7,4,1985,0,1,0
facebook/react,34595,closed,2025-09-24T19:29:47Z,2025-09-29T18:09:37Z,2025-09-29T18:09:37Z,238,137,10,2091,1,2,0
facebook/react,32157,closed,2025-01-22T15:16:25Z,2025-01-22T15:39:00Z,2025-01-22T15:39:00Z,31,17,4,675,1,2,0
facebook/react,34638,open,2025-09-28T19:21:31Z,,,202,9,2,0,1,1,0
facebook/react,34591,closed,2025-09-24T18:06:00Z,2025-09-29T14:23:31Z,2025-09-29T14:23:31Z,2,2,1,46,0,1,0
facebook/react,34644,closed,2025-09-29T09:06:08Z,2025-09-29T13:15:09Z,2025-09-29T13:15:09Z,50,40,2,0,0,1,0
facebook/react,34627,closed,2025-09-27T20:56:53Z,2025-09-29T00:00:09Z,2025-09-29T00:00:09Z,151,57,4,899,0,3,0
facebook/react,34620,closed,2025-09-26T23:36:36Z,2025-09-28T23:14:29Z,2025-09-28T23:14:28Z,249,31,6,476,0,1,0
facebook/react,34619,closed,2025-09-26T20:25:38Z,2025-09-28T16:09:08Z,2025-09-28T16:09:08Z,1,1,1,641,0,4,0
facebook/react,27641,closed,2023-11-03T00:06:58Z,2023-11-07T18:16:33Z,2023-11-07T18:16:33Z,1148,123,18,2744,1,15,0
facebook/react,34605,closed,2025-09-26T04:28:15Z,2025-09-26T13:43:38Z,2025-09-26T13:43:38Z,92,20,4,475,0,1,0
facebook/react,34604,closed,2025-09-26T01:17:23Z,2025-09-26T03:44:14Z,2025-09-26T03:44:14Z,244,7,3,2066,1,1,0
facebook/react,34594,closed,2025-09-24T19:17:17Z,2025-09-25T18:56:41Z,2025-09-25T18:56:41Z,40,11,3,219,0,5,0
facebook/react,34552,closed,2025-09-22T01:52:04Z,2025-09-25T13:38:42Z,2025-09-25T13:38:42Z,87,13,7,1019,1,5,0
facebook/react,34524,closed,2025-09-18T08:58:09Z,2025-09-25T13:13:16Z,2025-09-25T13:13:16Z,341,113,5,1223,2,17,0
facebook/react,34567,closed,2025-09-23T17:36:43Z,2025-09-24T19:25:11Z,,184,97,7,2220,2,3,0
facebook/react,34586,closed,2025-09-24T15:56:57Z,2025-09-24T16:18:16Z,2025-09-24T16:18:16Z,60,33,3,239,0,1,0
facebook/react,34557,closed,2025-09-22T23:38:01Z,2025-09-24T00:47:18Z,,1002,9,24,369,0,10,0
facebook/react,34492,closed,2025-09-15T13:11:29Z,2025-09-23T20:56:09Z,2025-09-23T20:56:09Z,69,3,2,199,1,1,0
facebook/react,34564,closed,2025-09-23T10:47:21Z,2025-09-23T18:14:53Z,2025-09-23T18:14:53Z,45,74,4,420,0,2,0
facebook/react,34533,closed,2025-09-19T19:26:51Z,2025-09-23T14:56:43Z,2025-09-23T14:56:43Z,121,6,2,465,1,1,0
facebook/react,33680,closed,2025-07-01T13:34:04Z,2025-07-01T17:06:26Z,2025-07-01T17:06:26Z,48,41,9,476,2,3,0
facebook/react,32989,closed,2025-04-22T19:58:20Z,2025-04-24T11:46:32Z,2025-04-24T11:46:31Z,306,3,6,1277,2,7,0
TheAlgorithms/Python,13082,open,2025-10-02T04:54:27Z,,,55,0,1,1635,0,2,0
TheAlgorithms/Python,13063,open,2025-10-01T18:52:59Z,,,121,0,1,1988,0,3,0
TheAlgorithms/Python,13064,open,2025-10-01T18:53:44Z,,,451,0,1,1494,0,17,0
TheAlgorithms/Python,13013,open,2025-09-30T22:29:31Z,,,709,0,3,1737,0,2,0
TheAlgorithms/Python,13057,open,2025-10-01T16:58:26Z,,,50,0,1,1531,0,6,0
TheAlgorithms/Python,12992,open,2025-09-24T18:48:08Z,,,6,2,1,3024,1,2,0
TheAlgorithms/Python,13040,closed,2025-10-01T12:55:52Z,2025-10-01T14:10:59Z,,183,0,1,1746,0,15,0
TheAlgorithms/Python,13037,open,2025-10-01T12:00:08Z,,,94,0,1,1926,0,3,0
TheAlgorithms/Python,13022,open,2025-10-01T04:56:45Z,,,144,0,1,1565,0,3,0
TheAlgorithms/Python,13026,open,2025-10-01T05:55:51Z,,,84,0,1,1472,0,4,0
TheAlgorithms/Python,13020,open,2025-10-01T04:43:24Z,,,167,0,1,1489,0,6,0
TheAlgorithms/Python,13002,open,2025-09-27T16:25:09Z,,,40,0,1,2331,0,1,0
TheAlgorithms/Python,12643,closed,2025-03-28T03:26:13Z,2025-09-28T06:24:00Z,,57,0,2,1494,0,14,0
TheAlgorithms/Python,12825,closed,2025-07-05T10:44:32Z,2025-09-27T07:03:02Z,,887,716,1,1560,0,8,0
TheAlgorithms/Python,12981,closed,2025-09-19T13:43:56Z,2025-09-27T07:02:47Z,,102,6,1,2360,2,1,0
TheAlgorithms/Python,12940,open,2025-08-30T11:13:44Z,,,50,0,2,1537,2,5,0
TheAlgorithms/Python,11607,open,2024-10-01T08:02:40Z,,,371,0,2,1046,0,33,0
TheAlgorithms/Python,12975,closed,2025-09-17T13:55:54Z,2025-09-18T13:55:59Z,2025-09-18T13:55:59Z,32,12,1,1521,0,2,0
TheAlgorithms/Python,12945,closed,2025-09-01T21:23:27Z,2025-09-01T21:34:22Z,,26,15,1,1845,1,3,0
TheAlgorithms/Python,9366,closed,2023-10-02T05:20:08Z,2025-09-09T20:56:05Z,,73,0,1,1455,1,1,0
TheAlgorithms/Python,12960,open,2025-09-08T13:55:12Z,,,264,19,3,1813,0,6,0
TheAlgorithms/Python,12301,closed,2024-10-27T22:40:46Z,2025-08-31T00:10:39Z,,36,1,9,1478,3,4,0
TheAlgorithms/Python,12348,closed,2024-11-04T05:15:48Z,2025-08-30T22:03:20Z,,19,14,1,1494,1,2,0
TheAlgorithms/Python,10540,closed,2023-10-15T15:21:26Z,2025-08-29T23:17:31Z,2025-08-29T23:17:31Z,29,6,2,1432,0,8,0
TheAlgorithms/Python,12877,closed,2025-08-02T06:45:38Z,2025-08-29T16:33:43Z,2025-08-29T16:33:43Z,97,0,1,2444,8,4,0
TheAlgorithms/Python,12888,open,2025-08-10T01:16:55Z,,,592,0,1,124,1,37,0
TheAlgorithms/Python,12915,closed,2025-08-22T14:52:46Z,2025-08-28T16:21:34Z,,31,0,1,1637,1,2,0
TheAlgorithms/Python,9630,closed,2023-10-03T18:19:02Z,2025-08-27T20:41:04Z,2025-08-27T20:41:04Z,12,12,1,1455,1,8,0
TheAlgorithms/Python,9317,closed,2023-10-01T17:48:26Z,2025-08-27T19:02:14Z,2025-08-27T19:02:14Z,133,0,2,1611,0,17,0
TheAlgorithms/Python,9295,closed,2023-10-01T13:28:57Z,2025-08-26T22:10:22Z,2025-08-26T22:10:22Z,55,24,3,1349,1,4,0
TheAlgorithms/Python,9256,closed,2023-10-01T10:07:52Z,2025-08-26T18:42:14Z,2025-08-26T18:42:14Z,56,0,2,1386,4,4,0
TheAlgorithms/Python,12771,closed,2025-05-28T13:59:11Z,2025-08-26T18:17:19Z,2025-08-26T18:17:19Z,61,0,2,1575,0,6,0
TheAlgorithms/Python,12710,open,2025-05-07T19:10:45Z,,,42,12,8,1516,2,4,0
TheAlgorithms/Python,12861,closed,2025-07-26T20:58:25Z,2025-08-24T21:59:44Z,2025-08-24T21:59:44Z,12,10,1,1593,8,2,0
TheAlgorithms/Python,12342,closed,2024-10-31T14:20:04Z,2024-11-01T08:10:57Z,,195,0,2,0,1,32,0
vuejs/vue,11332,closed,2020-04-21T03:58:59Z,2025-07-29T22:39:53Z,,3,3,3,1301,6,1,0
vuejs/vue,13109,open,2023-11-01T08:43:52Z,,,23,1,3,2032,0,1,0
vuejs/vue,11111,open,2020-02-15T02:10:17Z,,,28,1,2,1315,4,8,0
vuejs/vue,11968,closed,2021-03-18T08:22:37Z,2024-12-16T11:38:57Z,,67,0,1,1436,0,1,0
vuejs/vue,12946,closed,2023-01-30T06:58:54Z,2023-12-06T15:17:57Z,,9,1,2,1290,3,1,0
vuejs/vue,11857,closed,2021-01-07T11:08:21Z,2024-08-13T08:23:05Z,,28,15,12,1317,6,4,0
vuejs/vue,13198,open,2024-07-09T04:22:02Z,,,25,0,2,1293,0,1,0
vuejs/vue,13021,closed,2023-05-20T15:31:39Z,2024-08-12T08:55:53Z,,1,1,1,1301,0,1,0
vuejs/vue,13192,closed,2024-06-14T10:31:23Z,2024-06-14T12:52:12Z,2024-06-14T12:52:12Z,1,1,1,1291,0,1,0
vuejs/vue,12403,closed,2021-12-28T18:15:57Z,2024-03-19T17:29:29Z,,17,28,3,2259,3,2,0
vuejs/vue,10491,closed,2019-09-06T14:44:33Z,2023-11-20T12:05:10Z,,402,8,6,4721,7,12,0
vuejs/vue,12874,open,2022-11-09T10:19:54Z,,,163,158,4,1240,4,2,0
vuejs/vue,12869,open,2022-11-06T15:53:37Z,,,427,518,21,1275,0,2,0
vuejs/vue,8157,closed,2018-05-09T16:23:09Z,2023-12-11T10:20:39Z,,15,17,3,1716,19,6,0
vuejs/vue,13107,closed,2023-10-24T22:55:38Z,2023-12-06T07:52:19Z,2023-12-06T07:52:19Z,4,3,1,1871,1,1,0
vuejs/vue,13053,closed,2023-07-19T17:06:06Z,2023-12-06T07:49:42Z,2023-12-06T07:49:42Z,7,1,2,2553,0,1,0
torvalds/linux,34,closed,2013-05-18T02:13:05Z,2025-09-22T18:18:50Z,,4,1,1,90,0,2,0
torvalds/linux,96,closed,2014-05-28T17:04:06Z,2025-09-22T18:18:09Z,,80,0,1,169,11,1,0
torvalds/linux,219,closed,2015-11-04T17:29:12Z,2025-09-22T18:15:42Z,,108363,6431,922,0,0,1,0
torvalds/linux,365,closed,2016-12-11T08:24:13Z,2025-09-22T18:14:37Z,,2,113,2,0,23,1,0
torvalds/linux,437,closed,2017-07-17T16:03:21Z,2025-09-22T18:14:04Z,,1,996,1,23,244,30,0
torvalds/linux,494,closed,2017-11-28T15:52:14Z,2025-09-22T18:10:24Z,,96,90,1,198,1,1,0
torvalds/linux,476,closed,2017-10-05T08:39:55Z,2025-09-22T18:10:18Z,,21886,15928,599,173,14,3,0
torvalds/linux,470,closed,2017-09-26T21:03:41Z,2025-09-22T18:10:17Z,,3,1,1,19,4,4,0
torvalds/linux,603,closed,2018-10-02T17:51:52Z,2025-09-22T18:03:18Z,,2,4,1,28,1,2,0
torvalds/linux,599,closed,2018-09-26T00:19:26Z,2025-09-22T18:03:17Z,,28,81,1,291,6,1,0
torvalds/linux,597,closed,2018-09-21T18:14:47Z,2025-09-22T18:03:16Z,,23,43,4,0,4,4,0
torvalds/linux,595,closed,2018-09-21T01:39:01Z,2025-09-22T18:03:16Z,,47,81,1,566,6,4,0
torvalds/linux,584,closed,2018-08-26T09:20:24Z,2025-09-22T18:03:10Z,,1,1,1,0,15,1,0
torvalds/linux,665,closed,2019-03-22T07:01:42Z,2025-09-22T18:02:39Z,,89,0,1,49,1,1,0
torvalds/linux,727,closed,2019-09-25T14:50:46Z,2025-09-22T18:00:38Z,,9,0,1,0,21,3,0
torvalds/linux,710,closed,2019-08-14T19:40:42Z,2025-09-22T18:00:33Z,,3,2357,1,0,2,5,0
ossu/computer-science,1301,closed,2025-01-12T03:33:36Z,2025-01-12T08:12:03Z,2025-01-12T08:12:03Z,19,12,1,173,0,3,0
ossu/computer-science,1292,closed,2024-12-26T05:51:49Z,2024-12-27T05:24:20Z,2024-12-27T05:24:20Z,18,39,3,276,0,2,0
ossu/computer-science,1212,closed,2024-02-17T06:24:47Z,2024-02-18T17:16:59Z,2024-02-18T17:16:58Z,8,21,1,1293,1,3,0
ossu/computer-science,1204,closed,2024-01-28T00:35:19Z,2024-01-28T04:26:18Z,2024-01-28T04:26:18Z,1,1,1,223,0,2,0
ossu/computer-science,1071,closed,2022-08-03T06:10:03Z,2022-08-23T23:16:16Z,2022-08-23T23:16:16Z,1,1,1,15,1,1,0
trekhleb/javascript-algorithms,2066,open,2025-08-04T08:46:59Z,,,80,1,1,753,0,1,0
trekhleb/javascript-algorithms,2074,open,2025-08-31T00:22:47Z,,,0,552,8,43,0,1,0
trekhleb/javascript-algorithms,2053,open,2025-05-24T11:14:50Z,,,90,1,5,593,1,2,0
trekhleb/javascript-algorithms,2042,open,2025-02-15T21:27:30Z,,,2,0,1,101,3,1,0
trekhleb/javascript-algorithms,1160,open,2024-08-15T12:25:31Z,,,42,0,2,139,0,1,0
trekhleb/javascript-algorithms,1460,open,2024-11-01T17:16:43Z,,,23,31,1,953,1,1,0
trekhleb/javascript-algorithms,1119,open,2024-03-24T17:45:31Z,,,164,0,3,585,1,1,0
trekhleb/javascript-algorithms,1065,closed,2023-08-27T05:09:48Z,2024-01-23T07:05:49Z,,1,1,1,122,1,3,0
trekhleb/javascript-algorithms,1062,open,2023-08-26T17:43:32Z,,,13,0,1,74,1,1,0
trekhleb/javascript-algorithms,1037,open,2023-05-08T20:26:29Z,,,2,2,2,267,1,1,0
trekhleb/javascript-algorithms,1055,open,2023-07-30T20:18:07Z,,,5,0,1,102,1,1,0
trekhleb/javascript-algorithms,1015,open,2023-04-05T04:44:19Z,,,1,1,1,0,0,1,0
trekhleb/javascript-algorithms,1019,closed,2023-04-07T17:29:11Z,2023-06-05T14:59:56Z,,0,1,1,33,0,2,0
trekhleb/javascript-algorithms,1031,open,2023-04-16T13:11:57Z,,,33,0,1,228,0,6,0
trekhleb/javascript-algorithms,1028,open,2023-04-09T06:49:22Z,,,21,0,1,0,0,1,0
trekhleb/javascript-algorithms,942,closed,2022-09-30T08:36:40Z,2022-09-30T09:21:22Z,,219,128,14,114,0,1,0
trekhleb/javascript-algorithms,919,closed,2022-08-08T13:19:48Z,2022-08-30T12:46:24Z,,36,1,3,78,0,2,0
trekhleb/javascript-algorithms,920,open,2022-08-08T13:19:59Z,,,169,4,5,98,0,2,0
trekhleb/javascript-algorithms,691,closed,2021-04-16T21:09:59Z,2022-09-13T18:21:29Z,,92,0,2,103,0,3,0
trekhleb/javascript-algorithms,843,closed,2022-01-22T16:47:27Z,2022-01-25T08:32:01Z,2022-01-25T08:32:01Z,25,0,2,61,0,1,0
tensorflow/tensorflow,99900,open,2025-09-08T13:59:27Z,,,137,32,10,740,3,8,0
tensorflow/tensorflow,100456,closed,2025-09-17T22:00:44Z,2025-10-01T13:33:37Z,,142,153,7,0,1,1,0
tensorflow/tensorflow,100869,open,2025-09-23T05:21:10Z,,,39,19,2,517,1,6,0
trimstray/the-book-of-secret-knowledge,493,open,2025-08-30T16:38:52Z,,,2,0,1,1115,3,2,0
trimstray/the-book-of-secret-knowledge,491,open,2025-08-08T20:17:42Z,,,1,0,1,242,2,11,0
trimstray/the-book-of-secret-knowledge,492,open,2025-08-23T11:44:54Z,,,1,1,1,170,0,1,0
trimstray/the-book-of-secret-knowledge,359,open,2022-04-29T15:28:53Z,,,1,1,1,66,26,23,0
trimstray/the-book-of-secret-knowledge,403,closed,2023-08-23T14:50:11Z,2025-09-18T05:06:57Z,,1,0,1,1336,7,2,0
trimstray/the-book-of-secret-knowledge,368,open,2022-07-20T14:34:37Z,,,1,0,1,40,2,4,0
trimstray/the-book-of-secret-knowledge,464,open,2025-02-27T15:13:02Z,,,23,0,1,225,5,4,0
trimstray/the-book-of-secret-knowledge,392,open,2023-02-27T16:27:06Z,,,1,0,1,55,7,4,0
trimstray/the-book-of-secret-knowledge,450,open,2024-12-06T03:36:42Z,,,1,0,1,84,5,1,0
trimstray/the-book-of-secret-knowledge,475,open,2025-05-17T22:41:54Z,,,21,0,1,0,12,5,0
trimstray/the-book-of-secret-knowledge,489,closed,2025-07-29T16:30:22Z,2025-08-31T07:22:36Z,,1,1,1,49,0,2,0
trimstray/the-book-of-secret-knowledge,353,closed,2022-02-28T17:27:53Z,2022-02-28T20:34:27Z,2022-02-28T20:34:27Z,18,4,1,78,6,40,0
trimstray/the-book-of-secret-knowledge,483,open,2025-07-11T11:23:32Z,,,4,2,1,222,0,4,0
trimstray/the-book-of-secret-knowledge,364,open,2022-06-17T18:01:00Z,,,21,0,1,31,7,3,0
trimstray/the-book-of-secret-knowledge,478,open,2025-05-30T09:53:48Z,,,1,0,1,78,2,1,0
trimstray/the-book-of-secret-knowledge,442,open,2024-08-03T12:56:10Z,,,1,0,1,38,8,5,0
trimstray/the-book-of-secret-knowledge,468,open,2025-04-10T11:58:22Z,,,34,0,3,52,1,1,0
trimstray/the-book-of-secret-knowledge,424,open,2024-04-03T13:56:11Z,,,1,0,1,0,1,1,0
trimstray/the-book-of-secret-knowledge,481,open,2025-06-11T11:48:09Z,,,1,0,1,37,0,1,0
trimstray/the-book-of-secret-knowledge,272,open,2021-11-14T04:00:59Z,,,415,415,1,0,8,27,0
trimstray/the-book-of-secret-knowledge,436,open,2024-06-19T21:15:37Z,,,21,0,1,43,9,10,0
trimstray/the-book-of-secret-knowledge,431,closed,2024-05-25T11:36:08Z,2025-05-24T12:43:10Z,,1,1,1,180,7,8,0
trimstray/the-book-of-secret-knowledge,471,open,2025-05-04T23:23:58Z,,,4,0,1,0,1,1,0
trimstray/the-book-of-secret-knowledge,370,open,2022-08-25T10:38:45Z,,,2,0,1,0,2,1,0
trimstray/the-book-of-secret-knowledge,401,open,2023-07-28T16:03:20Z,,,1,0,1,102,0,5,0
trimstray/the-book-of-secret-knowledge,457,open,2025-01-23T17:50:52Z,,,4,1,2,593,5,7,0
trimstray/the-book-of-secret-knowledge,462,open,2025-02-19T13:02:56Z,,,6,2,1,9,15,2,0
trimstray/the-book-of-secret-knowledge,466,open,2025-03-18T14:44:37Z,,,1,0,1,0,0,1,0
trimstray/the-book-of-secret-knowledge,146,closed,2020-01-25T13:09:17Z,2020-01-25T15:06:10Z,2020-01-25T15:06:10Z,1,2,1,62,3,3,0
trimstray/the-book-of-secret-knowledge,428,open,2024-05-03T10:33:01Z,,,0,1,1,231,2,1,0
trimstray/the-book-of-secret-knowledge,413,open,2024-01-03T06:18:34Z,,,5,1,1,86,3,8,0
trimstray/the-book-of-secret-knowledge,396,open,2023-04-13T07:52:11Z,,,3,0,1,1025,1,10,0
trimstray/the-book-of-secret-knowledge,398,open,2023-05-17T19:57:08Z,,,10,0,1,127,9,9,0
trimstray/the-book-of-secret-knowledge,391,open,2023-02-23T02:07:39Z,,,1,1,1,0,3,10,0
trimstray/the-book-of-secret-knowledge,426,open,2024-04-29T07:21:42Z,,,1,1,1,74,0,1,0
trimstray/the-book-of-secret-knowledge,250,closed,2021-10-20T10:37:08Z,2022-02-23T19:01:08Z,2022-02-23T19:01:08Z,1,0,1,70,1,1,0
trimstray/the-book-of-secret-knowledge,174,closed,2020-05-29T23:11:38Z,2020-06-03T10:07:55Z,2020-06-03T10:07:54Z,1,1,1,0,44,4,0
trimstray/the-book-of-secret-knowledge,234,closed,2021-09-20T22:35:50Z,2022-02-23T18:54:26Z,2022-02-23T18:54:26Z,1,0,1,398,3,1,0
trimstray/the-book-of-secret-knowledge,467,closed,2025-03-26T14:39:51Z,2025-04-10T07:03:44Z,,22,0,1,11,1,5,0
trimstray/the-book-of-secret-knowledge,423,closed,2024-03-27T22:34:53Z,2025-04-06T17:21:52Z,,43,0,1,383,10,5,0
trimstray/the-book-of-secret-knowledge,409,open,2023-12-17T00:11:14Z,,,1,0,1,57,0,2,0
trimstray/the-book-of-secret-knowledge,237,closed,2021-10-02T03:07:18Z,2022-02-23T18:55:27Z,2022-02-23T18:55:27Z,1,0,1,98,0,1,0
trimstray/the-book-of-secret-knowledge,406,open,2023-10-22T02:59:44Z,,,1,0,1,0,0,1,0
trimstray/the-book-of-secret-knowledge,377,open,2022-10-28T01:34:50Z,,,1,1,1,31,1,2,0
trimstray/the-book-of-secret-knowledge,416,open,2024-01-31T16:42:29Z,,,0,1,1,464,3,1,0
trimstray/the-book-of-secret-knowledge,381,open,2022-12-13T22:32:03Z,,,32,1,1,0,2,2,0
trimstray/the-book-of-secret-knowledge,378,open,2022-10-28T10:30:23Z,,,1,0,1,68,7,3,0
trimstray/the-book-of-secret-knowledge,195,closed,2021-01-22T13:30:34Z,2021-05-13T16:38:30Z,2021-05-13T16:38:30Z,1,0,1,104,0,3,0
trimstray/the-book-of-secret-knowledge,355,open,2022-03-18T23:40:58Z,,,0,6,1,63,0,1,0
trimstray/the-book-of-secret-knowledge,448,open,2024-10-29T02:18:24Z,,,1,0,1,402,4,5,0
trimstray/the-book-of-secret-knowledge,445,open,2024-08-21T00:15:06Z,,,1,0,1,0,4,2,0
trimstray/the-book-of-secret-knowledge,1,closed,2018-07-13T23:43:59Z,2018-08-04T10:37:18Z,,1,1,1,33,1,1,0
getify/You-Dont-Know-JS,1020,closed,2017-04-29T16:03:36Z,2025-09-03T19:12:48Z,,3,3,1,69,0,1,0
getify/You-Dont-Know-JS,1789,closed,2022-03-23T11:00:21Z,2025-09-03T19:12:30Z,,1,1,1,573,0,1,0
getify/You-Dont-Know-JS,1741,closed,2021-06-10T02:59:28Z,2025-09-03T19:12:28Z,,1,1,1,838,1,1,0
getify/You-Dont-Know-JS,1691,closed,2020-08-29T15:44:26Z,2025-09-03T19:12:26Z,,1,1,1,814,0,1,0
getify/You-Dont-Know-JS,1473,closed,2019-05-31T00:25:04Z,2025-09-03T19:12:24Z,,1,1,1,751,0,1,0
getify/You-Dont-Know-JS,1382,closed,2018-11-20T14:10:34Z,2025-09-03T19:12:23Z,,1,3,1,122,3,1,0
getify/You-Dont-Know-JS,1189,closed,2017-11-20T08:02:09Z,2019-08-28T16:26:53Z,,10,10,4,2,1,7,0
CyC2018/CS-Notes,1000,closed,2020-10-28T15:08:39Z,2020-11-01T14:30:52Z,,11,17,1,0,1,2,0
CyC2018/CS-Notes,937,open,2020-05-13T01:11:11Z,,,14,2,3,7,1,1,0
CyC2018/CS-Notes,617,closed,2019-03-18T12:45:55Z,2019-06-19T02:53:36Z,2019-06-19T02:53:36Z,3,2,1,0,0,1,0
CyC2018/CS-Notes,602,closed,2019-03-10T13:48:23Z,2019-05-14T16:08:25Z,,26,6,1,0,0,1,0
ohmyzsh/ohmyzsh,13345,open,2025-10-01T10:05:28Z,,,908,0,3,1785,0,1,0
ohmyzsh/ohmyzsh,13327,closed,2025-09-22T23:03:49Z,2025-09-23T09:57:21Z,2025-09-23T09:57:21Z,4,0,1,961,1,1,0
ohmyzsh/ohmyzsh,13212,closed,2025-07-13T15:06:22Z,2025-08-26T03:13:21Z,2025-08-26T03:13:21Z,12,2,1,953,4,2,0
ohmyzsh/ohmyzsh,13168,closed,2025-06-15T08:12:27Z,2025-09-01T18:36:38Z,,834,0,4,3495,4,1,0
ohmyzsh/ohmyzsh,12980,closed,2025-02-16T10:20:08Z,2025-08-26T02:51:01Z,2025-08-26T02:51:01Z,13,19,1,2534,3,3,0
ohmyzsh/ohmyzsh,13077,closed,2025-04-21T20:04:52Z,2025-07-21T17:10:49Z,,895,0,2,819,1,1,0
ohmyzsh/ohmyzsh,13033,open,2025-03-24T08:40:02Z,,,6,0,2,765,4,3,0
ohmyzsh/ohmyzsh,13179,open,2025-06-20T07:27:05Z,,,33,0,2,1202,5,9,0
ohmyzsh/ohmyzsh,13275,closed,2025-08-19T08:56:42Z,2025-08-19T10:46:13Z,2025-08-19T10:46:13Z,24,19,1,765,0,3,0
ohmyzsh/ohmyzsh,12689,closed,2024-09-23T08:37:00Z,2025-07-21T21:09:16Z,,6,0,2,925,4,1,0
ohmyzsh/ohmyzsh,13043,closed,2025-03-30T14:18:52Z,2025-07-21T16:58:10Z,2025-07-21T16:58:10Z,10,4,2,2384,1,1,0
ohmyzsh/ohmyzsh,13189,closed,2025-06-27T15:32:24Z,2025-07-18T10:44:06Z,2025-07-18T10:44:06Z,9,2,1,1360,3,1,0
ohmyzsh/ohmyzsh,13185,closed,2025-06-25T12:13:09Z,2025-06-25T19:33:18Z,2025-06-25T19:33:17Z,16,1,1,837,1,2,0
ohmyzsh/ohmyzsh,13011,closed,2025-03-11T22:23:42Z,2025-07-05T11:38:42Z,,21,3,2,849,1,2,0
ohmyzsh/ohmyzsh,12244,open,2024-02-28T10:35:14Z,,,72,0,2,807,0,5,0
ohmyzsh/ohmyzsh,13128,closed,2025-05-20T19:44:29Z,2025-05-24T10:44:24Z,2025-05-24T10:44:24Z,20,3,1,953,1,2,0
ohmyzsh/ohmyzsh,13121,closed,2025-05-18T13:47:59Z,2025-05-18T17:14:44Z,2025-05-18T17:14:44Z,1,1,1,1271,0,1,0
ohmyzsh/ohmyzsh,13087,open,2025-04-24T20:48:18Z,,,8,1,1,727,0,1,0
ohmyzsh/ohmyzsh,12897,closed,2025-01-09T17:17:19Z,2025-04-19T18:19:24Z,2025-04-19T18:19:23Z,4,4,1,796,1,3,0
Significant-Gravitas/AutoGPT,11031,closed,2025-10-02T02:54:32Z,2025-10-02T03:30:39Z,2025-10-02T03:30:38Z,31,24,2,392,5,2,0
Significant-Gravitas/AutoGPT,10979,open,2025-09-24T14:24:54Z,,,1235,161,14,1584,8,10,0
Significant-Gravitas/AutoGPT,11028,closed,2025-10-01T02:50:21Z,2025-10-02T01:37:55Z,2025-10-02T01:37:55Z,104,41,5,4456,10,12,0
Significant-Gravitas/AutoGPT,11003,open,2025-09-26T09:06:56Z,,,181,4,3,2816,16,7,0
Significant-Gravitas/AutoGPT,10905,open,2025-09-11T13:49:29Z,,,10952,55,55,1352,13,3,0
Significant-Gravitas/AutoGPT,10817,closed,2025-09-02T13:59:48Z,2025-10-01T12:56:52Z,,864,16,8,1024,6,5,0
Significant-Gravitas/AutoGPT,10856,closed,2025-09-05T17:23:38Z,2025-10-01T12:56:27Z,,893,1909,35,1970,5,4,0
Significant-Gravitas/AutoGPT,10878,closed,2025-09-09T09:29:38Z,2025-10-01T12:56:15Z,,3679,710,71,3130,16,4,0
Significant-Gravitas/AutoGPT,11019,open,2025-09-30T13:54:27Z,,,181,198,2,940,25,14,0
Significant-Gravitas/AutoGPT,11017,closed,2025-09-30T11:35:04Z,2025-10-01T10:48:51Z,2025-10-01T10:48:51Z,122,34,1,383,8,8,0
Significant-Gravitas/AutoGPT,10996,closed,2025-09-25T20:50:58Z,2025-10-01T05:17:46Z,2025-10-01T05:17:46Z,293,0,2,7277,23,7,0
Significant-Gravitas/AutoGPT,10862,closed,2025-09-07T17:51:58Z,2025-10-01T03:11:42Z,2025-10-01T03:11:42Z,89,5,6,1032,11,14,0
Significant-Gravitas/AutoGPT,11026,closed,2025-10-01T02:27:51Z,2025-10-01T02:31:41Z,,0,0,0,3432,4,1,0
Significant-Gravitas/AutoGPT,10977,closed,2025-09-24T03:10:10Z,2025-10-01T01:40:44Z,2025-10-01T01:40:44Z,498,179,18,479,10,1,0
Significant-Gravitas/AutoGPT,10809,open,2025-09-02T06:10:37Z,,,93,73,9,3712,15,5,0
Significant-Gravitas/AutoGPT,10829,closed,2025-09-03T02:59:41Z,2025-09-30T20:00:57Z,2025-09-30T20:00:57Z,583,0,7,3504,19,12,0
Significant-Gravitas/AutoGPT,10798,open,2025-09-01T13:16:47Z,,,1730,1292,12,5705,15,1,0
Significant-Gravitas/AutoGPT,10956,open,2025-09-18T19:20:04Z,,,6,2,1,3346,16,3,0
Significant-Gravitas/AutoGPT,11000,closed,2025-09-26T06:46:44Z,2025-09-29T05:44:07Z,2025-09-29T05:44:06Z,648,401,27,5161,28,12,0
Significant-Gravitas/AutoGPT,11008,closed,2025-09-27T06:01:54Z,2025-09-27T11:42:41Z,2025-09-27T11:42:41Z,717,32,4,2491,8,1,0
Significant-Gravitas/AutoGPT,10995,closed,2025-09-25T20:13:31Z,2025-09-25T20:22:11Z,2025-09-25T20:22:11Z,94,73,2,1621,3,2,0
Significant-Gravitas/AutoGPT,10994,closed,2025-09-25T19:49:19Z,2025-09-25T20:13:09Z,,94,73,4,1621,15,2,0
Significant-Gravitas/AutoGPT,10991,closed,2025-09-25T15:06:11Z,2025-09-25T19:48:10Z,,94,73,2,1585,10,1,0
Significant-Gravitas/AutoGPT,10960,closed,2025-09-21T17:55:46Z,2025-09-25T17:54:03Z,2025-09-25T17:54:03Z,247,93,4,1167,15,19,0
Significant-Gravitas/AutoGPT,10955,closed,2025-09-18T15:53:56Z,2025-09-25T12:16:16Z,2025-09-25T12:16:16Z,15,4,4,596,4,2,0
Significant-Gravitas/AutoGPT,10978,closed,2025-09-24T03:23:32Z,2025-09-25T05:51:55Z,2025-09-25T05:51:55Z,3373,3351,27,5366,7,1,0
Significant-Gravitas/AutoGPT,10976,closed,2025-09-23T21:26:24Z,2025-09-24T21:18:03Z,2025-09-24T21:18:03Z,150,37,2,2547,9,9,0
Significant-Gravitas/AutoGPT,10975,closed,2025-09-23T15:34:37Z,2025-09-24T10:13:33Z,2025-09-24T10:13:33Z,602,35,4,2724,7,14,0
Significant-Gravitas/AutoGPT,10826,open,2025-09-02T18:47:20Z,,,3026,0,23,1626,8,2,0
Significant-Gravitas/AutoGPT,10771,open,2025-08-28T18:29:11Z,,,5210,1162,99,2723,8,2,0
Significant-Gravitas/AutoGPT,10655,open,2025-08-15T16:59:20Z,,,6,2,1,1440,7,1,0
Significant-Gravitas/AutoGPT,10226,open,2025-06-24T20:34:08Z,,,74,43,7,358,6,2,0
Significant-Gravitas/AutoGPT,10153,open,2025-06-12T17:39:52Z,,,346,0,5,2194,11,5,0
Significant-Gravitas/AutoGPT,9961,open,2025-05-17T20:03:58Z,,,58,0,2,196,4,3,0
Significant-Gravitas/AutoGPT,9960,open,2025-05-17T19:12:03Z,,,8,23,1,252,4,2,0
Significant-Gravitas/AutoGPT,9958,open,2025-05-17T12:35:04Z,,,44,5,3,679,14,2,0
Significant-Gravitas/AutoGPT,9956,open,2025-05-16T18:39:56Z,,,4985,1067,104,5564,67,87,0
Significant-Gravitas/AutoGPT,9593,open,2025-03-06T16:53:47Z,,,78,34,4,1557,14,2,0
Significant-Gravitas/AutoGPT,10757,open,2025-08-27T14:00:12Z,,,157,0,1,1573,4,1,0
microsoft/vscode,269483,open,2025-10-02T06:38:26Z,,,8,3,1,344,0,1,0
microsoft/vscode,269453,open,2025-10-01T23:47:56Z,,,2,2,1,567,0,1,0
microsoft/vscode,268892,closed,2025-09-29T16:02:13Z,2025-10-02T04:20:52Z,2025-10-02T04:20:51Z,101,20,6,4602,0,2,0
microsoft/vscode,265441,closed,2025-09-06T01:19:04Z,2025-10-01T20:26:47Z,2025-10-01T20:26:47Z,105,12,4,2638,1,3,0
microsoft/vscode,269458,closed,2025-10-02T00:27:38Z,2025-10-02T02:36:47Z,2025-10-02T02:36:47Z,17,0,2,351,0,2,0
microsoft/vscode,269447,closed,2025-10-01T22:38:13Z,2025-10-02T00:27:45Z,2025-10-02T00:27:45Z,31,19,1,412,1,3,0
microsoft/vscode,269385,closed,2025-10-01T16:35:48Z,2025-10-01T17:00:47Z,2025-10-01T17:00:47Z,63,27,3,27,0,1,0
microsoft/vscode,260688,closed,2025-08-08T23:05:04Z,2025-08-17T03:55:06Z,2025-08-17T03:55:06Z,137,66,3,2729,3,6,0
microsoft/vscode,269136,closed,2025-09-30T17:10:09Z,2025-10-01T22:40:02Z,2025-10-01T22:40:02Z,107,16,2,248,1,8,0
microsoft/vscode,269437,open,2025-10-01T21:32:05Z,,,127,31,7,450,0,2,0
microsoft/vscode,269433,open,2025-10-01T21:17:20Z,,,82,0,2,1189,0,3,0
microsoft/vscode,269426,closed,2025-10-01T20:25:02Z,2025-10-01T21:25:59Z,2025-10-01T21:25:59Z,4,0,1,179,0,1,0
microsoft/vscode,269195,open,2025-09-30T19:38:44Z,,,206,24,3,9793,0,3,0
microsoft/vscode,269067,open,2025-09-30T11:57:29Z,,,4,1,1,3062,0,2,0
microsoft/vscode,269405,closed,2025-10-01T18:04:20Z,2025-10-01T18:15:57Z,2025-10-01T18:15:57Z,7,7,1,11,0,3,0
microsoft/vscode,269401,closed,2025-10-01T17:39:53Z,2025-10-01T18:14:00Z,2025-10-01T18:14:00Z,14,13,3,233,0,4,0
microsoft/vscode,269393,closed,2025-10-01T17:14:21Z,2025-10-01T17:26:23Z,2025-10-01T17:26:23Z,3,0,1,360,0,1,0
microsoft/vscode,269361,closed,2025-10-01T15:07:31Z,2025-10-01T15:36:12Z,2025-10-01T15:36:12Z,3,2,1,55,0,1,0
microsoft/vscode,269390,closed,2025-10-01T17:01:50Z,2025-10-01T17:15:31Z,2025-10-01T17:15:31Z,116,8,2,55,0,2,0
microsoft/vscode,269389,closed,2025-10-01T16:58:12Z,2025-10-01T17:10:11Z,2025-10-01T17:10:11Z,2,2,1,344,0,1,0
microsoft/vscode,269143,closed,2025-09-30T17:14:32Z,2025-10-01T17:01:14Z,2025-10-01T17:01:14Z,14,13,1,2706,0,2,0
microsoft/vscode,269374,open,2025-10-01T15:55:29Z,,,2,2,1,15,0,2,0
microsoft/vscode,269363,closed,2025-10-01T15:19:06Z,2025-10-01T16:05:09Z,2025-10-01T16:05:09Z,9,9,1,105,0,2,0
microsoft/vscode,269137,closed,2025-09-30T17:10:36Z,2025-10-01T16:01:58Z,2025-10-01T16:01:58Z,14,5,1,2915,1,2,0
microsoft/vscode,269146,closed,2025-09-30T17:16:40Z,2025-10-01T15:37:21Z,2025-10-01T15:37:21Z,25,9,4,3228,1,1,0
microsoft/vscode,269144,closed,2025-09-30T17:15:15Z,2025-10-01T15:33:17Z,2025-10-01T15:33:17Z,6,4,2,2625,0,1,0
microsoft/vscode,269362,closed,2025-10-01T15:08:02Z,2025-10-01T15:29:07Z,2025-10-01T15:29:07Z,3,3,2,425,0,1,0
microsoft/vscode,269347,closed,2025-10-01T13:22:41Z,2025-10-01T14:55:05Z,2025-10-01T14:55:05Z,13,16,5,55,0,1,0
microsoft/vscode,269358,closed,2025-10-01T14:37:16Z,2025-10-01T14:49:57Z,2025-10-01T14:49:57Z,200,40,2,224,0,2,0
microsoft/vscode,262233,open,2025-08-18T23:44:39Z,,,155,0,2,3663,0,10,0
microsoft/vscode,262262,open,2025-08-19T05:37:00Z,,,68,0,7,367,3,6,0
microsoft/vscode,269354,closed,2025-10-01T14:22:24Z,2025-10-01T14:34:12Z,2025-10-01T14:34:11Z,1,1,1,20,0,1,0
microsoft/vscode,269348,closed,2025-10-01T13:32:46Z,2025-10-01T13:44:51Z,2025-10-01T13:44:51Z,8,0,1,411,0,2,0
microsoft/vscode,264546,open,2025-09-02T12:56:49Z,,,98,21,4,1357,15,9,0
microsoft/vscode,269297,closed,2025-10-01T08:50:54Z,2025-10-01T11:34:43Z,2025-10-01T11:34:43Z,4,2,1,11,0,1,0
microsoft/vscode,269304,closed,2025-10-01T09:13:47Z,2025-10-01T11:29:37Z,2025-10-01T11:29:37Z,52,3,1,11,0,3,0
microsoft/vscode,269293,closed,2025-10-01T08:23:19Z,2025-10-01T11:13:11Z,2025-10-01T11:13:11Z,6,2,1,344,0,2,0
microsoft/vscode,269292,closed,2025-10-01T08:17:40Z,2025-10-01T11:06:48Z,2025-10-01T11:06:48Z,10,2,1,344,0,1,0
microsoft/vscode,269305,closed,2025-10-01T09:19:29Z,2025-10-01T10:58:54Z,2025-10-01T10:58:54Z,209,149,13,333,0,1,0
microsoft/vscode,269315,closed,2025-10-01T10:00:00Z,2025-10-01T10:18:47Z,2025-10-01T10:18:47Z,11,8,1,11,0,2,0
microsoft/vscode,269311,closed,2025-10-01T09:48:53Z,2025-10-01T10:00:35Z,2025-10-01T10:00:35Z,7,0,1,152,0,1,0
microsoft/vscode,267557,closed,2025-09-20T02:19:32Z,2025-10-01T09:54:05Z,2025-10-01T09:54:05Z,3,7,1,397,0,2,0
microsoft/vscode,269291,closed,2025-10-01T08:13:09Z,2025-10-01T09:11:45Z,2025-10-01T09:11:45Z,46,1,1,0,0,3,0
twbs/bootstrap,41776,open,2025-09-28T04:25:45Z,,,406,326,7,3402,2,2,0
twbs/bootstrap,41766,open,2025-09-24T16:13:02Z,,,373,512,20,527,0,2,0
twbs/bootstrap,37499,open,2022-11-16T09:41:01Z,,,82,0,3,933,4,5,0
twbs/bootstrap,41726,open,2025-09-05T21:05:16Z,,,34,4,3,1893,0,3,0
twbs/bootstrap,35151,open,2021-10-09T14:46:17Z,,,127,12,2,637,9,1,0
twbs/bootstrap,41711,open,2025-08-31T08:48:59Z,,,98,0,2,2571,0,4,0
twbs/bootstrap,41512,closed,2025-06-02T18:47:07Z,2025-08-28T04:14:59Z,2025-08-28T04:14:59Z,3078,1916,133,1924,5,9,0
twbs/bootstrap,39483,open,2023-12-11T22:33:32Z,,,5,3,2,1284,6,7,0
twbs/bootstrap,41682,closed,2025-08-27T04:31:28Z,2025-08-27T05:31:12Z,2025-08-27T05:31:12Z,789,3466,74,78,3,1,0
twbs/bootstrap,41583,closed,2025-07-01T21:45:05Z,2025-08-22T04:02:49Z,2025-08-22T04:02:49Z,33,19,4,2368,4,4,0
twbs/bootstrap,39513,open,2023-12-19T16:34:13Z,,,46,7,2,1359,6,6,0
twbs/bootstrap,41482,closed,2025-05-22T13:29:48Z,2025-05-23T07:47:55Z,2025-05-23T07:47:55Z,6,1,2,1458,0,2,0
twbs/bootstrap,41112,closed,2024-12-19T07:43:16Z,2025-07-05T10:58:47Z,,361,143,9,4564,4,4,0
twbs/bootstrap,39593,open,2024-01-22T05:51:07Z,,,9,1,1,1517,0,2,0
twbs/bootstrap,35010,closed,2021-09-18T11:35:12Z,2025-06-19T04:55:53Z,,24,6,1,3354,15,6,0
twbs/bootstrap,41545,closed,2025-06-13T20:53:20Z,2025-06-16T21:56:16Z,2025-06-16T21:56:16Z,6,6,5,146,3,1,0
twbs/bootstrap,41516,closed,2025-06-03T22:32:13Z,2025-06-09T12:18:43Z,2025-06-09T12:18:43Z,21,0,1,28,0,1,0
twbs/bootstrap,41491,open,2025-05-23T22:32:42Z,,,22,2,2,116,1,1,0
twbs/bootstrap,41511,closed,2025-06-01T18:30:42Z,2025-06-03T19:19:24Z,2025-06-03T19:19:24Z,26,1,2,2431,2,2,0
twbs/bootstrap,41452,closed,2025-05-07T16:15:31Z,2025-05-29T18:46:23Z,,19,8,4,2011,4,1,0
twbs/bootstrap,41483,closed,2025-05-22T13:33:03Z,2025-05-23T09:06:19Z,2025-05-23T09:06:18Z,2,2,1,1253,0,5,0
twbs/bootstrap,41434,closed,2025-05-04T17:13:13Z,2025-05-22T19:48:52Z,2025-05-22T19:48:52Z,18,13,4,692,0,3,0
twbs/bootstrap,41447,open,2025-05-06T21:34:38Z,,,12,1,3,999,2,3,0
twbs/bootstrap,41435,closed,2025-05-05T18:52:05Z,2025-05-05T19:07:30Z,2025-05-05T19:07:30Z,169,0,1,185,0,1,0
twbs/bootstrap,41404,open,2025-04-23T03:01:11Z,,,13,39,3,430,0,1,0
flutter/flutter,172997,open,2025-07-30T20:31:18Z,,,294,36,4,3078,2,36,0
flutter/flutter,176255,open,2025-09-30T04:02:26Z,,,17,6,2,466,4,4,0
flutter/flutter,176386,open,2025-10-02T03:48:45Z,,,5,5,2,2842,0,1,0
flutter/flutter,176380,open,2025-10-02T02:35:34Z,,,2,2,1,60,1,1,0
flutter/flutter,174169,open,2025-08-20T23:26:54Z,,,862,104,85,100,2,3,0
flutter/flutter,172915,open,2025-07-29T19:41:26Z,,,753,54,13,1912,1,46,0
flutter/flutter,175560,open,2025-09-18T01:31:53Z,,,219,137,5,926,0,6,0
flutter/flutter,171348,open,2025-06-29T03:08:23Z,,,434,13,2,781,6,19,0
flutter/flutter,176305,open,2025-09-30T18:25:12Z,,,422,15,13,2756,0,8,0
flutter/flutter,175659,open,2025-09-19T15:52:34Z,,,450,219,24,4276,1,27,0
flutter/flutter,176303,open,2025-09-30T18:13:52Z,,,590,140,13,2740,0,14,0
flutter/flutter,176256,open,2025-09-30T04:07:16Z,,,23,16,2,36,2,4,0
flutter/flutter,176373,open,2025-10-01T20:20:26Z,,,55,1,2,2606,1,1,0
flutter/flutter,176289,closed,2025-09-30T15:25:39Z,2025-10-01T23:52:12Z,2025-10-01T23:52:12Z,356,15,13,312,2,15,0
flutter/flutter,176364,open,2025-10-01T17:49:00Z,,,77,285,12,1056,1,9,0
flutter/flutter,176329,open,2025-10-01T02:31:34Z,,,4,1,1,3747,1,1,0
flutter/flutter,176214,open,2025-09-29T17:11:55Z,,,137,136,3,2646,1,1,0
flutter/flutter,175771,open,2025-09-22T15:10:05Z,,,297,167,17,223,1,8,0
flutter/flutter,176107,closed,2025-09-26T18:02:28Z,2025-10-01T23:26:55Z,2025-10-01T23:26:55Z,114,36,11,2812,4,2,0
flutter/flutter,176312,open,2025-09-30T21:13:04Z,,,55,11,3,903,0,8,0
flutter/flutter,176322,open,2025-09-30T23:11:36Z,,,126,85,6,309,0,1,0
flutter/flutter,176375,open,2025-10-01T22:25:31Z,,,41,1,2,2976,0,2,0
flutter/flutter,176309,open,2025-09-30T20:36:21Z,,,1460,214,25,1370,0,21,0
flutter/flutter,173609,open,2025-08-12T07:54:53Z,,,227,1906,20,890,7,23,0
flutter/flutter,176235,open,2025-09-29T21:21:55Z,,,32,0,2,3548,1,4,0
flutter/flutter,176321,open,2025-09-30T22:21:51Z,,,191,54,3,727,3,1,0
flutter/flutter,175810,open,2025-09-22T21:36:16Z,,,165,148,3,1077,2,5,0
flutter/flutter,175551,open,2025-09-17T22:15:05Z,,,129,10,14,3705,4,3,0
flutter/flutter,169715,open,2025-05-29T23:21:55Z,,,115,11,13,2289,22,19,0
flutter/flutter,175881,closed,2025-09-23T20:03:17Z,2025-10-01T20:52:43Z,2025-10-01T20:52:43Z,70,26,2,445,2,1,0
flutter/flutter,175035,open,2025-09-07T07:54:54Z,,,36,0,1,1392,4,3,0
flutter/flutter,176217,open,2025-09-29T17:58:41Z,,,40,7,1,2392,3,2,0
flutter/flutter,172948,closed,2025-07-30T04:36:41Z,2025-10-01T20:15:23Z,2025-10-01T20:15:23Z,11,0,1,108,2,4,0
flutter/flutter,173754,closed,2025-08-14T04:04:23Z,2025-10-01T20:15:22Z,2025-10-01T20:15:22Z,17,2,2,117,1,3,0
flutter/flutter,173993,open,2025-08-18T20:15:55Z,,,99,88,8,2651,0,5,0
flutter/flutter,176010,open,2025-09-25T12:02:17Z,,,99,6,2,3754,6,6,0
flutter/flutter,176330,closed,2025-10-01T02:35:38Z,2025-10-01T19:44:33Z,2025-10-01T19:44:33Z,36,42,9,2062,0,1,0
flutter/flutter,176270,closed,2025-09-30T10:07:20Z,2025-10-01T19:41:57Z,2025-10-01T19:41:57Z,25,28,6,2804,0,6,0
flutter/flutter,171796,open,2025-07-08T18:32:24Z,,,1046,174,50,3050,3,8,0
flutter/flutter,175303,open,2025-09-13T06:53:11Z,,,549,3,4,9403,4,5,0
flutter/flutter,173418,closed,2025-08-07T16:02:10Z,2025-10-01T19:16:39Z,,46,1,2,995,3,4,0
flutter/flutter,175156,open,2025-09-10T06:36:15Z,,,81,0,2,2460,0,4,0
flutter/flutter,173151,open,2025-08-02T04:04:44Z,,,17,0,1,112,3,5,0
flutter/flutter,176116,open,2025-09-26T20:02:27Z,,,26,0,1,106,0,2,0
flutter/flutter,167119,open,2025-04-14T16:38:08Z,,,956,53,5,2640,11,73,0
flutter/flutter,172837,open,2025-07-28T05:31:42Z,,,302,10,4,789,4,16,0
flutter/flutter,173706,open,2025-08-13T11:46:32Z,,,35,2,2,2526,16,2,0
flutter/flutter,173964,open,2025-08-18T15:22:17Z,,,18,0,1,132,2,2,0
flutter/flutter,175574,open,2025-09-18T08:34:24Z,,,21,42,2,2518,0,10,0
flutter/flutter,175092,closed,2025-09-08T21:13:29Z,2025-10-01T18:12:47Z,,30,5,1,2657,5,4,0
flutter/flutter,174432,closed,2025-08-26T10:33:11Z,2025-10-01T18:10:57Z,,115,72,2,3455,2,3,0
flutter/flutter,176023,closed,2025-09-25T14:37:02Z,2025-10-01T18:09:56Z,2025-10-01T18:09:56Z,134,13,3,2873,3,10,0
flutter/flutter,176300,open,2025-09-30T17:19:40Z,,,57,18,2,480,0,1,0
flutter/flutter,174890,open,2025-09-03T17:51:21Z,,,154,16,7,985,2,4,0
jackfrued/Python-100-Days,153,closed,2019-05-23T08:36:26Z,2023-12-09T11:30:33Z,,4,5,1,33,0,1,0
jackfrued/Python-100-Days,438,open,2020-01-23T13:29:44Z,,,7,0,1,24,0,2,0
github/gitignore,4739,open,2025-09-30T15:00:27Z,,,103,0,2,2015,0,2,0
github/gitignore,4513,closed,2024-09-27T22:10:09Z,2025-09-10T16:03:58Z,2025-09-10T16:03:58Z,51,0,1,1031,4,1,0
github/gitignore,4519,open,2024-10-16T09:08:11Z,,,73,0,1,256,1,2,0
github/gitignore,4693,closed,2025-07-27T13:12:53Z,2025-09-02T16:48:33Z,2025-09-02T16:48:33Z,2,1,1,1395,3,2,0
github/gitignore,4702,closed,2025-08-07T03:07:45Z,2025-08-27T19:37:48Z,2025-08-27T19:37:48Z,39,0,1,695,4,1,0
github/gitignore,4709,closed,2025-08-14T10:12:30Z,2025-08-18T21:09:19Z,,3,0,1,433,2,1,0
github/gitignore,3642,closed,2021-02-04T19:23:25Z,2025-08-08T20:08:39Z,2025-08-08T20:08:39Z,49,0,2,444,10,1,0
github/gitignore,4419,closed,2024-03-06T08:52:58Z,2025-08-08T20:07:54Z,,1,0,1,411,5,2,0
github/gitignore,2483,closed,2017-09-21T13:10:21Z,2017-12-26T03:30:10Z,2017-12-26T03:30:10Z,4,0,1,636,5,2,0
github/gitignore,4455,closed,2024-06-02T16:51:55Z,2025-07-21T18:41:49Z,2025-07-21T18:41:49Z,7,0,1,819,5,12,0
github/gitignore,4680,closed,2025-06-29T05:42:22Z,2025-07-27T13:05:34Z,,37,0,1,1422,2,2,0
github/gitignore,4689,closed,2025-07-16T15:32:09Z,2025-07-25T21:50:58Z,,3,0,1,678,2,1,0
github/gitignore,4351,closed,2023-09-08T11:01:13Z,2025-07-25T21:45:38Z,2025-07-25T21:45:38Z,3,0,1,377,1,2,0
github/gitignore,1980,closed,2016-05-14T05:08:49Z,2025-07-25T21:43:08Z,,57,2,1,747,9,1,0
github/gitignore,4633,closed,2025-05-15T01:24:36Z,2025-05-15T16:18:32Z,2025-05-15T16:18:32Z,7,0,1,1568,2,3,0
github/gitignore,4037,open,2022-04-08T10:10:19Z,,,0,4,1,279,2,2,0
github/gitignore,4565,closed,2025-01-12T03:32:08Z,2025-05-23T21:21:25Z,2025-05-23T21:21:25Z,8,1,1,1057,0,1,0
github/gitignore,4298,closed,2023-05-23T04:26:57Z,2025-06-26T17:02:27Z,2025-06-26T17:02:27Z,10,0,1,747,3,4,0
github/gitignore,4464,closed,2024-06-08T22:33:53Z,2025-06-20T21:40:47Z,2025-06-20T21:40:47Z,11,0,1,536,4,2,0
github/gitignore,4662,closed,2025-06-08T03:54:19Z,2025-06-20T21:38:26Z,2025-06-20T21:38:26Z,12,6,1,1112,5,12,0
github/gitignore,4663,closed,2025-06-11T07:56:10Z,2025-06-20T21:42:16Z,2025-06-20T21:42:16Z,50,0,1,1421,3,2,0
github/gitignore,4634,closed,2025-05-16T20:29:58Z,2025-05-17T19:29:45Z,2025-05-17T19:29:45Z,32,0,1,407,0,3,0
github/gitignore,4065,closed,2022-05-09T15:29:42Z,2025-06-13T21:19:01Z,2025-06-13T21:19:01Z,6,0,1,330,6,3,0
github/gitignore,4655,closed,2025-06-03T19:48:17Z,2025-06-13T21:00:02Z,2025-06-13T21:00:02Z,32,0,1,1354,1,1,0
github/gitignore,4178,closed,2022-10-25T00:19:43Z,2025-06-13T20:56:42Z,,4395,614,195,313,3,1,0
github/gitignore,3736,closed,2021-05-15T05:17:07Z,2025-06-13T18:42:41Z,2025-06-13T18:42:41Z,6,1,1,769,1,3,0
github/gitignore,4478,closed,2024-06-30T02:57:40Z,2025-06-11T17:29:31Z,2025-06-11T17:29:31Z,40,0,1,779,2,2,0
github/gitignore,4210,closed,2022-12-13T23:59:38Z,2025-06-10T20:17:43Z,2025-06-10T20:17:43Z,0,3,1,657,3,2,0
github/gitignore,4365,open,2023-10-27T13:20:00Z,,,40,0,1,289,1,4,0
jlevy/the-art-of-command-line,864,open,2023-05-22T04:08:54Z,,,642,19,19,92,0,1,0
jlevy/the-art-of-command-line,917,closed,2025-06-10T18:59:52Z,2025-08-24T16:42:04Z,,2,0,1,527,3,1,0
jlevy/the-art-of-command-line,912,open,2025-01-06T12:19:14Z,,,21,0,1,0,5,1,0
jlevy/the-art-of-command-line,739,closed,2021-05-21T04:29:36Z,2025-02-28T05:39:49Z,,1,1,1,59,1,1,0
jlevy/the-art-of-command-line,409,closed,2016-05-17T01:47:02Z,2016-05-31T23:41:55Z,2016-05-31T23:41:55Z,42,31,1,62,5,6,0
jlevy/the-art-of-command-line,473,closed,2016-10-29T23:35:25Z,2016-10-31T01:49:34Z,2016-10-31T01:49:34Z,611,15,16,13,2,32,0
jlevy/the-art-of-command-line,530,closed,2017-10-23T05:42:12Z,2017-11-22T00:41:42Z,2017-11-22T00:41:42Z,29,11,1,67,4,6,0
jlevy/the-art-of-command-line,882,closed,2024-03-17T08:44:01Z,2024-09-01T07:20:06Z,,9,9,8,63,1,4,0
jlevy/the-art-of-command-line,851,open,2023-03-06T01:23:49Z,,,78,50,1,314,2,12,0
jlevy/the-art-of-command-line,801,closed,2022-11-19T08:35:23Z,2024-04-09T19:22:49Z,,6,0,1,309,0,1,0
jlevy/the-art-of-command-line,863,open,2023-05-17T11:28:42Z,,,35,25,1,10,0,1,0
jlevy/the-art-of-command-line,816,closed,2022-12-02T16:21:48Z,2022-12-29T22:42:58Z,2022-12-29T22:42:58Z,2,2,1,0,3,1,0
jlevy/the-art-of-command-line,778,closed,2022-06-18T12:25:42Z,2022-07-16T01:06:16Z,2022-07-16T01:06:16Z,1,1,1,0,0,1,0
jlevy/the-art-of-command-line,656,open,2019-12-23T15:37:40Z,,,5,1,1,41,0,2,0
jlevy/the-art-of-command-line,721,open,2021-01-14T14:18:37Z,,,2,2,1,17,0,2,0
jlevy/the-art-of-command-line,652,closed,2019-11-12T14:31:31Z,2020-05-09T07:40:24Z,,4,4,1,67,1,1,0
jlevy/the-art-of-command-line,343,open,2016-01-15T00:03:14Z,,,593,1,2,363,4,7,0
jlevy/the-art-of-command-line,604,closed,2019-05-26T15:58:17Z,2019-09-05T04:13:33Z,,6,2,2,91,0,1,0
jlevy/the-art-of-command-line,171,closed,2015-07-09T09:12:53Z,2019-07-04T16:33:33Z,,4,0,1,0,0,1,0
jlevy/the-art-of-command-line,174,closed,2015-07-09T09:39:15Z,2019-07-04T16:33:08Z,,5,0,1,0,0,1,0
jlevy/the-art-of-command-line,568,closed,2018-07-20T23:23:07Z,2018-08-19T00:35:51Z,2018-08-19T00:35:51Z,110,14,1,59,4,2,0
jlevy/the-art-of-command-line,542,open,2018-02-20T03:21:11Z,,,6,6,1,53,3,2,0
jlevy/the-art-of-command-line,551,closed,2018-04-03T00:44:05Z,2018-04-07T20:07:44Z,2018-04-07T20:07:44Z,31,23,1,25,3,7,0
jlevy/the-art-of-command-line,498,closed,2017-01-26T16:55:41Z,2018-03-19T17:37:05Z,2018-03-19T17:37:05Z,1,1,1,117,1,2,0
jlevy/the-art-of-command-line,519,closed,2017-06-12T09:42:39Z,2017-09-17T01:23:42Z,2017-09-17T01:23:42Z,1,1,1,26,2,3,0
jlevy/the-art-of-command-line,501,closed,2017-02-20T15:52:21Z,2017-04-12T18:57:49Z,2017-04-12T18:57:49Z,22,6,1,0,7,7,0
AUTOMATIC1111/stable-diffusion-webui,17085,closed,2025-08-06T04:51:48Z,2025-08-07T03:37:08Z,,2,1,1,639,0,1,0
AUTOMATIC1111/stable-diffusion-webui,16832,closed,2025-02-08T07:12:57Z,2025-07-01T17:07:49Z,,2,2,1,1686,5,2,0
AUTOMATIC1111/stable-diffusion-webui,16737,open,2024-12-22T06:57:43Z,,,159,0,5,2985,4,8,0
AUTOMATIC1111/stable-diffusion-webui,16570,open,2024-10-20T06:36:51Z,,,107,7,4,1134,0,3,0
AUTOMATIC1111/stable-diffusion-webui,16255,open,2024-07-23T15:19:06Z,,,170,6,5,2205,1,3,0
AUTOMATIC1111/stable-diffusion-webui,16911,open,2025-03-22T08:23:07Z,,,11,10,6,841,3,1,0
AUTOMATIC1111/stable-diffusion-webui,16926,closed,2025-03-28T22:06:14Z,2025-05-03T06:17:03Z,2025-05-03T06:17:03Z,9,6,2,95,0,1,0
AUTOMATIC1111/stable-diffusion-webui,16688,open,2024-11-27T15:39:54Z,,,59,0,4,777,9,8,0
AUTOMATIC1111/stable-diffusion-webui,16761,open,2024-12-29T22:51:52Z,,,108,59,1,541,13,3,0
AUTOMATIC1111/stable-diffusion-webui,16872,closed,2025-03-01T10:46:16Z,2025-03-04T16:10:18Z,2025-03-04T16:10:18Z,1,1,1,559,0,1,0
AUTOMATIC1111/stable-diffusion-webui,16869,closed,2025-02-28T11:30:28Z,2025-02-28T15:24:10Z,2025-02-28T15:24:10Z,55,0,3,1010,2,2,0
AUTOMATIC1111/stable-diffusion-webui,16727,open,2024-12-17T06:07:09Z,,,8,1,1,470,1,1,0
AUTOMATIC1111/stable-diffusion-webui,16718,closed,2024-12-12T08:09:02Z,2024-12-17T17:37:31Z,2024-12-17T17:37:31Z,55,22,1,1878,8,1,0
AUTOMATIC1111/stable-diffusion-webui,16700,closed,2024-12-03T14:32:58Z,2024-12-18T01:41:03Z,,51,0,2,1044,1,1,0
AUTOMATIC1111/stable-diffusion-webui,16484,open,2024-09-13T23:19:23Z,,,1689,127,32,3223,59,5,0
AUTOMATIC1111/stable-diffusion-webui,16614,open,2024-10-31T06:31:12Z,,,776,735,3,557,0,1,0
AUTOMATIC1111/stable-diffusion-webui,16617,open,2024-10-31T14:47:00Z,,,30,0,3,979,1,12,0
AUTOMATIC1111/stable-diffusion-webui,16243,open,2024-07-20T08:42:48Z,,,13,1,2,1934,1,3,0
AUTOMATIC1111/stable-diffusion-webui,16260,closed,2024-07-25T11:34:48Z,2024-10-28T20:50:55Z,,102,1,3,948,1,1,0
AUTOMATIC1111/stable-diffusion-webui,16588,closed,2024-10-25T02:00:21Z,2024-10-27T01:28:23Z,2024-10-27T01:28:23Z,2,1,1,702,2,3,0
AUTOMATIC1111/stable-diffusion-webui,15716,open,2024-05-05T11:06:36Z,,,47,41,7,697,16,2,0
AUTOMATIC1111/stable-diffusion-webui,16415,open,2024-08-21T13:21:24Z,,,318,47,6,2346,11,4,0
AUTOMATIC1111/stable-diffusion-webui,14721,closed,2024-01-21T20:18:49Z,2024-09-22T21:27:29Z,,428,230,3,1247,12,4,0
AUTOMATIC1111/stable-diffusion-webui,16035,closed,2024-06-17T01:25:35Z,2024-07-06T07:18:49Z,2024-07-06T07:18:49Z,48,0,3,1844,12,1,0
avelino/awesome-go,5829,open,2025-10-01T13:12:51Z,,,10,2,2,2992,6,1,0
avelino/awesome-go,5828,open,2025-10-01T11:54:41Z,,,44,27,1,2163,10,2,0
avelino/awesome-go,5793,open,2025-08-29T02:15:31Z,,,3,1,1,2964,5,1,0
avelino/awesome-go,5824,open,2025-09-29T10:44:28Z,,,3,146,3,883,6,1,0
avelino/awesome-go,5803,closed,2025-09-05T14:29:26Z,2025-09-20T04:35:57Z,2025-09-20T04:35:57Z,1,2,1,3163,9,3,0
avelino/awesome-go,5810,closed,2025-09-14T17:39:39Z,2025-09-14T18:00:16Z,2025-09-14T18:00:16Z,600,40,5,1446,5,11,0
avelino/awesome-go,5807,open,2025-09-12T09:50:37Z,,,1,0,1,2706,2,3,0
avelino/awesome-go,5799,open,2025-09-03T16:37:09Z,,,1,0,1,2890,3,1,0
avelino/awesome-go,5739,closed,2025-07-12T11:21:57Z,2025-09-08T13:44:10Z,2025-09-08T13:44:10Z,1,1,1,699,3,6,0
avelino/awesome-go,5795,open,2025-08-29T17:30:49Z,,,1,0,1,2927,2,3,0
avelino/awesome-go,5797,open,2025-08-30T11:14:50Z,,,1,0,1,2684,2,1,0
avelino/awesome-go,5791,open,2025-08-27T19:51:25Z,,,1,0,1,2779,2,1,0
avelino/awesome-go,5741,open,2025-07-14T19:43:23Z,,,1,0,1,2673,4,1,0
avelino/awesome-go,5781,closed,2025-08-20T23:27:30Z,2025-08-21T02:49:55Z,2025-08-21T02:49:55Z,1,1,1,1458,1,1,0
avelino/awesome-go,5749,open,2025-07-29T08:59:13Z,,,1,0,1,2798,5,1,0
avelino/awesome-go,5762,open,2025-08-09T20:34:52Z,,,1,0,1,2884,1,3,0
avelino/awesome-go,5776,open,2025-08-17T08:34:43Z,,,1,0,1,2792,2,2,0
avelino/awesome-go,5656,open,2025-03-29T11:02:15Z,,,1,1,1,2918,2,2,0
avelino/awesome-go,5770,closed,2025-08-14T19:53:19Z,2025-08-15T04:23:48Z,2025-08-15T04:23:48Z,1,1,1,2812,3,1,0
avelino/awesome-go,5747,open,2025-07-24T09:17:33Z,,,1,0,1,2706,2,1,0
avelino/awesome-go,5754,open,2025-08-04T04:14:42Z,,,1,0,1,2694,2,1,0
avelino/awesome-go,5748,open,2025-07-27T07:58:21Z,,,2,1,1,2753,2,1,0
avelino/awesome-go,5740,closed,2025-07-13T11:01:39Z,2025-07-18T05:23:30Z,,1,0,1,692,2,1,0
avelino/awesome-go,5736,closed,2025-07-11T13:22:19Z,2025-07-14T17:14:19Z,2025-07-14T17:14:19Z,1,0,1,2470,8,1,0
avelino/awesome-go,5734,closed,2025-07-07T18:29:26Z,2025-07-10T08:56:04Z,2025-07-10T08:56:04Z,1,0,1,2595,2,1,0
avelino/awesome-go,5729,open,2025-07-02T12:10:01Z,,,1,0,1,2166,10,1,0
avelino/awesome-go,5728,closed,2025-06-28T22:03:09Z,2025-06-29T09:42:03Z,2025-06-29T09:42:03Z,1,0,1,2742,5,1,0
avelino/awesome-go,5604,closed,2025-02-07T10:19:13Z,2025-06-23T12:47:00Z,,1,0,1,0,1,1,0
avelino/awesome-go,5319,open,2024-05-23T12:45:33Z,,,1,0,1,2614,3,1,0
avelino/awesome-go,5388,open,2024-08-20T22:49:57Z,,,194,2,3,0,1,2,0
avelino/awesome-go,5492,open,2024-11-27T13:16:28Z,,,78,1,2,1293,0,7,0
avelino/awesome-go,5585,open,2025-01-28T13:51:29Z,,,1,1,1,2251,1,2,0
avelino/awesome-go,5644,open,2025-03-16T15:46:23Z,,,1,0,1,2704,2,3,0
ollama/ollama,12245,open,2025-09-10T23:32:41Z,,,30490,20726,323,69,1,1,0
ollama/ollama,12090,closed,2025-08-26T20:30:21Z,2025-10-01T22:12:32Z,2025-10-01T22:12:32Z,3274,3805,57,978,7,33,0
ollama/ollama,12412,closed,2025-09-25T17:49:03Z,2025-09-26T18:38:48Z,2025-09-26T18:38:48Z,4,2,1,271,2,1,0
ollama/ollama,12450,closed,2025-09-30T02:59:41Z,2025-10-01T19:10:21Z,,149,0,3,23,0,5,0
ollama/ollama,10254,open,2025-04-13T01:31:42Z,,,162,0,5,141,14,1,0
ollama/ollama,11835,open,2025-08-09T20:01:39Z,,,26596,5,147,3569,25,1,0
ollama/ollama,10676,open,2025-05-12T20:38:05Z,,,13,18,6,351,4,1,0
ollama/ollama,12415,open,2025-09-25T20:26:08Z,,,6,6,2,0,0,1,0
ollama/ollama,11589,open,2025-07-30T15:46:05Z,,,21,3,1,191,1,2,0
ollama/ollama,12371,open,2025-09-22T19:47:21Z,,,811,837,18,341,0,2,0
ollama/ollama,12385,closed,2025-09-23T20:22:32Z,2025-09-24T22:19:48Z,2025-09-24T22:19:48Z,325,0,2,304,1,20,0
ollama/ollama,12325,closed,2025-09-18T00:40:36Z,2025-09-23T20:21:47Z,2025-09-23T20:21:47Z,124,34,12,122,0,3,0
ollama/ollama,12373,closed,2025-09-22T21:19:35Z,2025-09-23T06:20:21Z,2025-09-23T06:20:21Z,119,102,6,240,0,5,0
ollama/ollama,9118,open,2025-02-14T19:28:17Z,,,2208,272,24,719,19,2,0
ollama/ollama,12339,closed,2025-09-18T21:56:39Z,2025-09-22T20:13:40Z,2025-09-22T20:13:40Z,144,96,5,504,0,3,0
ollama/ollama,12307,closed,2025-09-16T18:39:23Z,2025-09-17T21:40:53Z,2025-09-17T21:40:53Z,949,101,12,1710,0,24,0
ollama/ollama,11463,open,2025-07-17T19:58:15Z,,,133,0,4,1637,2,2,0
ollama/ollama,10896,open,2025-05-29T09:06:06Z,,,452,116,7,496,11,2,0
ollama/ollama,12219,open,2025-09-08T22:17:54Z,,,63,9,4,139,1,8,0
ollama/ollama,11389,open,2025-07-12T04:37:24Z,,,2163,21,26,6878,40,9,0
ollama/ollama,5426,open,2024-07-02T04:04:52Z,,,100,2,2,82,25,41,0
ollama/ollama,12311,closed,2025-09-17T00:50:47Z,2025-09-18T23:11:08Z,2025-09-18T23:11:08Z,67,52,2,633,0,4,0
ollama/ollama,12336,closed,2025-09-18T20:23:53Z,2025-09-18T21:34:34Z,2025-09-18T21:34:34Z,15,3,1,0,0,1,0
ollama/ollama,12318,closed,2025-09-17T16:36:12Z,2025-09-17T20:05:10Z,2025-09-17T20:05:10Z,28,21,2,87,1,2,0
ollama/ollama,12279,closed,2025-09-12T23:02:12Z,2025-09-16T23:18:07Z,2025-09-16T23:18:07Z,12,2,1,315,0,2,0
ollama/ollama,12248,closed,2025-09-11T02:57:06Z,2025-09-16T17:21:44Z,2025-09-16T17:21:43Z,2012,57,15,1919,1,4,0
ollama/ollama,9080,closed,2025-02-14T00:28:23Z,2025-09-15T22:36:00Z,2025-09-15T22:36:00Z,490,40,16,130,0,7,0
ollama/ollama,12185,closed,2025-09-04T22:33:46Z,2025-09-15T21:33:07Z,2025-09-15T21:33:07Z,27,37,14,82,1,5,0
ollama/ollama,8792,open,2025-02-03T16:48:42Z,,,2,1,1,1046,8,1,0
ollama/ollama,12168,closed,2025-09-03T10:49:25Z,2025-09-12T23:25:12Z,2025-09-12T23:25:12Z,17,16,1,512,18,10,0
ollama/ollama,12246,closed,2025-09-11T00:26:08Z,2025-09-11T19:25:26Z,2025-09-11T19:25:26Z,25,2,2,217,0,1,0
ollama/ollama,12242,closed,2025-09-10T19:47:52Z,2025-09-11T17:36:10Z,2025-09-11T17:36:10Z,16,9,4,111,0,8,0
ollama/ollama,12230,closed,2025-09-09T16:49:26Z,2025-09-10T23:37:10Z,2025-09-10T23:37:10Z,1,0,1,247,0,2,0
ollama/ollama,12233,closed,2025-09-09T20:20:35Z,2025-09-10T18:24:42Z,2025-09-10T18:24:42Z,173,77,6,152,1,5,0
ollama/ollama,12161,closed,2025-09-02T23:58:48Z,2025-09-09T16:32:16Z,2025-09-09T16:32:16Z,55,30,3,103,1,1,0
ollama/ollama,12052,closed,2025-08-23T17:12:56Z,2025-09-08T22:07:59Z,2025-09-08T22:07:59Z,369,337,6,165,5,39,0
ollama/ollama,12186,closed,2025-09-04T23:09:47Z,2025-09-08T21:53:22Z,2025-09-08T21:53:22Z,121,14,1,1962,5,2,0
ollama/ollama,12070,open,2025-08-25T11:47:36Z,,,2397,4,7,517,2,4,0
massgravel/Microsoft-Activation-Scripts,505,closed,2024-07-08T10:08:32Z,2024-07-08T10:23:35Z,,31,21,1,230,1,1,0
huggingface/transformers,40944,closed,2025-09-17T16:19:53Z,2025-10-02T06:45:05Z,2025-10-02T06:45:05Z,53,4,2,266,1,3,0
huggingface/transformers,41275,open,2025-10-02T05:08:03Z,,,5,4,1,622,0,3,0
huggingface/transformers,40396,open,2025-08-23T06:49:31Z,,,444,1,2,1940,1,4,0
huggingface/transformers,40499,open,2025-08-27T15:07:36Z,,,6422,0,18,3603,24,58,0
huggingface/transformers,40950,open,2025-09-17T19:14:45Z,,,52,15,2,1302,1,4,0
huggingface/transformers,29646,open,2024-03-13T22:14:00Z,,,975,3,8,4881,21,26,0
huggingface/transformers,40651,open,2025-09-03T11:48:55Z,,,135,7,5,255,9,8,0
huggingface/transformers,35847,open,2025-01-22T21:01:40Z,,,402,125,2,2245,3,2,0
huggingface/transformers,41237,open,2025-09-30T18:54:39Z,,,60,22,2,1029,4,19,0
huggingface/transformers,41262,closed,2025-10-01T15:43:48Z,2025-10-01T17:26:59Z,2025-10-01T17:26:59Z,2,0,2,41,1,1,0
huggingface/transformers,40673,open,2025-09-03T23:28:31Z,,,105,31,5,792,3,1,0
huggingface/transformers,41199,open,2025-09-29T14:02:49Z,,,1624,0,13,1507,5,27,0
huggingface/transformers,41194,closed,2025-09-29T11:11:06Z,2025-10-01T15:46:21Z,2025-10-01T15:46:21Z,9,1,3,96,8,4,0
huggingface/transformers,41252,open,2025-10-01T12:50:00Z,,,65,58,2,1896,1,2,0
huggingface/transformers,41236,closed,2025-09-30T18:32:35Z,2025-10-01T11:55:01Z,2025-10-01T11:55:01Z,1,1,1,537,1,1,0
huggingface/transformers,41256,open,2025-10-01T15:04:06Z,,,10,0,1,61,1,1,0
huggingface/transformers,39847,open,2025-08-01T14:29:09Z,,,15114,10443,268,1627,17,15,0
huggingface/transformers,40939,closed,2025-09-17T13:12:22Z,2025-10-01T14:55:27Z,2025-10-01T14:55:27Z,25,29,6,290,2,4,0
huggingface/transformers,40793,open,2025-09-10T12:39:29Z,,,556,237,58,605,10,9,0
huggingface/transformers,40837,open,2025-09-12T03:06:27Z,,,388,67,11,2885,1,11,0
huggingface/transformers,40132,open,2025-08-13T12:42:51Z,,,8486,9233,86,227,6,35,0
huggingface/transformers,41233,closed,2025-09-30T15:47:00Z,2025-10-01T13:57:29Z,2025-10-01T13:57:29Z,24,95,11,147,2,3,0
huggingface/transformers,41240,closed,2025-10-01T00:49:26Z,2025-10-01T13:13:05Z,2025-10-01T13:13:05Z,14,28,12,43,2,2,0
huggingface/transformers,41222,closed,2025-09-30T12:57:48Z,2025-10-01T13:16:22Z,2025-10-01T13:16:22Z,7,19,10,37,1,6,0
huggingface/transformers,40931,open,2025-09-17T10:16:12Z,,,1576,1980,208,1172,3,13,0
huggingface/transformers,41231,closed,2025-09-30T15:10:40Z,2025-10-01T12:01:52Z,2025-10-01T12:01:52Z,159,21,1,276,3,5,0
huggingface/transformers,41224,open,2025-09-30T13:00:02Z,,,156,8,5,19,2,11,0
huggingface/transformers,40936,open,2025-09-17T11:56:18Z,,,878,3385,16,677,1,3,0
huggingface/transformers,40994,open,2025-09-19T08:44:06Z,,,349,330,146,750,5,3,0
huggingface/transformers,41170,open,2025-09-25T18:28:04Z,,,419,2246,116,476,9,7,0
huggingface/transformers,40809,closed,2025-09-11T05:44:44Z,2025-09-16T13:11:49Z,2025-09-16T13:11:49Z,30,4,1,3461,9,4,0
huggingface/transformers,39895,open,2025-08-04T17:37:52Z,,,3640,5,21,130,8,27,0
huggingface/transformers,41157,closed,2025-09-25T09:36:14Z,2025-09-30T16:41:03Z,2025-09-30T16:41:03Z,338,246,148,2522,2,4,0
huggingface/transformers,40991,open,2025-09-19T02:54:30Z,,,5867,0,18,709,2,23,0
huggingface/transformers,41158,closed,2025-09-25T10:23:19Z,2025-09-30T17:23:44Z,2025-09-30T17:23:44Z,207,120,8,552,3,3,0
huggingface/transformers,40884,open,2025-09-15T11:27:54Z,,,1497,85,48,452,7,13,0
airbnb/javascript,3153,open,2025-08-22T10:08:25Z,,,21,1,3,323,1,4,0
airbnb/javascript,3148,open,2025-08-16T21:26:17Z,,,266,258,21,389,0,3,0
airbnb/javascript,3061,open,2024-11-12T13:19:40Z,,,83,3,6,285,14,2,0
airbnb/javascript,165,open,2014-04-24T02:54:42Z,,,35,3,1,305,1,4,0
airbnb/javascript,163,open,2014-04-24T02:51:58Z,,,18,0,1,0,2,5,0
airbnb/javascript,3081,open,2025-01-25T16:17:56Z,,,412,8,24,358,2,1,0
airbnb/javascript,2837,open,2023-09-27T22:59:47Z,,,1,1,1,135,0,1,0
airbnb/javascript,2852,open,2023-10-15T15:03:29Z,,,1,1,1,110,4,12,0
airbnb/javascript,2938,open,2024-03-07T19:17:19Z,,,66,21,1,256,2,74,0
airbnb/javascript,3053,open,2024-10-13T14:44:37Z,,,185,0,1,0,0,7,0
airbnb/javascript,3072,open,2024-12-15T22:03:19Z,,,6,1,1,430,0,2,0
airbnb/javascript,3114,open,2025-04-03T05:46:58Z,,,3,2,1,272,1,1,0
airbnb/javascript,3101,closed,2025-03-05T15:59:26Z,2025-03-05T18:13:57Z,,32,0,1,1652,0,6,0
airbnb/javascript,3052,closed,2024-10-12T09:04:23Z,2024-10-13T14:45:15Z,,576,393,1,45,0,3,0
airbnb/javascript,2756,open,2023-04-02T03:19:17Z,,,3,6,1,19,2,2,0
airbnb/javascript,2757,open,2023-04-02T06:15:04Z,,,3,6,1,36,0,3,0
airbnb/javascript,2906,closed,2024-02-19T15:49:23Z,2024-09-21T05:46:57Z,2024-09-21T05:46:57Z,23,17,4,74,0,3,0
airbnb/javascript,2965,open,2024-04-10T12:45:12Z,,,1,1,1,500,1,3,0
airbnb/javascript,2815,closed,2023-08-21T14:45:48Z,2023-08-22T17:56:42Z,2023-08-22T17:56:42Z,4,1,1,140,0,1,0
airbnb/javascript,3002,closed,2024-06-27T17:40:14Z,2024-07-24T22:20:52Z,,509,400,1,0,0,1,0
airbnb/javascript,2996,closed,2024-06-10T18:35:00Z,2024-06-10T20:14:46Z,,2,2,1,56,0,1,0
airbnb/javascript,2827,closed,2023-09-08T15:55:32Z,2024-05-20T08:34:45Z,,1,0,1,765,6,1,0
airbnb/javascript,2849,closed,2023-10-12T12:54:54Z,2024-04-16T14:12:53Z,,2,1,1,70,2,5,0
airbnb/javascript,2962,closed,2024-04-07T18:19:52Z,2024-04-08T23:17:08Z,2024-04-08T23:17:08Z,1,1,1,91,0,1,0
airbnb/javascript,876,closed,2016-05-12T19:11:48Z,2016-05-12T22:27:48Z,2016-05-12T22:27:48Z,17,0,2,215,0,2,0
airbnb/javascript,2474,closed,2021-09-24T09:28:22Z,2021-09-29T04:58:12Z,2021-09-29T04:58:12Z,21,10,3,634,5,5,0
airbnb/javascript,2896,closed,2024-02-08T00:42:01Z,2024-02-08T17:18:35Z,,16,11,1,768,3,4,0
airbnb/javascript,2686,closed,2022-12-03T21:32:56Z,2022-12-03T22:37:04Z,2022-12-03T22:37:03Z,6,4,2,216,4,6,0
airbnb/javascript,2864,closed,2023-11-09T22:20:09Z,2023-11-15T00:47:27Z,,1,1,1,644,4,3,0
airbnb/javascript,2818,closed,2023-08-24T14:16:09Z,2023-09-02T11:55:31Z,,109,2,5,0,4,11,0
airbnb/javascript,2824,closed,2023-09-02T21:40:33Z,2023-09-03T21:55:07Z,,0,0,0,0,1,3,0
airbnb/javascript,2819,closed,2023-08-24T17:36:57Z,2023-08-24T19:26:12Z,,1,1,1,243,0,6,0
airbnb/javascript,2812,closed,2023-08-15T15:01:27Z,2023-08-16T05:28:15Z,2023-08-16T05:28:15Z,6,2,1,48,0,3,0
n8n-io/n8n,20188,open,2025-09-30T08:08:56Z,,,144,9,5,888,2,12,0
n8n-io/n8n,20280,open,2025-10-01T23:40:55Z,,,239,19,3,3774,2,3,0
n8n-io/n8n,20249,closed,2025-10-01T09:35:39Z,2025-10-01T10:40:24Z,,167,20,4,2217,2,4,0
n8n-io/n8n,20286,open,2025-10-02T06:15:50Z,,,460,3,2,1441,1,2,0
n8n-io/n8n,19979,open,2025-09-24T14:50:52Z,,,35,4,4,888,4,1,0
n8n-io/n8n,20148,open,2025-09-29T09:25:08Z,,,734,2,5,1104,1,10,0
n8n-io/n8n,19237,closed,2025-09-05T10:21:57Z,2025-10-02T06:29:07Z,2025-10-02T06:29:07Z,259,6,4,3462,3,4,0
n8n-io/n8n,17926,open,2025-08-02T09:37:03Z,,,79,4,3,1154,4,2,0
n8n-io/n8n,20167,open,2025-09-29T18:11:06Z,,,712,111,19,1054,2,1,0
n8n-io/n8n,20223,open,2025-09-30T15:18:01Z,,,949,159,30,1454,2,17,0
n8n-io/n8n,20277,open,2025-10-01T20:23:46Z,,,89,15,1,2122,4,6,0
n8n-io/n8n,19326,open,2025-09-08T21:09:26Z,,,92,6,7,1288,1,16,0
n8n-io/n8n,20174,open,2025-09-29T20:26:50Z,,,1,0,1,1835,3,2,0
n8n-io/n8n,20276,open,2025-10-01T20:22:56Z,,,3,2,1,607,2,1,0
n8n-io/n8n,20239,open,2025-10-01T02:31:10Z,,,2338,1756,125,0,1,10,0
n8n-io/n8n,19758,open,2025-09-19T10:45:59Z,,,669,95,5,4834,3,16,0
n8n-io/n8n,20160,open,2025-09-29T14:54:45Z,,,7000,127,5,3002,4,4,0
n8n-io/n8n,20272,open,2025-10-01T18:39:30Z,,,46,0,2,1959,2,3,0
n8n-io/n8n,20257,closed,2025-10-01T12:10:32Z,2025-10-01T18:42:59Z,2025-10-01T18:42:59Z,2,0,1,1382,1,1,0
n8n-io/n8n,20261,open,2025-10-01T13:18:51Z,,,474,1216,17,1059,2,2,0
n8n-io/n8n,20271,open,2025-10-01T18:08:03Z,,,34,10,1,2512,2,2,0
n8n-io/n8n,20068,open,2025-09-26T09:53:58Z,,,478,1003,28,3498,4,33,0
n8n-io/n8n,20266,open,2025-10-01T15:23:59Z,,,2400,354,47,1937,1,6,0
n8n-io/n8n,20169,closed,2025-09-29T18:42:49Z,2025-10-01T15:26:41Z,2025-10-01T15:26:41Z,1583,671,435,896,5,3,0
n8n-io/n8n,20258,closed,2025-10-01T12:45:00Z,2025-10-01T15:16:27Z,2025-10-01T15:16:27Z,3004,244,11,802,2,4,0
n8n-io/n8n,20142,open,2025-09-29T08:36:20Z,,,395,83,16,2501,3,8,0
n8n-io/n8n,19413,closed,2025-09-11T11:41:14Z,2025-10-01T15:07:39Z,2025-10-01T15:07:39Z,443,106,3,1352,6,14,0
n8n-io/n8n,20187,open,2025-09-30T08:01:52Z,,,1633,94,31,2108,5,23,0
n8n-io/n8n,20238,closed,2025-09-30T23:33:15Z,2025-10-01T13:52:44Z,2025-10-01T13:52:44Z,311,50,18,1141,2,2,0
n8n-io/n8n,20236,closed,2025-09-30T22:21:17Z,2025-10-01T13:34:56Z,2025-10-01T13:34:56Z,730,45,15,765,3,1,0
n8n-io/n8n,20259,closed,2025-10-01T12:49:42Z,2025-10-01T12:50:20Z,,33,52,6,1293,3,1,0
n8n-io/n8n,20260,open,2025-10-01T12:52:35Z,,,8,1,2,2436,2,1,0
ytdl-org/youtube-dl,32747,closed,2024-03-17T06:58:56Z,2025-07-30T19:11:18Z,,18,4,1,2063,2,2,0
ytdl-org/youtube-dl,33131,open,2025-05-14T16:34:22Z,,,584,254,1,2187,2,15,0
ytdl-org/youtube-dl,31136,closed,2022-08-04T14:44:34Z,2025-07-15T10:14:13Z,,220,62,3,1611,5,2,0
ytdl-org/youtube-dl,32672,closed,2023-12-22T13:35:57Z,2025-07-08T16:46:56Z,,8,2,1,1375,5,4,0
ytdl-org/youtube-dl,32825,open,2024-06-24T20:20:25Z,,,77,0,2,1643,2,10,0
ytdl-org/youtube-dl,17498,closed,2018-09-08T22:46:30Z,2025-06-06T12:51:40Z,,214,30,2,1474,16,3,0
ytdl-org/youtube-dl,31976,open,2023-03-31T11:02:06Z,,,309,674,2,1833,21,49,0
ytdl-org/youtube-dl,32876,open,2024-07-23T20:15:18Z,,,476,745,9,2427,13,16,0
ytdl-org/youtube-dl,32884,open,2024-07-29T20:31:59Z,,,91,0,2,1625,2,7,0
ytdl-org/youtube-dl,31187,open,2022-08-20T03:24:36Z,,,141,1,5,1948,9,3,0
ytdl-org/youtube-dl,31288,closed,2022-10-14T06:49:17Z,2025-05-05T19:37:12Z,,245,0,2,4413,4,27,0
ytdl-org/youtube-dl,30571,closed,2022-01-30T00:08:42Z,2025-02-14T01:48:47Z,,586,0,6,2251,5,23,0
ytdl-org/youtube-dl,33116,closed,2025-04-22T15:10:47Z,2025-04-23T14:26:09Z,,2,1,1,1813,0,2,0
ytdl-org/youtube-dl,31241,open,2022-09-17T18:41:44Z,,,130,58,2,2134,23,3,0
ytdl-org/youtube-dl,31000,closed,2022-06-03T17:15:27Z,2022-11-11T00:49:14Z,2022-11-11T00:49:14Z,29,11,1,2238,0,6,0
ytdl-org/youtube-dl,29432,closed,2021-06-29T14:52:20Z,2024-02-22T12:44:00Z,2024-02-22T12:44:00Z,140,0,2,1993,2,19,0
ytdl-org/youtube-dl,32987,closed,2024-12-07T10:37:05Z,2024-12-16T12:38:51Z,2024-12-16T12:38:51Z,636,202,5,2118,8,3,0
ytdl-org/youtube-dl,32172,open,2023-05-09T18:20:11Z,,,242,173,1,1594,5,2,0
ytdl-org/youtube-dl,33076,open,2025-03-01T19:35:04Z,,,2,2,1,1922,0,2,0
ytdl-org/youtube-dl,33051,open,2025-02-07T10:40:20Z,,,7,0,1,1811,0,2,0
ytdl-org/youtube-dl,31210,closed,2022-08-29T10:00:51Z,2025-02-22T13:09:39Z,,46,0,2,1736,2,9,0
ytdl-org/youtube-dl,32839,open,2024-07-06T10:50:57Z,,,261,69,2,1838,0,21,0
ytdl-org/youtube-dl,32828,open,2024-07-01T07:52:00Z,,,185,38,1,1714,2,7,0
ytdl-org/youtube-dl,31019,open,2022-06-10T15:22:56Z,,,337,91,1,2896,0,8,0
ytdl-org/youtube-dl,31141,closed,2022-08-07T15:05:15Z,2024-12-01T11:32:07Z,,71,0,2,1849,2,1,0
ytdl-org/youtube-dl,31144,closed,2022-08-07T18:15:27Z,2024-12-01T11:30:03Z,,115,0,2,1813,12,18,0
ytdl-org/youtube-dl,31151,closed,2022-08-09T02:44:28Z,2024-12-01T11:29:05Z,,43,17,1,1593,11,5,0
ytdl-org/youtube-dl,31003,open,2022-06-04T12:27:06Z,,,133,0,2,2578,6,13,0
ytdl-org/youtube-dl,32979,open,2024-11-23T17:29:32Z,,,90,0,2,206,2,13,0
ytdl-org/youtube-dl,27859,open,2021-01-17T21:37:41Z,,,946,3,5,2985,7,5,0
ytdl-org/youtube-dl,29616,open,2021-07-22T11:09:39Z,,,76,0,2,1643,1,18,0
ytdl-org/youtube-dl,32949,open,2024-10-14T13:04:05Z,,,282,201,1,2694,0,2,0
ytdl-org/youtube-dl,30689,open,2022-02-26T14:24:21Z,,,40,5,1,1823,14,1,0
ytdl-org/youtube-dl,31432,open,2022-12-19T16:05:12Z,,,3,3,1,10152,0,1,0
ytdl-org/youtube-dl,32845,closed,2024-07-10T17:53:59Z,2024-07-10T23:50:46Z,2024-07-10T23:50:46Z,375,488,5,2150,1,6,0
ytdl-org/youtube-dl,31880,open,2023-03-19T02:47:41Z,,,177,33,1,2290,10,29,0
ytdl-org/youtube-dl,32931,open,2024-09-26T13:52:07Z,,,2,1,1,2093,3,4,0
ytdl-org/youtube-dl,31206,open,2022-08-28T17:41:20Z,,,174,0,2,1317,18,40,0
ytdl-org/youtube-dl,31892,open,2023-03-21T06:43:40Z,,,177,41,2,2173,4,3,0
ytdl-org/youtube-dl,10556,closed,2016-09-05T06:01:59Z,2016-09-07T16:31:54Z,2016-09-07T16:31:54Z,45,0,2,1246,3,2,0
ytdl-org/youtube-dl,31303,closed,2022-10-22T05:42:29Z,2022-10-30T11:46:46Z,2022-10-30T11:46:46Z,25,3,1,1666,2,4,0
ytdl-org/youtube-dl,31304,closed,2022-10-22T10:43:25Z,2022-10-30T11:48:44Z,2022-10-30T11:48:44Z,13,1,1,1608,1,1,0
f/awesome-chatgpt-prompts,896,open,2025-08-14T15:58:47Z,,,2,0,1,774,0,2,0
f/awesome-chatgpt-prompts,885,closed,2025-07-09T18:56:33Z,2025-07-30T19:45:42Z,,18,0,2,625,0,1,0
f/awesome-chatgpt-prompts,887,open,2025-07-11T21:07:06Z,,,80,5,2,350,0,2,0
f/awesome-chatgpt-prompts,876,open,2025-05-30T17:25:41Z,,,14,0,2,112,0,1,0
f/awesome-chatgpt-prompts,29,closed,2022-12-10T20:44:33Z,2025-05-05T20:43:05Z,,2,2,1,0,0,1,0
f/awesome-chatgpt-prompts,253,open,2023-01-15T09:06:00Z,,,7,1,2,1085,0,1,0
f/awesome-chatgpt-prompts,191,open,2022-12-30T21:44:37Z,,,7,1,2,714,0,1,0
f/awesome-chatgpt-prompts,180,open,2022-12-29T19:08:49Z,,,11,11,1,68,0,1,0
f/awesome-chatgpt-prompts,177,open,2022-12-27T19:13:18Z,,,7,1,2,738,0,2,0
f/awesome-chatgpt-prompts,106,open,2022-12-15T13:26:26Z,,,6,0,2,714,1,1,0
f/awesome-chatgpt-prompts,554,open,2023-03-28T13:31:41Z,,,5,0,2,903,1,2,0
f/awesome-chatgpt-prompts,515,open,2023-03-16T21:39:16Z,,,379,213,2,1248,0,1,0
f/awesome-chatgpt-prompts,339,open,2023-02-02T20:13:24Z,,,3,0,1,768,2,2,0
f/awesome-chatgpt-prompts,746,open,2024-04-30T11:42:00Z,,,1,0,2,1018,0,4,0
f/awesome-chatgpt-prompts,642,open,2023-05-15T23:04:37Z,,,1,0,1,1170,0,1,0
f/awesome-chatgpt-prompts,641,open,2023-05-15T23:02:16Z,,,4,0,1,1181,0,1,0
f/awesome-chatgpt-prompts,625,open,2023-05-06T10:01:41Z,,,5,0,2,1101,1,1,0
f/awesome-chatgpt-prompts,614,open,2023-04-27T21:03:55Z,,,5,0,2,2134,0,1,0
vercel/next.js,84046,open,2025-09-21T19:52:32Z,,,2923,347,57,1046,7,32,0
vercel/next.js,84444,open,2025-10-02T00:00:31Z,,,39,5,2,1803,3,4,0
vercel/next.js,84428,open,2025-10-01T21:32:18Z,,,302,18,15,1114,4,9,0
vercel/next.js,84446,open,2025-10-02T01:50:48Z,,,1,1,1,764,1,1,0
vercel/next.js,84440,open,2025-10-01T22:52:04Z,,,231,0,5,230,4,1,0
vercel/next.js,84394,closed,2025-09-30T23:40:27Z,2025-10-02T00:04:18Z,2025-10-02T00:04:18Z,412,180,17,1092,4,7,0
vercel/next.js,83805,closed,2025-09-15T12:04:47Z,2025-09-17T12:45:50Z,2025-09-17T12:45:50Z,252,74,8,33,3,5,0
vercel/next.js,83884,closed,2025-09-17T10:16:51Z,2025-09-17T13:09:11Z,2025-09-17T13:09:11Z,18,3,2,64,4,2,0
vercel/next.js,83864,closed,2025-09-16T22:01:04Z,2025-09-17T13:21:18Z,2025-09-17T13:21:18Z,7,0,1,184,0,1,0
vercel/next.js,83885,closed,2025-09-17T10:16:53Z,2025-09-17T14:33:27Z,2025-09-17T14:33:27Z,73,52,2,47,5,2,0
vercel/next.js,83844,closed,2025-09-16T16:14:43Z,2025-09-17T15:11:40Z,2025-09-17T15:11:40Z,130,145,10,105,4,6,0
vercel/next.js,83892,closed,2025-09-17T13:41:41Z,2025-09-17T16:42:33Z,2025-09-17T16:42:33Z,127,134,4,2998,7,4,0
vercel/next.js,83890,closed,2025-09-17T13:20:55Z,2025-09-17T16:51:38Z,2025-09-17T16:51:38Z,65,64,7,415,5,2,0
vercel/next.js,83311,closed,2025-09-01T17:56:25Z,2025-09-16T21:33:26Z,,0,0,0,2230,8,2,0
vercel/next.js,83901,closed,2025-09-17T15:41:23Z,2025-09-17T18:54:54Z,2025-09-17T18:54:54Z,33,62,1,2021,4,2,0
vercel/next.js,83561,closed,2025-09-08T11:06:12Z,2025-09-17T19:12:32Z,2025-09-17T19:12:32Z,39,3,1,412,2,16,0
vercel/next.js,83847,closed,2025-09-16T16:14:51Z,2025-09-17T20:44:08Z,2025-09-17T20:44:07Z,342,235,35,245,5,2,0
vercel/next.js,83886,closed,2025-09-17T10:16:55Z,2025-09-17T20:54:47Z,2025-09-17T20:54:47Z,65,3,2,699,5,1,0
vercel/next.js,83908,closed,2025-09-17T17:55:13Z,2025-09-17T21:35:01Z,2025-09-17T21:35:01Z,17,7,1,181,5,2,0
vercel/next.js,83468,closed,2025-09-05T03:39:53Z,2025-09-17T23:10:23Z,2025-09-17T23:10:23Z,5,0,1,414,6,3,0
vercel/next.js,83999,open,2025-09-19T19:26:15Z,,,65,45,6,269,6,6,0
vercel/next.js,84360,open,2025-09-29T23:36:33Z,,,136,19,4,266,3,3,0
vercel/next.js,84433,open,2025-10-01T22:22:39Z,,,28,9,1,2013,1,1,0
vercel/next.js,84432,open,2025-10-01T22:22:37Z,,,24,12,1,2155,2,1,0
vercel/next.js,84434,open,2025-10-01T22:22:41Z,,,27,23,1,2105,1,1,0
vercel/next.js,84431,open,2025-10-01T22:22:14Z,,,73,34,2,2146,1,1,0
vercel/next.js,84413,open,2025-10-01T15:06:03Z,,,1588,115,20,1915,3,3,0
vercel/next.js,84408,closed,2025-10-01T13:18:22Z,2025-10-01T21:20:56Z,2025-10-01T21:20:56Z,202,30,33,272,5,8,0
vercel/next.js,84409,open,2025-10-01T13:34:28Z,,,124,40,1,97,3,4,0
vercel/next.js,84418,open,2025-10-01T17:56:01Z,,,175,82,5,772,3,1,0
vercel/next.js,84124,open,2025-09-23T08:37:09Z,,,4,0,2,131,3,1,0
vercel/next.js,84119,open,2025-09-23T07:36:19Z,,,741,36,36,724,4,5,0
vercel/next.js,84401,closed,2025-10-01T09:19:30Z,2025-10-01T19:29:54Z,2025-10-01T19:29:54Z,115,92,10,209,3,7,0
vercel/next.js,84386,closed,2025-09-30T18:32:28Z,2025-10-01T19:28:20Z,2025-10-01T19:28:20Z,11,11,1,2304,2,6,0
vercel/next.js,84213,closed,2025-09-25T05:30:16Z,2025-10-01T18:45:52Z,,9,1,1,1860,3,1,0
vercel/next.js,84321,closed,2025-09-28T23:47:51Z,2025-10-01T18:45:41Z,,42,5,1,66,3,2,0
vercel/next.js,84300,closed,2025-09-27T21:23:45Z,2025-10-01T18:45:33Z,,8,11,1,282,2,1,0
vercel/next.js,84164,open,2025-09-24T05:08:06Z,,,58,34,5,1897,4,5,0
vercel/next.js,84372,open,2025-09-30T10:20:47Z,,,215,52,9,506,4,1,0
vercel/next.js,84227,closed,2025-09-25T11:37:13Z,2025-10-01T18:02:28Z,2025-10-01T18:02:28Z,23,4,1,508,3,5,0
vercel/next.js,83918,open,2025-09-17T21:21:19Z,,,200,66,10,1451,4,27,0
vercel/next.js,84267,closed,2025-09-26T11:33:30Z,2025-10-01T17:21:55Z,2025-10-01T17:21:55Z,218,0,4,50,3,7,0
vercel/next.js,84406,open,2025-10-01T12:43:32Z,,,29,35,8,689,3,5,0
vercel/next.js,82418,open,2025-08-06T16:23:12Z,,,54,8,2,1726,5,2,0
vercel/next.js,81945,closed,2025-07-22T18:36:23Z,2025-10-01T14:34:15Z,2025-10-01T14:34:15Z,659,1136,16,677,4,24,0
vercel/next.js,84410,open,2025-10-01T13:38:57Z,,,3,3,1,43,4,1,0
vercel/next.js,80232,open,2025-06-06T08:09:05Z,,,7004,6939,9,134,2,2,0
vercel/next.js,83858,closed,2025-09-16T20:39:03Z,2025-09-17T00:11:42Z,2025-09-17T00:11:42Z,3,3,2,786,3,2,0
vercel/next.js,83241,closed,2025-08-29T19:13:10Z,2025-09-17T05:50:52Z,2025-09-17T05:50:52Z,150,138,20,2294,10,15,0
vercel/next.js,83277,closed,2025-08-31T16:26:31Z,2025-09-17T06:48:31Z,2025-09-17T06:48:31Z,109,54,7,642,5,13,0
vercel/next.js,81853,closed,2025-07-19T16:55:05Z,2025-09-17T08:33:37Z,2025-09-17T08:33:37Z,1,0,1,0,4,4,0
Snailclimb/JavaGuide,2718,closed,2025-09-10T02:28:53Z,2025-09-11T03:07:46Z,2025-09-11T03:07:46Z,1,1,1,16,1,0,0
Snailclimb/JavaGuide,2710,closed,2025-08-27T09:49:15Z,2025-08-28T06:50:36Z,2025-08-28T06:50:36Z,6,6,1,22,1,0,0
Snailclimb/JavaGuide,2704,closed,2025-08-06T11:47:55Z,2025-08-07T07:51:28Z,2025-08-07T07:51:28Z,1,1,1,51,1,0,0
Snailclimb/JavaGuide,2703,closed,2025-08-05T12:51:49Z,2025-08-07T08:03:58Z,2025-08-07T08:03:58Z,1,1,1,144,1,0,0
Snailclimb/JavaGuide,2701,closed,2025-08-03T09:10:36Z,2025-08-07T08:02:29Z,2025-08-07T08:02:29Z,1,1,1,93,1,0,0
Snailclimb/JavaGuide,2694,closed,2025-07-13T10:38:06Z,2025-07-27T03:27:18Z,2025-07-27T03:27:18Z,3,0,1,46,1,0,0
Snailclimb/JavaGuide,2698,closed,2025-07-25T10:39:09Z,2025-07-27T03:24:44Z,2025-07-27T03:24:44Z,3,3,1,20,2,0,0
Snailclimb/JavaGuide,2683,closed,2025-06-25T08:21:50Z,2025-06-30T08:09:39Z,2025-06-30T08:09:39Z,1,0,1,94,4,0,0
Snailclimb/JavaGuide,2662,closed,2025-04-15T14:38:25Z,2025-04-24T23:39:33Z,2025-04-24T23:39:33Z,2,2,1,1545,2,0,0
Snailclimb/JavaGuide,2657,closed,2025-04-06T12:19:26Z,2025-04-06T23:15:05Z,2025-04-06T23:15:05Z,2,2,1,81,1,0,0
Snailclimb/JavaGuide,2681,closed,2025-06-18T06:32:28Z,2025-06-30T08:11:58Z,2025-06-30T08:11:58Z,1,1,1,263,2,0,0
Snailclimb/JavaGuide,2671,closed,2025-05-12T13:01:14Z,2025-05-13T13:29:26Z,2025-05-13T13:29:26Z,1,1,1,86,1,0,0
Snailclimb/JavaGuide,2667,closed,2025-04-25T08:49:22Z,2025-05-12T08:47:37Z,2025-05-12T08:47:37Z,1,1,1,93,2,0,0
Snailclimb/JavaGuide,2663,closed,2025-04-15T16:56:43Z,2025-04-24T23:09:10Z,2025-04-24T23:09:09Z,8,8,1,536,1,0,0
Snailclimb/JavaGuide,2629,closed,2025-03-02T12:38:37Z,2025-04-22T14:34:53Z,,231,231,10,55,1,0,0
Snailclimb/JavaGuide,2654,closed,2025-04-01T12:10:11Z,2025-04-02T04:46:56Z,,1,1,1,55,1,0,0
Snailclimb/JavaGuide,2652,closed,2025-03-25T14:26:03Z,2025-03-26T05:05:33Z,,1,1,1,25,1,0,0
Snailclimb/JavaGuide,2648,closed,2025-03-19T06:35:49Z,2025-03-19T13:59:49Z,2025-03-19T13:59:49Z,1,0,1,186,1,0,0
Snailclimb/JavaGuide,2638,closed,2025-03-12T13:04:47Z,2025-03-13T02:07:28Z,,1,1,1,23,1,0,0
Snailclimb/JavaGuide,2634,closed,2025-03-08T03:19:12Z,2025-03-08T13:34:58Z,2025-03-08T13:34:58Z,3,3,1,76,1,0,0
yangshun/tech-interview-handbook,1,closed,2017-09-25T06:25:27Z,2017-09-25T08:03:20Z,2017-09-25T08:03:20Z,1,1,1,0,1,0,0
yangshun/tech-interview-handbook,717,closed,2025-08-26T06:38:19Z,2025-08-27T00:17:34Z,2025-08-27T00:17:33Z,162,6,4,583,1,0,0
yangshun/tech-interview-handbook,580,closed,2023-04-19T11:55:28Z,2025-07-18T10:22:15Z,,2,2,1,117,1,0,0
yangshun/tech-interview-handbook,697,closed,2025-04-27T18:07:37Z,2025-04-28T00:33:05Z,2025-04-28T00:33:05Z,1,1,1,728,1,0,0
yangshun/tech-interview-handbook,639,closed,2024-04-05T15:18:06Z,2024-10-06T11:15:03Z,2024-10-06T11:15:03Z,1,1,1,57,1,0,0
yangshun/tech-interview-handbook,30,closed,2017-10-03T21:42:09Z,2017-10-04T17:00:29Z,2017-10-04T17:00:29Z,17,0,1,0,4,2,0
yangshun/tech-interview-handbook,622,closed,2023-11-26T15:46:59Z,2023-11-26T23:10:09Z,2023-11-26T23:10:09Z,48,2,3,494,0,1,0
yangshun/tech-interview-handbook,610,closed,2023-09-29T23:50:09Z,2023-09-30T02:35:50Z,2023-09-30T02:35:50Z,9,0,1,373,1,0,0
yangshun/tech-interview-handbook,593,closed,2023-06-19T13:28:22Z,2023-06-19T22:33:52Z,2023-06-19T22:33:52Z,1,0,1,82,2,0,0
yangshun/tech-interview-handbook,589,closed,2023-06-08T14:44:03Z,2023-06-19T22:33:01Z,,1,1,1,104,2,0,0
yangshun/tech-interview-handbook,295,closed,2022-08-22T01:28:41Z,2023-04-11T10:07:15Z,,0,31,1,334,4,0,0
yangshun/tech-interview-handbook,568,closed,2023-01-30T11:04:07Z,2023-02-05T09:59:06Z,2023-02-05T09:59:06Z,116,4,1,282,1,2,0
yangshun/tech-interview-handbook,566,closed,2023-01-24T20:53:45Z,2023-01-28T23:37:44Z,2023-01-28T23:37:44Z,11,6,1,16,1,0,0
yangshun/tech-interview-handbook,510,closed,2022-11-05T13:05:02Z,2022-12-04T09:09:45Z,,398,9,15,0,0,1,0
yangshun/tech-interview-handbook,563,closed,2022-12-22T19:34:55Z,2022-12-27T08:06:25Z,2022-12-27T08:06:25Z,4,0,2,158,1,0,0
yangshun/tech-interview-handbook,560,closed,2022-11-25T16:58:12Z,2022-12-27T08:05:19Z,,1,1,1,61,1,0,0
yangshun/tech-interview-handbook,558,closed,2022-11-21T09:35:39Z,2022-11-21T11:20:02Z,2022-11-21T11:20:02Z,1,1,1,48,2,0,0
golang/go,75687,closed,2025-10-01T09:46:40Z,2025-10-01T16:18:31Z,,2,2,2,12,21,0,0
golang/go,75565,closed,2025-09-21T20:02:11Z,2025-09-30T20:47:08Z,,35,32,1,1351,24,0,0
golang/go,69533,closed,2024-09-19T12:19:57Z,2025-09-30T20:46:13Z,,121,18,2,187,63,0,0
golang/go,75621,closed,2025-09-26T19:13:20Z,2025-09-30T17:29:10Z,,207,5,6,14,48,0,0
golang/go,75483,closed,2025-09-16T10:51:11Z,2025-09-29T15:03:17Z,,117,87,2,1425,20,0,0
golang/go,75522,closed,2025-09-18T12:46:20Z,2025-09-29T04:48:02Z,,57,103,1,658,87,0,0
golang/go,75550,closed,2025-09-20T00:29:58Z,2025-09-22T18:45:23Z,,1,2,1,73,10,0,0
golang/go,75101,closed,2025-08-20T12:02:36Z,2025-09-21T12:41:49Z,,1,1,1,0,2,0,0
golang/go,75099,closed,2025-08-20T11:46:41Z,2025-09-21T12:41:43Z,,3,3,1,0,2,0,0
golang/go,75098,closed,2025-08-20T11:34:24Z,2025-09-21T12:41:37Z,,1,1,1,0,2,0,0
golang/go,75548,closed,2025-09-19T21:50:03Z,2025-09-20T00:16:10Z,,1,1,1,17,8,0,0
golang/go,68519,closed,2024-07-18T22:03:54Z,2024-07-22T21:09:36Z,,24,0,1,0,14,0,0
golang/go,68518,closed,2024-07-18T21:34:49Z,2024-07-22T17:53:01Z,,1,1,1,0,13,0,0
golang/go,75531,closed,2025-09-18T17:32:26Z,2025-09-19T15:41:29Z,,27,10,2,970,15,0,0
golang/go,75306,closed,2025-09-08T00:23:17Z,2025-09-19T04:10:38Z,,186,22,19,454,81,0,0
golang/go,75494,closed,2025-09-17T09:39:45Z,2025-09-17T16:03:33Z,,19,19,2,55,8,0,0
golang/go,75408,closed,2025-09-11T09:16:20Z,2025-09-18T01:59:25Z,,21,1,5,122,43,0,0
golang/go,74561,closed,2025-07-10T14:48:19Z,2025-09-16T14:52:51Z,,2,0,1,216,20,0,0
golang/go,75233,closed,2025-09-02T18:03:29Z,2025-09-16T09:48:43Z,,16,0,2,277,3,0,0
golang/go,75349,closed,2025-09-10T05:42:16Z,2025-09-15T12:30:27Z,,30,30,4,61,20,0,0
golang/go,75259,closed,2025-09-04T14:56:11Z,2025-09-16T00:46:13Z,,178,50,39,2397,59,0,0
golang/go,75297,closed,2025-09-06T22:48:44Z,2025-09-16T00:38:35Z,,12,4,2,109,14,0,0
golang/go,75293,closed,2025-09-06T11:24:27Z,2025-09-15T12:30:21Z,,2,2,1,58,20,0,0
golang/go,71361,closed,2025-01-21T12:40:15Z,2025-09-14T20:33:47Z,,3,0,1,49,5,0,0
golang/go,53528,closed,2022-06-24T08:03:10Z,2025-09-14T20:21:14Z,,82,0,2,1053,187,0,0
521xueweihan/HelloGitHub,2953,closed,2025-05-09T06:46:13Z,2025-08-23T15:28:57Z,,1,1,1,0,4,0,0
521xueweihan/HelloGitHub,2971,closed,2025-06-11T12:06:47Z,2025-07-28T01:04:41Z,,1,1,1,144,1,0,0
521xueweihan/HelloGitHub,2945,closed,2025-04-30T09:23:29Z,2025-05-07T09:45:07Z,,6,0,1,0,1,0,0
521xueweihan/HelloGitHub,2721,closed,2024-03-31T01:13:17Z,2024-04-28T01:07:50Z,,1,1,1,0,1,0,0
521xueweihan/HelloGitHub,2689,closed,2024-02-21T05:52:09Z,2024-03-28T01:16:32Z,,1,1,1,12,2,0,0
521xueweihan/HelloGitHub,2660,closed,2023-12-21T11:58:14Z,2023-12-28T00:08:47Z,,105,0,1,46,3,0,0
521xueweihan/HelloGitHub,2580,closed,2023-07-20T14:14:12Z,2023-07-28T05:50:40Z,2023-07-28T05:50:40Z,42,2,3,37,1,0,0
521xueweihan/HelloGitHub,2448,closed,2022-12-05T07:50:54Z,2022-12-28T08:14:24Z,,1,1,1,0,1,0,0
521xueweihan/HelloGitHub,2362,closed,2022-09-14T08:59:43Z,2022-09-28T00:17:42Z,,1,1,1,0,1,0,0
521xueweihan/HelloGitHub,2120,closed,2022-03-09T13:25:38Z,2022-03-23T10:22:58Z,,2,0,1,13,1,0,0
521xueweihan/HelloGitHub,1233,closed,2020-05-17T03:12:09Z,2020-05-17T10:11:28Z,,5,0,1,15,3,0,0
521xueweihan/HelloGitHub,942,closed,2019-12-03T18:44:06Z,2019-12-06T01:57:10Z,,1,1,1,0,2,0,0
521xueweihan/HelloGitHub,465,closed,2019-02-26T09:36:56Z,2019-02-28T09:44:27Z,2019-02-28T09:44:27Z,1,1,1,43,1,0,0
521xueweihan/HelloGitHub,453,closed,2019-02-21T02:49:48Z,2019-02-26T09:48:19Z,,41,41,13,43,3,0,0
521xueweihan/HelloGitHub,201,closed,2018-03-02T10:43:56Z,2018-04-11T07:51:49Z,,1,1,1,0,1,0,0
labuladong/fucking-algorithm,1483,closed,2023-08-30T01:56:42Z,2024-04-02T08:32:15Z,,71126,71076,1,308,1,0,0
labuladong/fucking-algorithm,943,closed,2022-06-16T04:15:36Z,2023-08-01T03:31:17Z,,26,1,1,9,1,0,0
labuladong/fucking-algorithm,1406,closed,2023-05-30T10:25:11Z,2023-06-14T09:46:39Z,2023-06-14T09:46:39Z,23,19,1,307,3,2,0
labuladong/fucking-algorithm,1414,closed,2023-06-09T04:41:30Z,2023-06-13T09:50:18Z,2023-06-13T09:50:18Z,1,1,1,300,1,0,0
labuladong/fucking-algorithm,1401,closed,2023-05-17T08:12:52Z,2023-06-13T09:55:09Z,2023-06-13T09:55:09Z,16,11,1,580,2,0,0
labuladong/fucking-algorithm,1407,closed,2023-06-01T19:35:58Z,2023-06-02T08:28:21Z,,5,3,1,518,1,0,0
labuladong/fucking-algorithm,1397,closed,2023-05-16T09:44:35Z,2023-05-30T10:24:22Z,,70289,70273,1,307,2,0,0
labuladong/fucking-algorithm,656,closed,2021-02-18T08:15:10Z,2023-03-26T06:22:38Z,,72,0,2,40,1,0,0
labuladong/fucking-algorithm,904,closed,2022-03-24T10:25:01Z,2023-03-26T06:22:50Z,,1,1,1,0,0,1,0
labuladong/fucking-algorithm,690,closed,2021-08-12T02:03:26Z,2023-03-26T06:22:41Z,,1,1,1,0,1,0,0
labuladong/fucking-algorithm,685,closed,2021-07-19T08:31:30Z,2023-03-26T06:22:41Z,,1,1,1,8,0,1,0
labuladong/fucking-algorithm,683,closed,2021-07-13T15:34:13Z,2023-03-26T06:22:40Z,,20,0,1,8,1,0,0
labuladong/fucking-algorithm,1089,closed,2022-10-20T04:45:45Z,2022-10-20T07:56:49Z,2022-10-20T07:56:49Z,1,1,1,21,1,0,0
labuladong/fucking-algorithm,942,closed,2022-06-09T15:58:01Z,2022-06-23T07:58:32Z,2022-06-23T07:58:32Z,1,4,1,0,1,0,0
labuladong/fucking-algorithm,716,closed,2021-11-29T14:23:28Z,2022-04-28T07:09:50Z,2022-04-28T07:09:50Z,1,1,1,7,1,0,0
labuladong/fucking-algorithm,737,closed,2022-03-04T15:42:54Z,2022-03-16T21:55:51Z,2022-03-16T21:55:51Z,42,44,1,329,1,0,0
labuladong/fucking-algorithm,718,closed,2021-12-09T05:04:41Z,2021-12-09T13:47:08Z,2021-12-09T13:47:08Z,2,0,1,165,1,0,0
labuladong/fucking-algorithm,663,closed,2021-03-16T01:09:47Z,2021-07-20T17:27:21Z,,463,369,9,961,2,0,0
labuladong/fucking-algorithm,653,closed,2021-02-09T23:56:38Z,2021-07-06T12:25:38Z,2021-07-06T12:25:38Z,1,3,1,25,1,0,0
labuladong/fucking-algorithm,647,closed,2021-01-23T07:18:43Z,2021-03-21T03:48:39Z,,2,2,1,0,1,0,0
labuladong/fucking-algorithm,645,closed,2021-01-21T09:48:02Z,2021-03-21T03:44:31Z,,6379,76,56,51,1,0,0
labuladong/fucking-algorithm,630,closed,2020-12-23T21:14:54Z,2021-03-20T09:01:48Z,,4,0,2,0,1,0,0
labuladong/fucking-algorithm,615,closed,2020-12-03T10:36:21Z,2021-03-20T08:26:43Z,,40,8,3,144,2,0,0
labuladong/fucking-algorithm,613,closed,2020-12-02T05:16:04Z,2021-03-20T08:25:35Z,,42,0,2,323,1,0,0
yt-dlp/yt-dlp,10155,closed,2024-06-10T19:46:36Z,2024-07-05T23:02:35Z,2024-07-05T23:02:35Z,471,91,4,2052,11,37,0
yt-dlp/yt-dlp,14511,closed,2025-09-30T11:08:44Z,2025-10-01T08:01:43Z,,11,7,3,3313,3,0,0
yt-dlp/yt-dlp,14473,closed,2025-09-27T12:55:02Z,2025-10-01T06:53:19Z,2025-10-01T06:53:19Z,3,3,1,2878,5,9,0
yt-dlp/yt-dlp,10136,closed,2024-06-08T14:48:41Z,2025-09-30T11:15:06Z,,129,0,2,2282,3,0,0
yt-dlp/yt-dlp,14471,closed,2025-09-27T10:29:32Z,2025-09-29T03:25:09Z,2025-09-29T03:25:09Z,28,2,4,2830,0,1,0
yt-dlp/yt-dlp,14484,closed,2025-09-28T18:56:24Z,2025-09-28T22:15:57Z,,224,0,3,2265,1,0,0
yt-dlp/yt-dlp,14430,closed,2025-09-24T17:43:40Z,2025-09-26T21:19:57Z,2025-09-26T21:19:57Z,61,21,1,2948,0,1,0
yt-dlp/yt-dlp,13427,closed,2025-06-09T05:32:48Z,2025-09-23T06:33:32Z,,0,16,1,2643,1,0,0
yt-dlp/yt-dlp,14411,closed,2025-09-23T15:05:48Z,2025-09-26T07:15:21Z,,1,0,1,3735,4,0,0
yt-dlp/yt-dlp,14414,closed,2025-09-23T17:57:17Z,2025-09-25T11:24:09Z,,102,0,3,2862,2,0,0
yt-dlp/yt-dlp,14433,closed,2025-09-25T01:17:13Z,2025-09-25T07:15:08Z,,149,18,1,4540,5,0,0
Genymobile/scrcpy,4154,closed,2023-07-10T21:44:42Z,2025-09-25T19:34:20Z,,156,24,3,365,1,1,0
Genymobile/scrcpy,5526,closed,2024-11-24T23:02:40Z,2024-11-26T19:11:13Z,,131,22,5,371,4,0,0
Genymobile/scrcpy,3341,closed,2022-06-20T08:49:22Z,2025-09-18T17:17:01Z,,789,41,27,1028,7,11,0
Genymobile/scrcpy,6350,closed,2025-09-13T14:01:56Z,2025-09-13T15:22:18Z,,319,16,13,299,4,0,0
Genymobile/scrcpy,6344,closed,2025-09-11T12:54:59Z,2025-09-13T14:26:49Z,,3,2,1,1393,15,2,0
Genymobile/scrcpy,5153,closed,2024-07-30T21:42:39Z,2025-08-14T13:40:25Z,,121,16,9,544,3,0,0
Genymobile/scrcpy,4761,closed,2024-03-15T14:48:10Z,2025-08-29T04:09:21Z,,23,2,10,89,1,0,0
Genymobile/scrcpy,6259,closed,2025-07-25T10:39:28Z,2025-08-14T08:34:45Z,,789,683,43,2957,7,0,0
Genymobile/scrcpy,6244,closed,2025-07-21T02:26:18Z,2025-08-12T16:19:27Z,,1,1,1,1259,5,0,0
Genymobile/scrcpy,6172,closed,2025-06-20T08:04:48Z,2025-06-20T16:38:05Z,2025-06-20T16:38:05Z,63,22,9,676,1,0,0
Genymobile/scrcpy,5214,closed,2024-08-18T11:40:45Z,2024-10-29T00:33:14Z,,33,2,3,76,4,0,0
Genymobile/scrcpy,5175,closed,2024-08-06T21:44:47Z,2024-10-29T00:33:09Z,,334,62,23,259,1,2,0
Genymobile/scrcpy,5148,closed,2024-07-28T12:15:36Z,2024-08-01T10:17:47Z,,5,0,1,349,4,0,0
Genymobile/scrcpy,5147,closed,2024-07-28T07:38:48Z,2024-09-24T03:33:15Z,,0,0,0,372,8,0,0
Genymobile/scrcpy,5109,closed,2024-07-17T12:29:51Z,2024-07-17T16:03:16Z,,22,1,2,351,1,0,0
Genymobile/scrcpy,5102,closed,2024-07-16T19:43:03Z,2024-07-19T15:49:42Z,2024-07-19T15:49:41Z,558,210,23,903,1,0,0
Genymobile/scrcpy,5079,closed,2024-07-12T03:57:19Z,2024-09-15T19:39:08Z,,1176,2,23,409,8,0,0
Genymobile/scrcpy,5058,closed,2024-07-04T23:55:21Z,2024-07-05T22:13:46Z,,4,0,1,15,1,0,0
Genymobile/scrcpy,5051,closed,2024-07-03T09:49:21Z,2024-07-05T22:02:02Z,,7,7,1,154,4,0,0
Genymobile/scrcpy,5022,closed,2024-06-24T21:16:41Z,2024-06-29T10:41:27Z,2024-06-29T10:41:27Z,289,69,15,1545,4,0,0
Genymobile/scrcpy,5014,closed,2024-06-23T00:21:08Z,2024-07-11T00:29:04Z,,65,18,16,1289,9,25,0
Genymobile/scrcpy,5008,closed,2024-06-21T05:57:30Z,2024-06-21T15:07:13Z,,12,8,1,905,3,0,0
Genymobile/scrcpy,4977,closed,2024-06-07T21:40:02Z,2024-06-22T23:04:36Z,,71,16,18,979,4,0,0
Genymobile/scrcpy,4952,closed,2024-05-28T06:40:02Z,2024-05-28T08:36:37Z,,2,1,1,216,1,0,0
Genymobile/scrcpy,4930,closed,2024-05-16T07:04:22Z,2024-05-28T02:39:52Z,,26,2,2,593,0,4,0
Genymobile/scrcpy,4877,closed,2024-04-23T07:58:32Z,2024-06-24T21:20:43Z,,81,11,6,566,5,0,0
Genymobile/scrcpy,4868,closed,2024-04-20T16:37:20Z,2024-05-11T15:16:09Z,2024-05-11T15:16:09Z,408,89,20,1269,13,0,0
Genymobile/scrcpy,4859,closed,2024-04-17T20:00:14Z,2024-04-18T21:37:13Z,,2546,450,31,276,2,0,0
Genymobile/scrcpy,4841,closed,2024-04-12T06:19:21Z,2024-04-15T13:27:05Z,,25,25,1,127,3,0,0
Genymobile/scrcpy,4840,closed,2024-04-12T02:48:31Z,2024-11-16T23:38:42Z,,5,0,1,136,24,0,0
Genymobile/scrcpy,4830,closed,2024-04-09T11:51:26Z,2024-04-10T13:16:06Z,,97,36,6,227,1,1,0
Genymobile/scrcpy,4822,closed,2024-04-07T01:40:17Z,2024-07-17T15:16:40Z,,13,5,1,166,5,0,0
Genymobile/scrcpy,4748,closed,2024-03-09T14:19:26Z,2024-03-30T13:27:23Z,2024-03-30T13:27:23Z,107,29,6,251,10,0,0
Genymobile/scrcpy,4740,closed,2024-03-07T19:27:44Z,2024-04-07T09:24:38Z,,34,4,1,2254,17,0,0
Genymobile/scrcpy,4716,closed,2024-03-02T14:40:10Z,2024-03-02T15:49:19Z,,1,1,1,0,1,0,0
Genymobile/scrcpy,4713,closed,2024-03-01T19:03:23Z,2024-03-02T21:53:50Z,2024-03-02T21:53:50Z,348,184,15,700,4,3,0
langflow-ai/langflow,10041,closed,2025-09-30T03:10:17Z,2025-10-01T17:33:11Z,2025-10-01T17:33:11Z,43,0,3,884,7,0,0
langflow-ai/langflow,9975,closed,2025-09-25T02:27:54Z,2025-09-30T22:32:04Z,2025-09-30T22:32:04Z,622,475,7,2312,3,3,0
langflow-ai/langflow,9458,closed,2025-08-20T19:25:30Z,2025-08-21T23:45:58Z,2025-08-21T23:45:58Z,379,289,13,4954,4,20,0
langflow-ai/langflow,9088,closed,2025-07-17T13:58:53Z,2025-08-13T20:39:24Z,2025-08-13T20:39:24Z,7473,605,53,1713,6,7,0
langflow-ai/langflow,9233,closed,2025-07-29T16:56:19Z,2025-07-29T18:17:52Z,2025-07-29T18:17:52Z,33,3,2,2626,5,1,0
langflow-ai/langflow,10003,closed,2025-09-26T19:39:47Z,2025-09-30T22:34:49Z,2025-09-30T22:34:49Z,57,51,26,3663,6,9,0
langflow-ai/langflow,9962,closed,2025-09-24T03:46:14Z,2025-09-30T21:39:49Z,2025-09-30T21:39:49Z,543,8,4,2678,3,9,0
langflow-ai/langflow,10043,closed,2025-09-30T15:25:49Z,2025-09-30T21:11:54Z,2025-09-30T21:11:54Z,85,8,3,400,3,0,0
langflow-ai/langflow,9988,closed,2025-09-26T03:28:10Z,2025-09-30T21:10:04Z,2025-09-30T21:10:04Z,1143,140,11,882,4,7,0
langflow-ai/langflow,10032,closed,2025-09-29T21:47:02Z,2025-09-30T20:52:16Z,2025-09-30T20:52:16Z,2,5,2,136,3,3,0
langflow-ai/langflow,10009,closed,2025-09-27T03:00:38Z,2025-09-30T20:21:35Z,2025-09-30T20:21:35Z,15,9,1,1335,4,0,0
langflow-ai/langflow,9891,closed,2025-09-17T00:51:03Z,2025-09-30T20:10:49Z,2025-09-30T20:10:49Z,2159,66,36,3228,10,71,0
Chalarangelo/30-seconds-of-code,2123,closed,2025-08-07T16:49:19Z,2025-08-20T14:18:16Z,,24,22,2,17151,1,0,0
Chalarangelo/30-seconds-of-code,2122,closed,2025-07-23T18:40:38Z,2025-07-24T07:20:53Z,,44,0,1,719,2,0,0
Chalarangelo/30-seconds-of-code,2120,closed,2025-07-18T05:55:29Z,2025-07-23T06:20:58Z,,65,0,1,44,1,0,0
Chalarangelo/30-seconds-of-code,2121,closed,2025-07-22T18:33:39Z,2025-07-23T06:18:06Z,,11,0,1,282,1,0,0
Chalarangelo/30-seconds-of-code,2111,closed,2025-04-30T19:36:09Z,2025-05-21T17:12:03Z,2025-05-21T17:12:03Z,45,11,1,15262,1,0,0
Chalarangelo/30-seconds-of-code,2110,closed,2025-04-23T12:22:55Z,2025-04-24T06:08:55Z,,96,0,1,565,1,0,0
Chalarangelo/30-seconds-of-code,2106,closed,2025-04-04T15:54:44Z,2025-04-05T11:15:48Z,,3,3,1,3727,1,0,0
Chalarangelo/30-seconds-of-code,2100,closed,2025-02-08T07:50:56Z,2025-02-08T09:56:53Z,,1,1,1,17,0,1,0
Chalarangelo/30-seconds-of-code,2093,closed,2024-12-18T15:38:31Z,2024-12-18T19:01:23Z,,252,349,2,11572,1,0,0
Chalarangelo/30-seconds-of-code,2083,closed,2024-06-21T20:10:46Z,2024-08-20T13:32:03Z,2024-08-20T13:32:03Z,7,7,1,4378,4,0,0
Chalarangelo/30-seconds-of-code,2087,closed,2024-08-02T02:03:17Z,2024-08-02T13:12:28Z,,1,1,1,8750,1,0,0
Chalarangelo/30-seconds-of-code,2086,closed,2024-07-25T16:06:16Z,2024-08-02T13:12:21Z,,1,1,1,4373,1,0,0
Chalarangelo/30-seconds-of-code,2085,closed,2024-07-25T16:06:10Z,2024-08-02T02:03:19Z,,1,1,1,9353,1,0,0
Chalarangelo/30-seconds-of-code,2082,closed,2024-04-03T17:57:13Z,2024-05-11T01:08:59Z,,505,68,1,13974,4,0,0
Chalarangelo/30-seconds-of-code,2080,closed,2023-12-06T02:07:37Z,2023-12-18T12:17:51Z,,3,3,1,13061,1,0,0
Chalarangelo/30-seconds-of-code,2020,closed,2023-09-27T14:13:28Z,2023-09-29T07:25:52Z,2023-09-29T07:25:52Z,2,2,1,62,1,0,0
Chalarangelo/30-seconds-of-code,2048,closed,2023-10-16T16:25:41Z,2023-10-31T20:52:36Z,,563,506,45,10583,4,0,0
Chalarangelo/30-seconds-of-code,2009,closed,2023-09-22T19:50:14Z,2023-10-31T20:52:05Z,,306,366,35,6532,2,0,0
Chalarangelo/30-seconds-of-code,2050,closed,2023-10-19T07:11:13Z,2023-10-31T20:50:27Z,,574,505,46,18288,3,0,0
Chalarangelo/30-seconds-of-code,2037,closed,2023-10-06T17:40:16Z,2023-10-24T05:42:44Z,,33,0,1,146,1,0,0
microsoft/PowerToys,41961,closed,2025-09-23T22:37:10Z,2025-10-01T21:45:02Z,2025-10-01T21:45:02Z,6098,898,70,7676,29,67,0
microsoft/PowerToys,42115,closed,2025-09-30T18:15:43Z,2025-10-01T10:50:53Z,2025-10-01T10:50:53Z,498,17,8,197,0,1,0
microsoft/PowerToys,42106,closed,2025-09-30T12:35:08Z,2025-10-01T01:32:14Z,2025-10-01T01:32:14Z,1,1,1,379,2,0,0
microsoft/PowerToys,42097,closed,2025-09-29T19:06:03Z,2025-09-30T17:55:06Z,2025-09-30T17:55:06Z,15,5,5,181,4,1,0
microsoft/PowerToys,41992,closed,2025-09-24T22:31:14Z,2025-09-30T17:53:15Z,,306,2,4,1367,2,16,0
microsoft/PowerToys,41952,closed,2025-09-23T14:11:18Z,2025-09-30T17:53:23Z,2025-09-30T17:53:22Z,3,0,2,1193,3,2,0
microsoft/PowerToys,42109,closed,2025-09-30T15:03:34Z,2025-09-30T17:16:46Z,,153,12,5,4569,0,3,0
microsoft/PowerToys,42071,closed,2025-09-29T01:22:45Z,2025-09-30T16:03:52Z,2025-09-30T16:03:52Z,94,2,2,1872,5,0,0
microsoft/PowerToys,42102,closed,2025-09-29T20:11:53Z,2025-09-30T14:06:49Z,2025-09-30T14:06:49Z,43,24,2,2348,3,0,0
microsoft/PowerToys,41773,closed,2025-09-12T01:22:17Z,2025-09-15T05:59:48Z,2025-09-15T05:59:48Z,30,16,1,2292,1,0,0
microsoft/PowerToys,41719,closed,2025-09-09T19:35:37Z,2025-09-12T05:34:10Z,2025-09-12T05:34:10Z,16,4,1,2332,3,1,0
microsoft/PowerToys,41420,closed,2025-08-27T13:26:44Z,2025-08-29T18:35:36Z,2025-08-29T18:35:36Z,30,27,2,1629,0,2,0
microsoft/PowerToys,41460,closed,2025-08-29T05:44:57Z,2025-09-29T01:11:29Z,2025-09-29T01:11:29Z,10,7,1,3643,2,0,0
microsoft/PowerToys,41418,closed,2025-08-27T12:29:39Z,2025-09-01T13:25:11Z,2025-09-01T13:25:11Z,25,63,3,1802,1,3,0
microsoft/PowerToys,42006,closed,2025-09-25T07:42:44Z,2025-09-29T02:05:22Z,2025-09-29T02:05:21Z,64,12,2,6057,5,11,0
microsoft/PowerToys,41419,closed,2025-08-27T12:42:13Z,2025-08-29T18:47:36Z,2025-08-29T18:47:36Z,14,43,3,1783,0,1,0
microsoft/PowerToys,41417,closed,2025-08-27T12:20:27Z,2025-09-01T13:24:49Z,2025-09-01T13:24:49Z,12,27,2,1665,0,2,0
microsoft/PowerToys,41444,closed,2025-08-28T11:23:23Z,2025-09-03T20:37:39Z,2025-09-03T20:37:39Z,420,11,12,2607,7,14,0
microsoft/PowerToys,41396,closed,2025-08-26T21:18:37Z,2025-09-26T17:04:47Z,2025-09-26T17:04:47Z,22,4,3,91,2,2,0
microsoft/PowerToys,41455,closed,2025-08-28T23:59:48Z,2025-09-02T20:42:25Z,2025-09-02T20:42:25Z,0,1,1,1794,2,0,0
microsoft/PowerToys,41398,closed,2025-08-26T21:56:52Z,2025-09-03T18:47:34Z,2025-09-03T18:47:33Z,342,208,10,1352,7,3,0
microsoft/PowerToys,41445,closed,2025-08-28T16:31:50Z,2025-09-05T17:12:03Z,2025-09-05T17:12:03Z,50,1,5,2312,9,1,0
microsoft/PowerToys,41427,closed,2025-08-27T19:09:05Z,2025-09-02T17:21:00Z,2025-09-02T17:20:59Z,32,1,4,3202,2,0,0
microsoft/PowerToys,41393,closed,2025-08-26T19:02:58Z,2025-09-02T17:21:44Z,2025-09-02T17:21:43Z,2,2,1,1763,3,1,0
microsoft/PowerToys,41746,closed,2025-09-10T19:02:46Z,2025-09-15T20:21:57Z,2025-09-15T20:21:57Z,5,0,1,104,0,1,0
microsoft/PowerToys,41754,closed,2025-09-11T00:18:42Z,2025-09-26T15:59:00Z,2025-09-26T15:59:00Z,1096,4,17,4383,17,3,0
microsoft/PowerToys,41582,closed,2025-09-03T18:27:41Z,2025-09-22T15:24:15Z,2025-09-22T15:24:14Z,338,12,12,2288,4,7,0
microsoft/PowerToys,41413,closed,2025-08-27T11:47:24Z,2025-09-03T16:30:57Z,2025-09-03T16:30:57Z,106,18,8,2412,6,7,0
microsoft/PowerToys,41476,closed,2025-08-29T14:40:13Z,2025-09-02T10:44:45Z,2025-09-02T10:44:45Z,1,1,1,1921,2,0,0
microsoft/PowerToys,41551,closed,2025-09-02T23:00:22Z,2025-09-26T16:15:34Z,2025-09-26T16:15:34Z,381,166,17,106,3,18,0
facebook/react-native,50372,closed,2025-03-28T16:05:03Z,2025-10-02T05:01:11Z,,10,14,4,552,5,0,0
facebook/react-native,54021,closed,2025-10-02T01:35:50Z,2025-10-02T03:18:06Z,,96,0,2,157,3,0,0
facebook/react-native,54017,closed,2025-10-01T22:13:32Z,2025-10-02T00:26:05Z,,10,14,1,116,3,0,0
facebook/react-native,54011,closed,2025-10-01T15:42:52Z,2025-10-01T19:51:54Z,,8,0,2,799,3,0,0
facebook/react-native,53787,closed,2025-09-15T17:19:47Z,2025-10-01T17:59:56Z,,0,223,3,175,13,0,0
facebook/react-native,52520,closed,2025-07-09T23:04:42Z,2025-07-22T10:59:08Z,,1,1,1,1579,10,0,0
facebook/react-native,54009,closed,2025-10-01T13:16:43Z,2025-10-01T14:17:19Z,,53,53,27,189,3,0,0
facebook/react-native,53526,closed,2025-08-29T08:58:02Z,2025-10-01T11:18:38Z,,780,30,37,1357,24,0,0
facebook/react-native,53995,closed,2025-09-30T14:19:57Z,2025-10-01T11:18:38Z,,509,30,33,358,2,0,0
facebook/react-native,53996,closed,2025-09-30T14:20:51Z,2025-10-01T11:18:37Z,,490,30,31,214,2,0,0
facebook/react-native,53994,closed,2025-09-30T14:16:30Z,2025-10-01T11:18:36Z,,475,25,29,226,3,0,0
facebook/react-native,54002,closed,2025-10-01T09:15:31Z,2025-10-01T11:14:39Z,,37,34,6,57,3,0,0
facebook/react-native,53860,closed,2025-09-19T17:42:36Z,2025-09-22T10:32:32Z,,62,2,2,572,4,3,0
facebook/react-native,53505,closed,2025-08-28T14:53:31Z,2025-10-01T09:46:19Z,,392,37,20,2361,15,4,0
facebook/react-native,53993,closed,2025-09-30T13:17:44Z,2025-10-01T07:39:40Z,,17,4,1,118,3,0,0
facebook/react-native,53997,closed,2025-09-30T15:13:21Z,2025-10-01T06:12:48Z,,0,4,1,134,1,0,0
facebook/react-native,53998,closed,2025-09-30T20:32:28Z,2025-10-01T03:21:36Z,,8,1,1,226,3,0,0
facebook/react-native,53991,closed,2025-09-30T12:30:56Z,2025-10-01T01:39:51Z,,1,1,1,142,6,0,0
facebook/react-native,52919,closed,2025-07-30T12:14:27Z,2025-09-30T17:01:08Z,,1,1,1,1293,4,0,0
facebook/react-native,53984,closed,2025-09-30T07:43:46Z,2025-09-30T15:43:57Z,,7,2,1,323,3,0,0
electron/electron,48433,closed,2025-10-02T05:27:47Z,2025-10-02T06:41:12Z,2025-10-02T06:41:12Z,8,14,1,59,1,0,0
electron/electron,48432,closed,2025-10-02T05:27:41Z,2025-10-02T06:41:03Z,2025-10-02T06:41:03Z,8,14,1,59,1,0,0
electron/electron,48407,closed,2025-09-28T01:34:18Z,2025-10-02T05:07:07Z,,13,5,1,1402,2,4,0
electron/electron,48293,closed,2025-09-10T17:31:53Z,2025-09-30T16:32:13Z,2025-09-30T16:32:13Z,4,3,1,1974,14,0,0
electron/electron,48420,closed,2025-09-30T01:37:47Z,2025-09-30T16:36:58Z,2025-09-30T16:36:58Z,1,1,1,12566,1,0,0
electron/electron,48415,closed,2025-09-29T18:17:03Z,2025-09-30T16:36:21Z,2025-09-30T16:36:20Z,2,1,1,59,1,0,0
electron/electron,48408,closed,2025-09-28T08:20:10Z,2025-09-29T18:16:39Z,2025-09-29T18:16:39Z,2,1,1,147,5,0,0
electron/electron,48417,closed,2025-09-29T18:17:12Z,2025-09-30T16:35:34Z,2025-09-30T16:35:33Z,2,1,1,59,1,0,0
electron/electron,48379,closed,2025-09-25T11:16:56Z,2025-09-25T23:40:56Z,2025-09-25T23:40:56Z,54,0,2,187,10,0,0
electron/electron,48419,closed,2025-09-30T00:50:39Z,2025-09-30T16:33:08Z,2025-09-30T16:33:08Z,54,0,2,104,2,1,0
electron/electron,47386,closed,2025-06-05T18:09:57Z,2025-07-17T12:50:12Z,2025-07-17T12:50:12Z,195,107,10,1745,13,11,0
electron/electron,48330,closed,2025-09-15T23:17:16Z,2025-09-30T01:37:50Z,,1,1,1,10111,1,0,0
electron/electron,48376,closed,2025-09-25T04:58:29Z,2025-09-26T19:41:17Z,2025-09-26T19:41:17Z,0,15,3,1998,19,0,0
electron/electron,48372,closed,2025-09-24T11:38:02Z,2025-09-26T20:34:07Z,2025-09-26T20:34:07Z,16,0,1,904,5,0,0
electron/electron,48404,closed,2025-09-26T20:34:32Z,2025-09-29T18:08:42Z,2025-09-29T18:08:42Z,16,0,1,104,1,0,0
electron/electron,48398,closed,2025-09-26T19:41:32Z,2025-09-27T23:16:33Z,2025-09-27T23:16:33Z,0,15,3,112,1,0,0
electron/electron,48394,closed,2025-09-25T23:41:22Z,2025-09-27T21:53:43Z,2025-09-27T21:53:43Z,54,0,2,104,1,0,0
electron/electron,48401,closed,2025-09-26T19:46:09Z,2025-09-27T17:35:12Z,2025-09-27T17:35:12Z,0,15,3,112,1,0,0
electron/electron,48205,closed,2025-08-28T16:03:58Z,2025-09-24T20:35:14Z,2025-09-24T20:35:14Z,488,28,8,1546,16,5,0
electron/electron,48387,closed,2025-09-25T17:38:25Z,2025-09-27T17:32:10Z,2025-09-27T17:32:10Z,182,14,5,307,2,0,0
electron/electron,48400,closed,2025-09-26T19:41:44Z,2025-09-27T17:30:52Z,2025-09-27T17:30:52Z,0,15,3,112,1,0,0
kubernetes/kubernetes,134319,closed,2025-09-28T11:42:33Z,2025-09-30T16:14:33Z,2025-09-30T16:14:33Z,82,41,11,4249,11,12,0
kubernetes/kubernetes,134363,closed,2025-10-01T19:51:50Z,2025-10-02T07:40:57Z,2025-10-02T07:40:57Z,82,42,11,533,3,0,0
kubernetes/kubernetes,134362,closed,2025-10-01T19:51:26Z,2025-10-02T07:40:57Z,2025-10-02T07:40:57Z,82,42,11,533,4,0,0
kubernetes/kubernetes,134364,closed,2025-10-01T19:52:10Z,2025-10-02T07:40:57Z,2025-10-02T07:40:57Z,82,42,11,533,3,0,0
kubernetes/kubernetes,134052,closed,2025-09-12T21:18:38Z,2025-10-02T07:11:04Z,2025-10-02T07:11:04Z,1,1,2,3306,5,0,0
kubernetes/kubernetes,133762,closed,2025-08-28T19:37:44Z,2025-10-02T07:10:57Z,2025-10-02T07:10:56Z,437,146,1,2339,11,21,0
kubernetes/kubernetes,132309,closed,2025-06-14T17:20:46Z,2025-10-02T02:17:24Z,,94,243,1,325,4,0,0
kubernetes/kubernetes,132301,closed,2025-06-13T21:54:36Z,2025-10-02T02:17:25Z,,1,1,1,452,6,0,0
kubernetes/kubernetes,131824,closed,2025-05-16T18:44:53Z,2025-10-02T02:17:24Z,,28,8,4,3542,5,1,0
kubernetes/kubernetes,130614,closed,2025-03-06T08:08:15Z,2025-10-02T02:17:24Z,,311,1,2,3170,9,1,0
kubernetes/kubernetes,134306,closed,2025-09-27T15:39:34Z,2025-10-02T01:55:25Z,,161,20,3,3690,6,0,0
kubernetes/kubernetes,129013,closed,2024-11-28T02:38:33Z,2025-10-02T01:17:29Z,,152,98,1,3338,16,7,0
kubernetes/kubernetes,128955,closed,2024-11-24T07:24:06Z,2025-10-02T01:17:29Z,,8,8,1,3303,13,3,0
kubernetes/kubernetes,128004,closed,2024-10-11T14:45:10Z,2025-10-02T01:17:29Z,,24,1,2,3386,16,2,0
kubernetes/kubernetes,132174,closed,2025-06-07T21:03:02Z,2025-10-02T01:17:27Z,,1,0,1,4185,8,0,0
kubernetes/kubernetes,132114,closed,2025-06-05T05:28:31Z,2025-10-02T01:17:26Z,,1,1,1,3043,9,0,0
kubernetes/kubernetes,132085,closed,2025-06-04T04:05:17Z,2025-10-02T01:17:26Z,,142,0,1,708,12,0,0
kubernetes/kubernetes,132032,closed,2025-05-30T15:38:44Z,2025-10-02T01:17:25Z,,65,55,1,811,10,3,0
kubernetes/kubernetes,132021,closed,2025-05-29T18:23:08Z,2025-10-02T01:17:25Z,,5,5,1,3291,12,3,0
kubernetes/kubernetes,131985,closed,2025-05-27T15:43:21Z,2025-10-02T01:17:25Z,,3,2,1,963,14,0,0
kubernetes/kubernetes,131995,closed,2025-05-28T02:00:36Z,2025-10-02T01:17:24Z,,16,0,1,3113,7,0,0
kubernetes/kubernetes,130523,closed,2025-03-02T10:20:24Z,2025-10-02T00:17:30Z,,42,45,6,3590,14,3,0
kubernetes/kubernetes,126327,closed,2024-07-24T10:02:31Z,2025-10-02T00:17:29Z,,157,3,2,373,14,5,0
kubernetes/kubernetes,131505,closed,2025-04-28T03:39:08Z,2025-10-02T00:17:28Z,,405,146,4,1228,9,0,0
kubernetes/kubernetes,129835,closed,2025-01-27T12:07:51Z,2025-10-02T00:17:27Z,,83,32,3,2028,17,0,0
kubernetes/kubernetes,129539,closed,2025-01-09T07:54:20Z,2025-10-02T00:17:27Z,,1,0,1,423,22,13,0
kubernetes/kubernetes,127580,closed,2024-09-23T23:57:07Z,2025-10-02T00:17:26Z,,103,4,2,3243,42,24,0
kubernetes/kubernetes,126385,closed,2024-07-26T12:36:03Z,2025-10-02T00:17:25Z,,85,22,2,5210,27,49,0
krahets/hello-algo,1774,closed,2025-06-22T10:35:33Z,2025-09-20T11:30:46Z,,1,1,1,17,1,0,0
krahets/hello-algo,1797,closed,2025-08-13T07:02:53Z,2025-09-20T11:06:24Z,,2,2,2,2142,1,0,0
krahets/hello-algo,1787,closed,2025-07-19T09:44:14Z,2025-08-05T18:33:01Z,2025-08-05T18:33:01Z,822,613,22,1616,0,9,0
krahets/hello-algo,1775,closed,2025-06-27T15:49:38Z,2025-07-22T08:09:16Z,,4588,0,79,988,1,5,0
krahets/hello-algo,1784,closed,2025-07-18T06:35:49Z,2025-07-21T07:12:34Z,2025-07-21T07:12:34Z,1,1,1,988,2,0,0
krahets/hello-algo,1782,closed,2025-07-16T03:45:03Z,2025-07-20T08:46:19Z,,1,1,1,1067,1,0,0
krahets/hello-algo,1785,closed,2025-07-18T14:46:10Z,2025-07-20T08:44:25Z,,151,0,1,988,1,0,0
krahets/hello-algo,1783,closed,2025-07-18T03:19:43Z,2025-07-20T08:42:17Z,,4,0,1,988,0,1,0
krahets/hello-algo,1779,closed,2025-07-07T03:20:43Z,2025-07-11T08:09:39Z,,2,0,1,35,1,0,0
krahets/hello-algo,1733,closed,2025-04-12T00:00:19Z,2025-07-09T22:54:30Z,2025-07-09T22:54:30Z,20,20,1,2656,2,22,0
krahets/hello-algo,1739,closed,2025-04-21T10:14:16Z,2025-07-09T22:38:31Z,2025-07-09T22:38:31Z,23,10,3,988,0,3,0
krahets/hello-algo,1738,closed,2025-04-20T12:36:13Z,2025-07-09T22:36:16Z,2025-07-09T22:36:16Z,4,4,1,988,0,2,0
krahets/hello-algo,1777,closed,2025-07-01T09:31:12Z,2025-07-09T22:33:23Z,2025-07-09T22:33:23Z,41,47,8,0,0,9,0
krahets/hello-algo,1755,closed,2025-05-20T05:22:02Z,2025-06-12T12:57:48Z,2025-06-12T12:57:47Z,21,21,3,1003,0,1,0
krahets/hello-algo,1736,closed,2025-04-16T06:45:43Z,2025-05-17T08:41:48Z,,1,1,1,1013,0,2,0
krahets/hello-algo,1412,closed,2024-07-07T11:22:31Z,2025-05-17T09:26:38Z,2025-05-17T09:26:38Z,8,4,4,1509,1,0,0
langchain-ai/langchain,33202,closed,2025-10-02T03:08:13Z,2025-10-02T05:48:27Z,2025-10-02T05:48:27Z,344,130,12,0,3,0,0
langchain-ai/langchain,32644,closed,2025-08-21T19:49:01Z,2025-10-02T02:15:49Z,,6976,933,58,30,3,0,0
langchain-ai/langchain,33180,closed,2025-10-01T08:01:12Z,2025-10-01T14:32:13Z,,2,0,1,1065,3,0,0
langchain-ai/langchain,32328,closed,2025-07-30T16:12:47Z,2025-10-02T00:46:37Z,2025-10-02T00:46:37Z,409,61,6,142,3,3,0
langchain-ai/langchain,33136,closed,2025-09-27T11:02:23Z,2025-10-02T00:33:17Z,,2961,1,15,2332,2,0,0
langchain-ai/langchain,33179,closed,2025-10-01T03:33:08Z,2025-10-01T23:49:28Z,2025-10-01T23:49:28Z,499,46,7,588,2,4,0
langchain-ai/langchain,32987,closed,2025-09-17T03:07:38Z,2025-10-01T23:09:16Z,2025-10-01T23:09:15Z,643,120,8,0,2,0,0
langchain-ai/langchain,33175,closed,2025-10-01T01:30:16Z,2025-10-01T19:15:40Z,2025-10-01T19:15:40Z,734,240,9,728,1,4,0
langchain-ai/langchain,33164,closed,2025-09-30T19:22:35Z,2025-10-01T18:57:37Z,,666,39,4,346,1,2,0
langchain-ai/langchain,33176,closed,2025-10-01T01:39:22Z,2025-10-01T18:52:05Z,,244,403,8,82,1,0,0
langchain-ai/langchain,33166,closed,2025-09-30T20:02:45Z,2025-10-01T18:46:20Z,2025-10-01T18:46:20Z,311,7,3,153,1,7,0
langchain-ai/langchain,33174,closed,2025-10-01T00:24:59Z,2025-10-01T13:18:45Z,,4739,237,29,2117,4,0,0
langchain-ai/langchain,33177,closed,2025-10-01T02:14:36Z,2025-10-01T15:44:55Z,2025-10-01T15:44:55Z,1194,2601,35,0,2,0,0
langchain-ai/langchain,33159,closed,2025-09-30T14:48:15Z,2025-10-01T03:25:00Z,2025-10-01T03:25:00Z,9,9,3,194,4,0,0
langgenius/dify,25642,closed,2025-09-13T11:18:22Z,2025-10-02T07:31:28Z,,1266,83,12,1111,0,5,0
langgenius/dify,26497,closed,2025-09-30T08:31:25Z,2025-10-01T07:47:25Z,,81,53,15,1235,3,1,0
langgenius/dify,26502,closed,2025-09-30T10:22:49Z,2025-09-30T15:22:44Z,2025-09-30T15:22:44Z,13,4,2,1290,1,0,0
langgenius/dify,26504,closed,2025-09-30T10:37:46Z,2025-09-30T13:30:15Z,2025-09-30T13:30:15Z,0,1,1,779,1,0,0
langgenius/dify,24346,closed,2025-08-22T10:02:53Z,2025-09-23T08:59:27Z,2025-09-23T08:59:27Z,96,68,5,1982,17,0,0
langgenius/dify,12280,closed,2025-01-01T13:52:31Z,2025-02-10T11:50:04Z,,57,0,3,783,5,2,0
langgenius/dify,26033,closed,2025-09-22T04:45:54Z,2025-09-23T09:04:57Z,2025-09-23T09:04:57Z,5,5,5,1126,1,1,0
langgenius/dify,26461,closed,2025-09-29T14:19:38Z,2025-09-30T07:39:04Z,2025-09-30T07:39:04Z,15,12,9,2010,2,9,0
langgenius/dify,26468,closed,2025-09-29T23:55:41Z,2025-09-30T07:36:04Z,2025-09-30T07:36:04Z,2,1,1,1116,1,4,0
langgenius/dify,26484,closed,2025-09-30T05:30:28Z,2025-09-30T06:39:35Z,2025-09-30T06:39:35Z,552,1158,2,1234,1,6,0
langgenius/dify,26480,closed,2025-09-30T03:53:33Z,2025-09-30T06:24:40Z,2025-09-30T06:24:40Z,15,10,1,3471,2,1,0
langgenius/dify,25126,closed,2025-09-04T03:03:59Z,2025-09-30T06:18:48Z,,19,8,1,1273,0,1,0
langgenius/dify,26478,closed,2025-09-30T03:08:28Z,2025-09-30T04:26:42Z,2025-09-30T04:26:42Z,77,1,2,1609,1,6,0
langgenius/dify,26010,closed,2025-09-22T00:56:03Z,2025-09-30T02:48:07Z,2025-09-30T02:48:07Z,1,1,1,1088,1,1,0
langgenius/dify,26451,closed,2025-09-29T10:27:09Z,2025-09-30T02:58:35Z,2025-09-30T02:58:35Z,12,1,2,1123,1,3,0
langgenius/dify,26360,closed,2025-09-28T08:54:45Z,2025-09-30T02:53:55Z,2025-09-30T02:53:55Z,36,0,1,1124,1,1,0
justjavac/free-programming-books-zh_CN,835,closed,2021-04-28T06:04:16Z,2025-09-11T07:01:44Z,,1,1,1,12,6,0,0
justjavac/free-programming-books-zh_CN,881,closed,2024-04-02T05:47:32Z,2024-10-16T13:33:32Z,,1,0,1,0,4,0,0
justjavac/free-programming-books-zh_CN,874,closed,2023-08-28T01:45:25Z,2024-09-14T02:42:48Z,,6,5,1,0,5,0,0
justjavac/free-programming-books-zh_CN,861,closed,2022-08-13T10:24:50Z,2024-07-09T06:29:59Z,,1,1,1,148,4,0,0
justjavac/free-programming-books-zh_CN,880,closed,2024-03-20T10:08:18Z,2024-04-07T06:59:02Z,,2,1,1,0,5,0,0
justjavac/free-programming-books-zh_CN,877,closed,2024-01-19T05:40:15Z,2024-01-22T00:24:11Z,2024-01-22T00:24:11Z,6,0,1,0,4,0,0
justjavac/free-programming-books-zh_CN,876,closed,2023-12-07T11:00:30Z,2023-12-07T14:01:39Z,,1,0,1,0,7,0,0
justjavac/free-programming-books-zh_CN,873,closed,2023-08-12T04:25:11Z,2023-09-22T03:48:25Z,,1,0,1,11,12,0,0
justjavac/free-programming-books-zh_CN,871,closed,2023-06-07T08:13:22Z,2023-06-08T08:51:03Z,,1,0,1,17,5,0,0
justjavac/free-programming-books-zh_CN,845,closed,2022-02-16T16:11:04Z,2022-06-13T03:25:12Z,2022-06-13T03:25:12Z,7,0,1,0,7,0,0
justjavac/free-programming-books-zh_CN,850,closed,2022-04-06T12:17:28Z,2022-06-13T03:16:47Z,,1,0,1,18,16,0,0
justjavac/free-programming-books-zh_CN,849,closed,2022-03-22T14:03:29Z,2022-06-13T03:22:07Z,2022-06-13T03:22:07Z,1,1,1,0,3,0,0
justjavac/free-programming-books-zh_CN,834,closed,2021-03-25T16:30:50Z,2022-09-05T03:48:57Z,,1,1,1,5,6,0,0
justjavac/free-programming-books-zh_CN,844,closed,2022-01-31T12:25:42Z,2022-06-13T03:25:24Z,,2,0,1,0,7,0,0
justjavac/free-programming-books-zh_CN,846,closed,2022-03-03T12:34:28Z,2022-06-13T03:23:11Z,2022-06-13T03:23:11Z,2,0,1,48,8,0,0
justjavac/free-programming-books-zh_CN,824,closed,2021-01-13T11:28:17Z,2022-06-13T03:20:27Z,2022-06-13T03:20:27Z,1,1,1,0,1,0,0
justjavac/free-programming-books-zh_CN,814,closed,2020-05-19T12:05:28Z,2022-06-13T03:19:40Z,2022-06-13T03:19:40Z,2,0,1,0,1,4,0
nodejs/node,60072,closed,2025-09-30T03:46:20Z,2025-10-02T03:49:26Z,2025-10-02T03:49:26Z,38,1,9,50,9,0,0
nodejs/node,60014,closed,2025-09-25T18:10:21Z,2025-10-01T23:46:51Z,,0,3,1,2056,8,0,0
nodejs/node,60070,closed,2025-09-29T20:57:24Z,2025-10-01T21:08:20Z,2025-10-01T21:08:20Z,2,2,1,1876,3,0,0
nodejs/node,59978,closed,2025-09-22T22:21:05Z,2025-09-30T14:05:06Z,2025-09-30T14:05:06Z,30,17,2,77,7,6,0
nodejs/node,59318,closed,2025-08-01T18:35:10Z,2025-10-01T18:11:04Z,,127,136,2,65535,1,0,0
nodejs/node,60029,closed,2025-09-26T18:39:24Z,2025-10-01T12:47:07Z,2025-10-01T12:47:07Z,15,17,1,2781,9,2,0
nodejs/node,59996,closed,2025-09-24T06:51:47Z,2025-10-01T12:46:57Z,2025-10-01T12:46:57Z,1,0,1,370,7,0,0
nodejs/node,59885,closed,2025-09-14T08:45:49Z,2025-10-01T12:46:48Z,2025-10-01T12:46:48Z,11,0,1,513,3,1,0
nodejs/node,60067,closed,2025-09-29T09:15:01Z,2025-10-01T12:25:46Z,2025-10-01T12:25:46Z,1,1,1,60,3,0,0
nodejs/node,59928,closed,2025-09-18T17:21:45Z,2025-10-01T09:40:55Z,,694,0,4,12,7,28,0
nodejs/node,58078,closed,2025-04-29T15:27:14Z,2025-10-01T07:16:09Z,,7,6,3,80,8,0,0
ripienaar/free-for-dev,3857,closed,2025-09-28T12:57:31Z,2025-09-28T19:49:00Z,2025-09-28T19:49:00Z,1,0,1,1547,1,0,0
ripienaar/free-for-dev,3856,closed,2025-09-28T08:06:41Z,2025-09-28T11:27:22Z,2025-09-28T11:27:22Z,0,1,1,49,1,0,0
ripienaar/free-for-dev,3854,closed,2025-09-26T09:32:22Z,2025-09-27T10:31:11Z,,1,0,1,385,0,4,0
ripienaar/free-for-dev,3853,closed,2025-09-25T11:41:08Z,2025-09-25T14:55:35Z,2025-09-25T14:55:35Z,1,0,1,1547,1,6,0
ripienaar/free-for-dev,3851,closed,2025-09-21T21:51:27Z,2025-09-23T08:20:34Z,,1,0,1,1751,0,7,0
ripienaar/free-for-dev,3778,closed,2025-06-30T09:50:25Z,2025-09-21T05:40:46Z,,1,0,1,1547,4,3,0
ripienaar/free-for-dev,3850,closed,2025-09-19T23:00:23Z,2025-09-20T17:31:00Z,2025-09-20T17:31:00Z,2,0,1,1550,1,2,0
ripienaar/free-for-dev,3848,closed,2025-09-19T03:19:28Z,2025-09-19T08:45:58Z,,1,0,1,1547,0,4,0
ripienaar/free-for-dev,3813,closed,2025-08-08T11:37:31Z,2025-09-19T07:06:51Z,,1,1,1,1585,4,0,0
ripienaar/free-for-dev,3845,closed,2025-09-18T08:53:34Z,2025-09-18T11:06:44Z,,10,0,1,1547,0,4,0
ripienaar/free-for-dev,3846,closed,2025-09-18T09:49:38Z,2025-09-18T11:04:05Z,,2,1,1,1615,3,4,0
ripienaar/free-for-dev,3844,closed,2025-09-17T11:56:03Z,2025-09-17T14:35:07Z,2025-09-17T14:35:07Z,1,0,1,1592,1,2,0
ripienaar/free-for-dev,3843,closed,2025-09-17T01:19:32Z,2025-09-17T05:06:13Z,2025-09-17T05:06:13Z,1,0,1,1636,1,0,0
ripienaar/free-for-dev,3840,closed,2025-09-13T03:43:03Z,2025-09-13T06:41:26Z,2025-09-13T06:41:25Z,0,1,1,1675,1,0,0
ripienaar/free-for-dev,3835,closed,2025-09-09T07:24:15Z,2025-09-09T09:13:19Z,,1,0,1,1547,0,3,0
ripienaar/free-for-dev,3834,closed,2025-09-06T17:05:59Z,2025-09-07T08:59:30Z,2025-09-07T08:59:30Z,2,0,1,358,1,0,0
ripienaar/free-for-dev,3830,closed,2025-09-03T04:12:45Z,2025-09-03T07:12:35Z,2025-09-03T07:12:35Z,1,0,1,1547,0,2,0
ripienaar/free-for-dev,3829,closed,2025-09-01T02:07:58Z,2025-09-01T04:25:18Z,,1,0,1,1547,6,1,0
ripienaar/free-for-dev,3828,closed,2025-08-30T22:54:39Z,2025-08-31T05:15:52Z,2025-08-31T05:15:52Z,1,0,1,1541,1,0,0
ripienaar/free-for-dev,3826,closed,2025-08-26T04:25:22Z,2025-08-26T08:24:27Z,2025-08-26T08:24:27Z,1,0,1,648,5,0,0
ripienaar/free-for-dev,3822,closed,2025-08-21T01:35:26Z,2025-08-21T09:33:18Z,2025-08-21T09:33:18Z,0,2,1,82,2,0,0
ripienaar/free-for-dev,3821,closed,2025-08-20T17:09:49Z,2025-08-20T18:43:53Z,,1,0,1,826,0,9,0
ripienaar/free-for-dev,3819,closed,2025-08-14T12:54:48Z,2025-08-14T13:57:47Z,2025-08-14T13:57:47Z,1,0,1,383,1,0,0
ripienaar/free-for-dev,3817,closed,2025-08-13T21:05:53Z,2025-08-14T04:52:07Z,2025-08-14T04:52:07Z,1,1,1,1622,1,0,0
ripienaar/free-for-dev,3818,closed,2025-08-13T21:36:38Z,2025-08-14T04:50:42Z,2025-08-14T04:50:42Z,1,1,1,2508,1,0,0
ripienaar/free-for-dev,3816,closed,2025-08-12T23:37:25Z,2025-08-13T06:04:47Z,2025-08-13T06:04:47Z,1,0,1,1734,1,0,0
ripienaar/free-for-dev,3811,closed,2025-08-06T12:41:37Z,2025-08-12T21:45:48Z,,1,0,1,1547,3,0,0
ripienaar/free-for-dev,3815,closed,2025-08-10T09:00:08Z,2025-08-10T13:08:46Z,2025-08-10T13:08:46Z,1,0,1,1677,1,0,0
d3/d3,3962,closed,2024-12-25T17:50:14Z,2025-01-03T14:50:46Z,2025-01-03T14:50:46Z,1,1,1,124,1,0,0
d3/d3,3941,closed,2024-10-22T20:17:36Z,2024-10-22T22:03:55Z,2024-10-22T22:03:55Z,2,1,2,155,3,0,0
d3/d3,3932,closed,2024-10-10T23:49:45Z,2024-10-11T04:09:54Z,2024-10-11T04:09:54Z,942,480,6,70,3,0,0
d3/d3,3886,closed,2024-05-27T16:38:41Z,2024-06-03T15:27:30Z,2024-06-03T15:27:30Z,68,68,2,508,1,0,0
d3/d3,3887,closed,2024-05-28T15:34:22Z,2024-06-01T22:46:02Z,,12,4,1,795,2,0,0
d3/d3,3811,closed,2023-12-29T01:10:54Z,2024-05-27T16:20:03Z,,1,1,1,0,1,0,0
d3/d3,3780,closed,2023-10-11T13:28:08Z,2023-10-30T14:43:06Z,2023-10-30T14:43:06Z,1,1,1,465,1,0,0
d3/d3,3782,closed,2023-10-13T17:56:29Z,2023-10-15T07:17:56Z,2023-10-15T07:17:56Z,3,3,2,0,0,2,0
d3/d3,3773,closed,2023-10-05T16:43:22Z,2023-10-05T19:25:29Z,2023-10-05T19:25:29Z,16,0,1,213,1,0,0
d3/d3,3758,closed,2023-08-23T14:31:06Z,2023-08-23T15:46:12Z,2023-08-23T15:46:12Z,2,2,1,0,0,1,0
d3/d3,3745,closed,2023-07-28T20:57:39Z,2023-08-21T19:34:50Z,,8,0,2,12,5,0,0
d3/d3,3752,closed,2023-08-13T13:13:25Z,2023-08-21T18:59:05Z,,2,0,1,129,1,0,0
d3/d3,3750,closed,2023-08-09T11:50:13Z,2023-08-21T18:09:14Z,2023-08-21T18:09:14Z,3,3,1,118,1,0,0
d3/d3,3698,closed,2023-07-05T07:13:17Z,2023-07-29T16:44:37Z,2023-07-29T16:44:37Z,25,25,18,29,2,0,0
d3/d3,3680,closed,2023-06-15T06:34:19Z,2023-06-16T20:41:47Z,2023-06-16T20:41:47Z,81,30,2,118,4,1,0
d3/d3,3670,closed,2023-06-11T20:04:46Z,2023-06-15T18:43:45Z,2023-06-15T18:43:45Z,83,6,2,188,3,0,0
d3/d3,3669,closed,2023-06-11T20:02:06Z,2023-06-15T18:02:34Z,2023-06-15T18:02:34Z,67,24,3,71,1,0,0
d3/d3,3679,closed,2023-06-15T04:54:51Z,2023-06-15T06:40:50Z,,3,3,1,67,1,0,0
d3/d3,3677,closed,2023-06-13T14:10:05Z,2023-06-13T16:33:02Z,2023-06-13T16:33:02Z,14,7,1,0,2,0,0
d3/d3,3676,closed,2023-06-12T15:10:34Z,2023-06-12T19:35:50Z,2023-06-12T19:35:50Z,1,1,1,479,0,2,0
d3/d3,3666,closed,2023-06-09T14:53:36Z,2023-06-09T16:08:58Z,2023-06-09T16:08:58Z,4,4,2,0,0,1,0
d3/d3,3660,closed,2023-06-08T17:29:31Z,2023-06-09T02:36:35Z,2023-06-09T02:36:35Z,247,287,46,0,0,1,0
d3/d3,3661,closed,2023-06-08T19:41:26Z,2023-06-08T21:21:39Z,2023-06-08T21:21:39Z,19,19,15,100,0,2,0
d3/d3,3654,closed,2023-05-17T01:00:36Z,2023-06-08T01:30:48Z,2023-06-08T01:30:48Z,19342,136,139,12,2,4,0
d3/d3,3659,closed,2023-06-07T23:13:06Z,2023-06-08T00:22:04Z,2023-06-08T00:22:04Z,48,0,1,607,0,4,0
d3/d3,3540,closed,2021-10-10T12:46:41Z,2021-10-10T14:57:36Z,,4,4,1,75,2,0,0
d3/d3,3511,closed,2021-06-25T13:48:52Z,2021-07-04T17:17:33Z,,10,2,1,71,1,0,0
d3/d3,3366,closed,2020-01-28T09:53:37Z,2021-06-11T17:50:21Z,,15,0,2,1115,6,1,0
open-webui/open-webui,17223,closed,2025-09-05T11:05:00Z,2025-09-25T04:23:56Z,2025-09-25T04:23:56Z,42,7,2,3414,14,0,0
open-webui/open-webui,17919,closed,2025-09-30T09:41:11Z,2025-10-02T06:58:22Z,,1,1,1,3638,1,0,0
open-webui/open-webui,17986,closed,2025-10-02T02:06:59Z,2025-10-02T06:30:04Z,2025-10-02T06:30:04Z,18,18,1,3295,1,0,0
open-webui/open-webui,17989,closed,2025-10-02T03:35:23Z,2025-10-02T06:29:55Z,,1,1,1,5644,1,0,0
open-webui/open-webui,17889,closed,2025-09-29T10:43:07Z,2025-10-02T02:56:51Z,,75,50,1,3941,2,0,0
open-webui/open-webui,17633,closed,2025-09-21T21:08:09Z,2025-10-02T00:57:34Z,,47,8,3,1468,1,0,0
open-webui/open-webui,17941,closed,2025-09-30T20:16:46Z,2025-10-02T00:27:13Z,2025-10-02T00:27:13Z,34,11,2,3699,2,0,0
open-webui/open-webui,17946,closed,2025-10-01T02:09:18Z,2025-10-01T23:20:33Z,,1,1,1,8957,1,0,0
open-webui/open-webui,17950,closed,2025-10-01T02:25:09Z,2025-10-01T23:14:00Z,,1,1,1,8924,1,0,0
open-webui/open-webui,17951,closed,2025-10-01T02:25:11Z,2025-10-01T23:13:57Z,,1,1,1,7235,1,0,0
open-webui/open-webui,17953,closed,2025-10-01T02:26:11Z,2025-10-01T23:13:55Z,,1,1,1,7256,1,0,0
open-webui/open-webui,17954,closed,2025-10-01T02:26:36Z,2025-10-01T23:13:53Z,,1,1,1,7238,1,0,0
open-webui/open-webui,17960,closed,2025-10-01T10:12:23Z,2025-10-01T17:25:09Z,,27,15,1,2850,2,0,0
open-webui/open-webui,17940,closed,2025-09-30T19:15:57Z,2025-10-01T18:17:47Z,,44,4,1,4286,2,0,0
mrdoob/three.js,31995,closed,2025-10-01T19:18:37Z,2025-10-02T03:27:08Z,2025-10-02T03:27:07Z,1801,1135,134,66,1,2,0
mrdoob/three.js,31999,closed,2025-10-01T23:10:22Z,2025-10-02T00:32:09Z,2025-10-02T00:32:09Z,35,7,2,181,1,0,0
mrdoob/three.js,31993,closed,2025-10-01T09:33:53Z,2025-10-01T15:08:42Z,2025-10-01T15:08:42Z,14,0,2,666,3,0,0
mrdoob/three.js,31985,closed,2025-09-30T08:23:57Z,2025-10-01T08:18:32Z,2025-10-01T08:18:32Z,2,2,1,234,2,0,0
mrdoob/three.js,31986,closed,2025-09-30T09:39:23Z,2025-10-01T02:19:47Z,2025-10-01T02:19:47Z,78,5,5,75,1,0,0
mrdoob/three.js,30816,closed,2025-03-28T10:08:49Z,2025-09-30T20:21:16Z,,11,1,1,164,1,4,0
mrdoob/three.js,31988,closed,2025-09-30T10:58:04Z,2025-09-30T17:36:11Z,2025-09-30T17:36:11Z,443,330,38,202,4,2,0
mrdoob/three.js,31973,closed,2025-09-29T01:45:32Z,2025-09-29T03:48:25Z,2025-09-29T03:48:25Z,57,23,9,282,5,2,0
mrdoob/three.js,31979,closed,2025-09-29T09:34:33Z,2025-09-30T09:59:34Z,2025-09-30T09:59:34Z,12,38,1,692,1,0,0
mrdoob/three.js,31982,closed,2025-09-29T23:49:34Z,2025-09-30T03:36:30Z,2025-09-30T03:36:30Z,108,9,13,711,1,0,0
mrdoob/three.js,31980,closed,2025-09-29T09:36:01Z,2025-09-29T23:43:06Z,2025-09-29T23:43:06Z,19,12,4,560,1,2,0
mrdoob/three.js,31972,closed,2025-09-29T00:16:32Z,2025-09-29T04:38:59Z,2025-09-29T04:38:59Z,67,46,4,146,2,1,0
mrdoob/three.js,31974,closed,2025-09-29T02:54:35Z,2025-09-29T14:50:39Z,2025-09-29T14:50:39Z,103,21,6,369,3,3,0
mrdoob/three.js,31946,closed,2025-09-25T09:39:47Z,2025-09-29T07:46:51Z,2025-09-29T07:46:51Z,11,1,1,121,5,2,0
mrdoob/three.js,31893,closed,2025-09-12T08:28:41Z,2025-09-18T09:21:23Z,2025-09-18T09:21:23Z,210,12,6,551,5,10,0
mrdoob/three.js,31961,closed,2025-09-27T14:11:16Z,2025-09-28T21:24:37Z,2025-09-28T21:24:37Z,86,30,6,289,1,0,0
mrdoob/three.js,31970,closed,2025-09-28T18:16:25Z,2025-09-28T20:57:33Z,,22,37,1,256,1,2,0
mrdoob/three.js,31931,closed,2025-09-23T19:39:23Z,2025-09-27T11:01:36Z,2025-09-27T11:01:36Z,6,10,1,566,1,6,0
mrdoob/three.js,31564,closed,2025-08-04T03:49:44Z,2025-08-07T13:10:59Z,2025-08-07T13:10:59Z,12,12,8,73,13,0,0
mrdoob/three.js,31839,closed,2025-09-07T10:01:19Z,2025-09-08T07:39:32Z,2025-09-08T07:39:31Z,848,0,7,1966,46,1,0
mrdoob/three.js,31954,closed,2025-09-26T15:32:46Z,2025-09-26T18:11:40Z,2025-09-26T18:11:40Z,225,194,12,95,1,1,0
mrdoob/three.js,31956,closed,2025-09-26T16:50:48Z,2025-09-26T17:56:09Z,2025-09-26T17:56:08Z,7,7,1,144,3,0,0
mrdoob/three.js,31919,closed,2025-09-19T13:43:24Z,2025-09-21T01:25:12Z,2025-09-21T01:25:12Z,753,202,10,724,5,1,0
mrdoob/three.js,31928,closed,2025-09-23T04:42:29Z,2025-09-26T04:04:56Z,2025-09-26T04:04:56Z,492,68,17,2109,10,2,0
excalidraw/excalidraw,7626,closed,2024-01-30T04:28:20Z,2025-10-01T17:34:36Z,,86,39,6,789,1,0,0
excalidraw/excalidraw,9961,closed,2025-09-10T19:32:44Z,2025-09-30T21:54:43Z,2025-09-30T21:54:43Z,39,5,4,358,5,0,0
excalidraw/excalidraw,10041,closed,2025-09-30T16:30:24Z,2025-09-30T18:38:10Z,2025-09-30T18:38:10Z,24,6,4,911,3,0,0
excalidraw/excalidraw,9992,closed,2025-09-17T12:21:01Z,2025-09-30T15:09:21Z,2025-09-30T15:09:21Z,24,19,1,353,1,3,0
excalidraw/excalidraw,9903,closed,2025-08-23T22:56:15Z,2025-09-28T20:16:29Z,2025-09-28T20:16:28Z,459,183,19,1344,26,0,0
excalidraw/excalidraw,9604,closed,2025-06-01T17:54:24Z,2025-09-28T21:59:57Z,,255,83,3,0,2,1,0
excalidraw/excalidraw,10024,closed,2025-09-25T11:14:53Z,2025-09-25T20:26:58Z,2025-09-25T20:26:58Z,57,54,4,203,3,0,0
excalidraw/excalidraw,10018,closed,2025-09-24T01:51:48Z,2025-09-24T16:30:50Z,2025-09-24T16:30:50Z,4,1,1,558,3,0,0
excalidraw/excalidraw,8961,closed,2024-12-30T09:13:15Z,2025-09-26T14:30:24Z,2025-09-26T14:30:24Z,1,1,1,141,3,0,0
excalidraw/excalidraw,9209,closed,2025-03-02T10:10:31Z,2025-09-25T10:43:33Z,,0,0,0,1938,7,0,0
excalidraw/excalidraw,7722,closed,2024-02-24T16:03:35Z,2025-09-25T07:26:58Z,,37,11,5,413,7,0,0
excalidraw/excalidraw,10006,closed,2025-09-22T14:45:58Z,2025-09-24T18:28:41Z,2025-09-24T18:28:41Z,53,20,2,118,2,0,0
excalidraw/excalidraw,10007,closed,2025-09-22T16:34:29Z,2025-09-24T17:33:20Z,2025-09-24T17:33:20Z,101,82,3,73,2,0,0
excalidraw/excalidraw,9532,closed,2025-05-15T19:32:53Z,2025-09-24T16:50:50Z,,54,2,3,305,1,1,0
excalidraw/excalidraw,9786,closed,2025-07-26T10:57:14Z,2025-09-23T22:18:42Z,2025-09-23T22:18:41Z,4,1,1,176,2,1,0
excalidraw/excalidraw,10013,closed,2025-09-23T08:02:48Z,2025-09-23T21:47:03Z,2025-09-23T21:47:03Z,147,75,6,268,4,6,0
excalidraw/excalidraw,9799,closed,2025-07-28T11:09:19Z,2025-09-23T03:34:25Z,,23,0,1,68,2,0,0
excalidraw/excalidraw,9946,closed,2025-09-06T02:05:34Z,2025-09-14T11:33:43Z,2025-09-14T11:33:43Z,176,4,3,1418,9,19,0
excalidraw/excalidraw,9979,closed,2025-09-15T06:49:54Z,2025-09-15T08:07:37Z,2025-09-15T08:07:37Z,2,2,1,181,3,0,0
axios/axios,6982,closed,2025-07-29T10:06:46Z,2025-07-30T07:57:27Z,2025-07-30T07:57:27Z,111,15,5,2311,2,2,0
axios/axios,7034,closed,2025-09-15T12:07:28Z,2025-09-16T14:21:06Z,2025-09-16T14:21:06Z,122,0,3,92,7,0,0
axios/axios,6782,closed,2025-02-11T03:34:29Z,2025-08-12T07:29:02Z,2025-08-12T07:29:02Z,107,4,4,371,1,0,0
axios/axios,5908,closed,2023-09-20T13:09:27Z,2025-01-30T19:02:15Z,2025-01-30T19:02:15Z,2,2,1,0,2,0,0
axios/axios,5096,closed,2022-10-11T09:47:42Z,2025-03-31T19:00:51Z,2025-03-31T19:00:51Z,3,3,3,13,17,4,0
axios/axios,6895,closed,2025-04-27T22:26:26Z,2025-09-19T00:44:00Z,,1076,621,12,593,5,7,0
axios/axios,7052,closed,2025-09-24T20:53:02Z,2025-09-27T06:04:38Z,,381,67,1,9747,1,0,0
axios/axios,7051,closed,2025-09-24T18:59:55Z,2025-09-27T06:04:38Z,,6,6,1,3193,1,0,0
axios/axios,7046,closed,2025-09-18T06:20:47Z,2025-09-19T13:01:16Z,2025-09-19T13:01:16Z,1,1,2,53,1,0,0
axios/axios,7003,closed,2025-08-29T00:17:11Z,2025-08-30T19:02:24Z,2025-08-30T19:02:24Z,323,175,7,902,13,0,0
axios/axios,7011,closed,2025-09-09T17:50:14Z,2025-09-10T13:08:43Z,2025-09-10T13:08:43Z,123,0,4,727,8,8,0
axios/axios,7022,closed,2025-09-12T19:53:28Z,2025-09-13T14:50:32Z,2025-09-13T14:50:32Z,133,5,6,350,0,1,0
axios/axios,7028,closed,2025-09-13T18:06:53Z,2025-09-14T09:53:02Z,2025-09-14T09:53:02Z,2,4,1,51,1,0,0
axios/axios,7025,closed,2025-09-13T14:52:22Z,2025-09-13T16:00:23Z,,21,21,10,65535,1,0,0
axios/axios,6997,closed,2025-08-21T15:41:07Z,2025-09-13T16:00:23Z,,236,54,1,7818,1,0,0
rust-lang/rust,147253,closed,2025-10-02T03:10:31Z,2025-10-02T06:22:29Z,,1591,338,76,986,5,0,0
rust-lang/rust,147055,closed,2025-09-26T04:53:10Z,2025-10-02T04:58:25Z,2025-10-02T04:58:25Z,56,121,34,958,18,2,0
rust-lang/rust,147210,closed,2025-10-01T05:39:37Z,2025-10-02T01:05:08Z,2025-10-02T01:05:08Z,3736,1519,118,198,15,0,0
rust-lang/rust,147209,closed,2025-10-01T05:36:15Z,2025-10-01T17:41:55Z,2025-10-01T17:41:55Z,5,8,8,441,5,0,0
rust-lang/rust,143331,closed,2025-07-02T14:24:13Z,2025-09-27T19:33:07Z,,16,18,1,495,13,0,0
rust-lang/rust,146618,closed,2025-09-16T02:43:44Z,2025-09-17T01:02:10Z,2025-09-17T01:02:09Z,12,5,2,248,5,3,0
rust-lang/rust,147248,closed,2025-10-01T23:00:34Z,2025-10-02T00:27:22Z,,30,4,3,815,4,0,0
rust-lang/rust,147235,closed,2025-10-01T16:42:40Z,2025-10-01T21:57:19Z,2025-10-01T21:57:18Z,827,1181,31,894,7,0,0
rust-lang/rust,147230,closed,2025-10-01T15:08:05Z,2025-10-01T21:57:18Z,2025-10-01T21:57:18Z,1,1,1,465,3,0,0
rust-lang/rust,147226,closed,2025-10-01T14:15:22Z,2025-10-01T21:57:19Z,2025-10-01T21:57:18Z,30,2,5,90,2,2,0
rust-lang/rust,147219,closed,2025-10-01T12:05:56Z,2025-10-01T21:57:19Z,2025-10-01T21:57:18Z,32,9,4,722,5,0,0
rust-lang/rust,147204,closed,2025-09-30T22:53:49Z,2025-10-01T21:57:19Z,2025-10-01T21:57:18Z,22,47,1,64,5,13,0
rust-lang/rust,147202,closed,2025-09-30T22:43:10Z,2025-10-01T21:57:19Z,2025-10-01T21:57:19Z,24,18,3,174,6,4,0
rust-lang/rust,147195,closed,2025-09-30T17:56:42Z,2025-10-01T21:57:18Z,2025-10-01T21:57:18Z,11,0,1,55,3,0,0
rust-lang/rust,147177,closed,2025-09-30T08:19:07Z,2025-10-01T21:57:19Z,2025-10-01T21:57:19Z,3,2,1,753,3,0,0
rust-lang/rust,146593,closed,2025-09-15T13:48:58Z,2025-10-01T21:57:19Z,2025-10-01T21:57:18Z,704,1102,15,2163,17,17,0
rust-lang/rust,147170,closed,2025-09-30T02:54:08Z,2025-10-01T17:41:55Z,2025-10-01T17:41:55Z,128,177,6,673,4,2,0
rust-lang/rust,147220,closed,2025-10-01T12:15:04Z,2025-10-01T17:41:55Z,2025-10-01T17:41:55Z,420,268,43,1082,7,0,0
rust-lang/rust,147217,closed,2025-10-01T11:18:04Z,2025-10-01T17:41:55Z,2025-10-01T17:41:55Z,4,3,2,535,8,0,0
rust-lang/rust,147188,closed,2025-09-30T14:09:12Z,2025-10-01T17:41:55Z,2025-10-01T17:41:55Z,1,8,5,98,9,1,0
rust-lang/rust,147200,closed,2025-09-30T22:10:27Z,2025-10-01T17:41:55Z,2025-10-01T17:41:55Z,54,6,6,868,6,7,0
rust-lang/rust,141864,closed,2025-06-01T15:20:47Z,2025-06-19T17:57:21Z,2025-06-19T17:57:21Z,772,173,7,519,59,29,0
rust-lang/rust,146918,closed,2025-09-23T05:58:54Z,2025-10-01T17:41:55Z,2025-10-01T17:41:55Z,30,0,1,493,8,0,0
rust-lang/rust,147213,closed,2025-10-01T08:59:49Z,2025-10-01T17:41:55Z,2025-10-01T17:41:55Z,1,1,1,692,4,0,0
rust-lang/rust,147199,closed,2025-09-30T19:57:37Z,2025-10-01T17:41:55Z,2025-10-01T17:41:55Z,2,17,2,189,2,0,0
rust-lang/rust,147189,closed,2025-09-30T14:33:58Z,2025-10-01T17:41:55Z,2025-10-01T17:41:55Z,80,19,7,905,15,1,0
rust-lang/rust,147180,closed,2025-09-30T10:03:40Z,2025-10-01T17:41:55Z,2025-10-01T17:41:55Z,90,1,4,139,2,0,0
rust-lang/rust,146980,closed,2025-09-24T13:28:41Z,2025-10-01T17:41:55Z,2025-10-01T17:41:55Z,25,28,1,465,10,2,0
rust-lang/rust,143682,closed,2025-07-09T12:19:14Z,2025-10-01T16:22:19Z,,153,58,16,186,4,0,0
rust-lang/rust,146758,closed,2025-09-19T09:05:53Z,2025-09-27T03:48:58Z,2025-09-27T03:48:58Z,23,7,4,601,19,0,0
microsoft/TypeScript,62522,closed,2025-10-01T19:34:14Z,2025-10-01T20:41:42Z,2025-10-01T20:41:42Z,24,0,1,199,0,2,0
microsoft/TypeScript,62425,closed,2025-09-09T17:10:22Z,2025-09-25T17:24:37Z,2025-09-25T17:24:36Z,16,21,7,118,2,0,0
microsoft/TypeScript,62465,closed,2025-09-18T18:25:11Z,2025-09-19T15:47:27Z,2025-09-19T15:47:27Z,10,10,4,809,2,0,0
microsoft/TypeScript,61683,closed,2025-05-09T21:11:45Z,2025-09-30T20:15:38Z,2025-09-30T20:15:38Z,69,1,6,1220,25,0,0
microsoft/TypeScript,62170,closed,2025-08-01T11:44:32Z,2025-09-30T20:00:20Z,2025-09-30T20:00:20Z,402,13,15,1049,9,6,0
microsoft/TypeScript,62509,closed,2025-09-29T16:58:33Z,2025-09-30T21:03:17Z,2025-09-30T21:03:17Z,6800,1661,224,811,1,0,0
microsoft/TypeScript,62510,closed,2025-09-29T20:09:33Z,2025-09-29T21:47:59Z,2025-09-29T21:47:59Z,1,1,1,59,6,0,0
microsoft/TypeScript,62501,closed,2025-09-28T13:34:50Z,2025-09-29T21:42:30Z,2025-09-29T21:42:30Z,362,17,5,59,11,0,0
microsoft/TypeScript,62432,closed,2025-09-11T00:00:38Z,2025-09-29T16:08:16Z,,256,90,4,46,9,0,0
microsoft/TypeScript,62502,closed,2025-09-28T15:24:45Z,2025-09-28T20:55:30Z,2025-09-28T20:55:30Z,5,8,2,59,8,0,0
microsoft/TypeScript,62452,closed,2025-09-15T00:07:51Z,2025-09-29T00:08:21Z,,4,4,2,10631,1,0,0
microsoft/TypeScript,45998,closed,2021-09-22T00:56:57Z,2021-09-27T19:38:31Z,2021-09-27T19:38:31Z,1841,348,80,4842,6,23,0
microsoft/TypeScript,39560,closed,2020-07-11T04:37:04Z,2020-09-11T21:43:11Z,2020-09-11T21:43:11Z,1686,24,32,8687,111,4,0
microsoft/TypeScript,62025,closed,2025-07-09T07:28:54Z,2025-09-26T18:39:26Z,,12979,5487,879,26,6,0,0
microsoft/TypeScript,62423,closed,2025-09-09T16:58:57Z,2025-09-25T17:22:27Z,2025-09-25T17:22:27Z,16,21,7,411,4,5,0
microsoft/TypeScript,62483,closed,2025-09-24T23:14:45Z,2025-09-25T16:16:51Z,2025-09-25T16:16:51Z,197,2,8,843,3,1,0
microsoft/TypeScript,62435,closed,2025-09-11T16:35:13Z,2025-09-24T23:16:15Z,2025-09-24T23:16:15Z,15942,25733,2178,12,28,12,0
microsoft/TypeScript,57749,closed,2024-03-12T18:31:32Z,2024-03-13T18:50:04Z,2024-03-13T18:50:04Z,1550,47,34,702,14,0,0
microsoft/TypeScript,62443,closed,2025-09-12T17:20:35Z,2025-09-22T19:06:05Z,2025-09-22T19:06:05Z,329,50,40,52,12,3,0
microsoft/TypeScript,40368,closed,2020-09-03T16:25:49Z,2022-05-24T22:42:36Z,,1420,85,25,3420,30,1,0
microsoft/TypeScript,58712,closed,2024-05-30T14:24:37Z,2025-09-23T08:56:34Z,,250,1,22,379,4,8,0
microsoft/TypeScript,61805,closed,2025-06-02T16:28:28Z,2025-06-09T21:20:01Z,2025-06-09T21:20:01Z,35473,583,536,3367,4,3,0
microsoft/TypeScript,62412,closed,2025-09-08T08:16:21Z,2025-09-22T22:11:01Z,,38,1,2,505,1,0,0
microsoft/TypeScript,58419,closed,2024-05-02T22:59:53Z,2025-09-22T19:37:01Z,,213,118,23,1351,10,0,0
microsoft/TypeScript,62397,closed,2025-09-04T21:05:17Z,2025-09-05T16:59:05Z,,11918,1578,884,807,5,0,0
denoland/deno,30893,closed,2025-10-01T18:27:56Z,2025-10-01T20:34:43Z,2025-10-01T20:34:43Z,96,36,4,78,0,1,0
denoland/deno,30877,closed,2025-09-30T01:41:32Z,2025-09-30T18:31:48Z,2025-09-30T18:31:48Z,37,39,5,51,0,1,0
denoland/deno,30863,closed,2025-09-27T22:12:01Z,2025-09-29T15:06:24Z,2025-09-29T15:06:24Z,84,14,9,52,1,0,0
denoland/deno,30793,closed,2025-09-19T22:43:17Z,2025-09-29T19:16:55Z,2025-09-29T19:16:55Z,58,85,18,0,0,2,0
denoland/deno,30826,closed,2025-09-23T20:35:52Z,2025-09-27T01:09:31Z,2025-09-27T01:09:31Z,435,1,10,1732,0,6,0
denoland/deno,30849,closed,2025-09-25T17:08:45Z,2025-09-25T22:31:50Z,2025-09-25T22:31:50Z,542,270,34,474,0,1,0
denoland/deno,30844,closed,2025-09-25T10:27:59Z,2025-09-25T13:37:09Z,2025-09-25T13:37:09Z,2,1,1,52,1,0,0
denoland/deno,30662,closed,2025-09-09T14:44:06Z,2025-09-18T14:03:30Z,2025-09-18T14:03:30Z,249,65,8,239,3,2,0
denoland/deno,30802,closed,2025-09-21T06:59:19Z,2025-09-24T18:19:43Z,2025-09-24T18:19:43Z,974,207,6,74,0,2,0
denoland/deno,30766,closed,2025-09-17T19:18:22Z,2025-09-22T19:49:15Z,2025-09-22T19:49:15Z,478,22,14,802,0,3,0
denoland/deno,30827,closed,2025-09-23T23:14:29Z,2025-09-24T00:54:14Z,2025-09-24T00:54:14Z,679,1313,59,0,0,2,0
denoland/deno,30790,closed,2025-09-19T21:36:41Z,2025-09-24T00:27:29Z,2025-09-24T00:27:29Z,156,18,3,13,0,1,0
denoland/deno,30220,closed,2025-07-27T20:36:38Z,2025-09-23T20:08:35Z,,93,18,13,159,3,2,0
denoland/deno,30686,closed,2025-09-10T20:04:23Z,2025-09-23T17:55:30Z,2025-09-23T17:55:29Z,54,13,3,60,1,2,0
goldbergyoni/nodebestpractices,1286,closed,2023-11-06T10:41:53Z,2025-04-15T21:52:42Z,2025-04-15T21:52:42Z,1,1,1,89,7,0,0
goldbergyoni/nodebestpractices,1079,closed,2021-10-12T03:45:01Z,2025-03-19T07:03:44Z,,1622,0,1,309,5,0,0
goldbergyoni/nodebestpractices,1332,closed,2024-11-23T17:01:33Z,2024-11-23T18:36:48Z,,1,0,1,339,1,0,0
goldbergyoni/nodebestpractices,1298,closed,2024-06-20T13:00:08Z,2024-07-11T05:27:37Z,,35,4,2,608,1,0,0
goldbergyoni/nodebestpractices,1222,closed,2023-02-24T22:33:28Z,2024-05-18T14:31:31Z,,1,1,1,0,1,0,0
goldbergyoni/nodebestpractices,1296,closed,2024-03-22T05:45:01Z,2024-03-23T16:07:18Z,,1,1,1,211,1,0,0
goldbergyoni/nodebestpractices,1287,closed,2023-11-11T17:55:23Z,2024-03-06T16:18:30Z,2024-03-06T16:18:30Z,2,4,1,19,3,0,0
goldbergyoni/nodebestpractices,1192,closed,2022-07-15T13:36:27Z,2024-01-21T18:31:13Z,,122,122,4,68,1,0,0
goldbergyoni/nodebestpractices,947,closed,2021-04-02T13:35:00Z,2022-02-20T22:43:39Z,,2,2,1,104,12,0,0
goldbergyoni/nodebestpractices,1252,closed,2023-06-11T13:57:22Z,2023-09-21T22:16:52Z,2023-09-21T22:16:52Z,2,1,1,0,1,0,0
goldbergyoni/nodebestpractices,1273,closed,2023-09-03T20:51:29Z,2023-09-10T06:40:59Z,2023-09-10T06:40:59Z,7,7,1,9,4,0,0
goldbergyoni/nodebestpractices,1267,closed,2023-08-20T12:08:32Z,2023-09-10T06:36:51Z,2023-09-10T06:36:51Z,10,7,2,75,1,0,0
facebook/create-react-app,10014,closed,2020-11-04T23:37:10Z,2025-08-04T21:28:32Z,,104,29,4,1329,30,4,0
facebook/create-react-app,12225,closed,2022-04-01T18:48:32Z,2025-08-04T13:48:13Z,,294,69,2,66,7,0,0
facebook/create-react-app,12634,closed,2022-08-04T07:23:32Z,2025-07-22T08:58:05Z,,1,1,1,204,1,0,0
facebook/create-react-app,10998,closed,2021-05-21T11:04:12Z,2025-07-09T14:42:54Z,,35,28,2,599,3,0,0
facebook/create-react-app,10997,closed,2021-05-21T06:09:19Z,2025-07-09T14:42:53Z,,15,11,3,263,3,0,0
facebook/create-react-app,12743,closed,2022-09-25T19:50:15Z,2025-07-02T06:15:35Z,,2,0,1,199,4,0,0
facebook/create-react-app,13238,closed,2023-06-15T16:33:22Z,2025-06-29T11:48:44Z,,6,0,2,204,2,0,0
facebook/create-react-app,13237,closed,2023-06-15T15:56:17Z,2025-06-29T11:48:43Z,,6,0,2,0,1,0,0
facebook/create-react-app,4964,closed,2018-09-04T13:10:10Z,2025-06-23T20:06:48Z,,530,403,8,3795,9,7,0
facebook/create-react-app,12461,closed,2022-06-02T11:53:40Z,2025-06-10T07:41:10Z,,1,0,1,2080,2,0,0
facebook/create-react-app,5458,closed,2018-10-17T01:30:28Z,2025-05-27T05:24:14Z,,4,2,2,595,4,0,0
GrowingGit/GitHub-Chinese-Top-Charts,248,closed,2022-04-09T02:59:52Z,2023-01-04T11:38:46Z,,1,1,1,0,1,0,0
GrowingGit/GitHub-Chinese-Top-Charts,162,closed,2021-05-22T11:33:43Z,2021-12-28T05:31:35Z,,2,1,1,0,1,0,0
GrowingGit/GitHub-Chinese-Top-Charts,92,closed,2020-04-06T19:05:55Z,2020-05-05T08:24:49Z,,44,43,1,0,1,0,0
GrowingGit/GitHub-Chinese-Top-Charts,38,closed,2019-11-29T15:59:22Z,2019-12-29T12:23:03Z,,0,0,0,6,1,0,0
DigitalPlatDev/FreeDomain,79937,closed,2025-08-27T15:04:29Z,2025-09-12T08:49:28Z,2025-09-12T08:49:28Z,1,1,1,80,2,0,0
DigitalPlatDev/FreeDomain,79928,closed,2025-08-25T01:00:46Z,2025-09-12T08:41:23Z,,1,1,1,482,5,0,0
DigitalPlatDev/FreeDomain,79842,closed,2025-04-17T04:14:39Z,2025-04-17T07:22:54Z,,192,0,1,0,1,0,0
DigitalPlatDev/FreeDomain,79834,closed,2025-03-11T00:05:25Z,2025-03-12T13:21:48Z,,1,1,1,106,5,0,0
DigitalPlatDev/FreeDomain,36076,closed,2024-12-06T07:08:10Z,2024-12-06T09:36:19Z,,1,0,1,28,1,0,0
DigitalPlatDev/FreeDomain,26129,closed,2024-11-20T03:41:44Z,2024-11-20T05:32:47Z,,7,7,1,14,1,0,0
DigitalPlatDev/FreeDomain,21528,closed,2024-11-10T02:02:54Z,2024-11-10T08:19:05Z,,1,0,1,21,1,0,0
DigitalPlatDev/FreeDomain,12255,closed,2024-10-19T16:56:00Z,2024-10-20T15:56:41Z,,1,0,1,0,1,0,0
DigitalPlatDev/FreeDomain,12258,closed,2024-10-19T16:58:17Z,2024-10-20T15:56:21Z,,1,0,1,53,1,0,0
godotengine/godot,110055,closed,2025-08-28T14:13:26Z,2025-10-01T18:20:12Z,2025-10-01T18:20:12Z,31,44,2,147,4,3,0
godotengine/godot,52285,closed,2021-08-31T15:12:42Z,2025-09-30T23:39:00Z,2025-09-30T23:39:00Z,241,328,4,1929,27,8,0
godotengine/godot,111143,closed,2025-10-02T01:20:12Z,2025-10-02T07:46:33Z,,7,1,1,289,1,1,0
godotengine/godot,110775,closed,2025-09-22T10:17:38Z,2025-10-01T23:08:02Z,2025-10-01T23:08:02Z,3,0,1,216,4,0,0
godotengine/godot,111087,closed,2025-09-30T19:02:34Z,2025-10-01T23:08:02Z,2025-10-01T23:08:02Z,15,2,1,192,3,0,0
godotengine/godot,108659,closed,2025-07-16T06:17:42Z,2025-07-23T18:37:59Z,2025-07-23T18:37:59Z,22,0,1,634,5,2,0
godotengine/godot,111121,closed,2025-10-01T16:16:02Z,2025-10-01T23:08:02Z,2025-10-01T23:08:02Z,1,1,1,58,1,0,0
godotengine/godot,56959,closed,2022-01-19T15:33:43Z,2025-10-01T21:55:33Z,,165,94,15,522,1,0,0
godotengine/godot,111013,closed,2025-09-28T21:07:30Z,2025-10-01T23:08:02Z,2025-10-01T23:08:02Z,425,391,12,2025,1,0,0
godotengine/godot,110527,closed,2025-09-15T07:05:07Z,2025-10-01T18:20:12Z,2025-10-01T18:20:12Z,86,107,4,58,10,9,0
godotengine/godot,110737,closed,2025-09-20T22:38:05Z,2025-10-01T23:08:02Z,2025-10-01T23:08:02Z,6,2,1,1046,3,2,0
godotengine/godot,111060,closed,2025-09-30T05:37:39Z,2025-10-01T23:08:01Z,2025-10-01T23:08:01Z,2,2,1,275,1,0,0
godotengine/godot,106503,closed,2025-05-16T19:46:22Z,2025-10-01T23:08:02Z,2025-10-01T23:08:02Z,804,385,26,508,10,101,0
godotengine/godot,111085,closed,2025-09-30T18:30:08Z,2025-10-01T23:08:01Z,2025-10-01T23:08:01Z,1,1,1,74,1,0,0
godotengine/godot,107587,closed,2025-06-16T10:19:32Z,2025-10-01T23:08:02Z,2025-10-01T23:08:01Z,26,0,4,945,7,15,0
godotengine/godot,106428,closed,2025-05-15T06:20:53Z,2025-10-01T23:08:43Z,,4,4,2,1077,1,0,0
godotengine/godot,110793,closed,2025-09-22T20:37:13Z,2025-10-01T23:08:02Z,2025-10-01T23:08:02Z,6,5,1,307,1,4,0
godotengine/godot,110843,closed,2025-09-23T22:00:30Z,2025-10-01T23:08:02Z,2025-10-01T23:08:02Z,1,1,1,276,2,0,0
godotengine/godot,111067,closed,2025-09-30T12:05:34Z,2025-10-01T23:08:02Z,2025-10-01T23:08:01Z,0,2,1,289,5,0,0
godotengine/godot,111115,closed,2025-10-01T12:28:43Z,2025-10-01T18:20:12Z,2025-10-01T18:20:12Z,1,1,1,3242,2,5,0
godotengine/godot,105737,closed,2025-04-25T00:28:59Z,2025-09-30T16:26:18Z,2025-09-30T16:26:18Z,31,1,4,713,2,3,0
microsoft/terminal,19303,closed,2025-08-30T03:28:54Z,2025-09-03T16:04:28Z,2025-09-03T16:04:28Z,2,2,1,890,4,0,0
microsoft/terminal,19375,closed,2025-09-24T04:04:01Z,2025-09-25T19:17:09Z,2025-09-25T19:17:09Z,1,1,1,569,4,0,0
microsoft/terminal,19351,closed,2025-09-15T21:51:06Z,2025-09-25T18:37:44Z,2025-09-25T18:37:44Z,122,4,5,1327,1,2,0
microsoft/terminal,19372,closed,2025-09-23T14:16:22Z,2025-09-24T03:56:33Z,,1,1,1,579,1,1,0
microsoft/terminal,19365,closed,2025-09-20T16:14:43Z,2025-09-21T03:23:02Z,,155,0,6,417,3,2,0
microsoft/terminal,19344,closed,2025-09-12T14:04:27Z,2025-09-22T22:53:52Z,2025-09-22T22:53:52Z,923,1023,78,546,1,37,0
microsoft/terminal,19353,closed,2025-09-16T19:19:46Z,2025-09-16T21:08:46Z,2025-09-16T21:08:45Z,12,11,1,925,2,1,0
microsoft/terminal,19352,closed,2025-09-16T18:34:44Z,2025-09-16T20:24:10Z,2025-09-16T20:24:10Z,5,3,2,13,1,0,0
microsoft/terminal,19354,closed,2025-09-16T19:20:27Z,2025-09-16T20:23:58Z,2025-09-16T20:23:58Z,6,15,2,138,1,0,0
microsoft/terminal,19195,closed,2025-07-30T15:25:48Z,2025-09-16T19:48:42Z,,9,12,2,1003,4,3,0
microsoft/terminal,19248,closed,2025-08-15T20:34:17Z,2025-09-11T23:48:50Z,2025-09-11T23:48:50Z,134,67,18,767,10,18,0
microsoft/terminal,19332,closed,2025-09-08T23:11:16Z,2025-09-11T18:06:34Z,2025-09-11T18:06:33Z,9,2,1,1295,2,0,0
microsoft/terminal,19329,closed,2025-09-08T19:18:39Z,2025-09-10T19:21:46Z,2025-09-10T19:21:46Z,33,10,2,151,1,5,0
microsoft/terminal,19328,closed,2025-09-08T18:04:42Z,2025-09-09T20:01:04Z,2025-09-09T20:01:04Z,1096,2392,12,0,2,8,0
microsoft/terminal,19273,closed,2025-08-25T18:43:46Z,2025-09-08T23:16:20Z,2025-09-08T23:16:20Z,59,79,3,205,1,3,0
microsoft/terminal,18563,closed,2025-02-12T07:19:06Z,2025-02-20T21:16:40Z,2025-02-20T21:16:40Z,24,0,2,1287,6,0,0
microsoft/terminal,11821,closed,2021-11-24T21:25:28Z,2021-11-29T18:54:35Z,2021-11-29T18:54:35Z,303,303,304,376,1,0,0
microsoft/terminal,15700,closed,2023-07-12T19:25:21Z,2025-09-04T12:00:25Z,,602,0,3,594,6,5,0
microsoft/terminal,18915,closed,2025-05-14T23:12:45Z,2025-09-03T20:36:10Z,2025-09-03T20:36:10Z,1065,277,19,1200,1,83,0
microsoft/terminal,19262,closed,2025-08-21T00:28:47Z,2025-09-03T19:01:37Z,2025-09-03T19:01:37Z,894,1128,54,4729,2,26,0
microsoft/terminal,18260,closed,2024-11-28T16:27:15Z,2025-06-11T00:04:56Z,2025-06-11T00:04:56Z,71,13,2,1832,19,0,0
microsoft/generative-ai-for-beginners,951,closed,2025-09-19T18:52:57Z,2025-09-30T05:42:05Z,,36,36,19,50,2,0,0
microsoft/generative-ai-for-beginners,973,closed,2025-09-29T23:42:17Z,2025-09-30T05:39:02Z,2025-09-30T05:39:02Z,2529,2416,48,577,1,0,0
microsoft/generative-ai-for-beginners,957,closed,2025-09-22T03:06:08Z,2025-09-29T20:53:06Z,2025-09-29T20:53:06Z,9,9,2,2256,1,0,0
microsoft/generative-ai-for-beginners,938,closed,2025-09-13T11:56:29Z,2025-09-29T20:56:25Z,2025-09-29T20:56:25Z,6,6,2,17955,1,0,0
microsoft/generative-ai-for-beginners,940,closed,2025-09-15T03:14:48Z,2025-09-29T20:55:38Z,2025-09-29T20:55:38Z,72,12,2,4993,1,0,0
microsoft/generative-ai-for-beginners,946,closed,2025-09-17T16:33:23Z,2025-09-29T20:55:12Z,2025-09-29T20:55:12Z,3,2,1,265,2,0,0
microsoft/generative-ai-for-beginners,949,closed,2025-09-18T16:25:39Z,2025-09-29T20:54:43Z,2025-09-29T20:54:43Z,11,9,1,333,1,0,0
microsoft/generative-ai-for-beginners,952,closed,2025-09-19T22:21:52Z,2025-09-29T20:54:14Z,2025-09-29T20:54:14Z,16,16,1,261,1,0,0
microsoft/generative-ai-for-beginners,953,closed,2025-09-20T16:37:12Z,2025-09-29T20:53:38Z,2025-09-29T20:53:38Z,61,60,1,270,1,0,0
microsoft/generative-ai-for-beginners,958,closed,2025-09-22T03:10:50Z,2025-09-29T20:52:38Z,2025-09-29T20:52:38Z,1,1,1,7966,1,0,0
microsoft/generative-ai-for-beginners,968,closed,2025-09-29T03:20:28Z,2025-09-29T20:51:56Z,2025-09-29T20:51:56Z,5,5,2,9273,1,0,0
microsoft/generative-ai-for-beginners,954,closed,2025-09-21T16:18:42Z,2025-09-29T20:51:18Z,2025-09-29T20:51:18Z,9,8,1,412,1,0,0
microsoft/generative-ai-for-beginners,955,closed,2025-09-21T16:41:00Z,2025-09-29T20:50:42Z,2025-09-29T20:50:42Z,64,63,1,270,1,0,0
microsoft/generative-ai-for-beginners,943,closed,2025-09-16T16:04:03Z,2025-09-29T20:50:14Z,2025-09-29T20:50:14Z,3,2,1,332,1,0,0
microsoft/generative-ai-for-beginners,964,closed,2025-09-25T15:10:03Z,2025-09-29T20:49:40Z,2025-09-29T20:49:40Z,3,2,1,420,1,0,0
microsoft/generative-ai-for-beginners,959,closed,2025-09-22T15:43:16Z,2025-09-29T20:48:57Z,2025-09-29T20:48:57Z,4,3,1,468,1,0,0
microsoft/generative-ai-for-beginners,962,closed,2025-09-24T15:24:46Z,2025-09-29T20:48:27Z,2025-09-29T20:48:27Z,18,17,1,353,1,0,0
microsoft/generative-ai-for-beginners,960,closed,2025-09-23T15:50:32Z,2025-09-29T20:47:55Z,2025-09-29T20:47:55Z,10,9,1,341,1,0,0
microsoft/generative-ai-for-beginners,966,closed,2025-09-27T15:38:23Z,2025-09-29T20:47:22Z,2025-09-29T20:47:22Z,3,2,1,340,1,0,0
microsoft/generative-ai-for-beginners,963,closed,2025-09-24T15:51:30Z,2025-09-29T20:46:54Z,2025-09-29T20:46:54Z,5,4,1,275,1,0,0
microsoft/generative-ai-for-beginners,922,closed,2025-09-06T15:38:50Z,2025-09-29T20:46:26Z,2025-09-29T20:46:26Z,11,10,1,308,1,0,0
microsoft/generative-ai-for-beginners,965,closed,2025-09-26T15:46:29Z,2025-09-29T20:45:44Z,2025-09-29T20:45:44Z,2,2,1,390,1,0,0
microsoft/generative-ai-for-beginners,967,closed,2025-09-28T15:43:59Z,2025-09-29T20:45:10Z,2025-09-29T20:45:10Z,12,11,1,345,1,0,0
microsoft/generative-ai-for-beginners,969,closed,2025-09-29T15:57:15Z,2025-09-29T20:44:33Z,2025-09-29T20:44:33Z,3,2,1,252,1,0,0
microsoft/generative-ai-for-beginners,956,closed,2025-09-22T03:06:01Z,2025-09-29T03:20:31Z,,5,5,2,8497,2,0,0
microsoft/generative-ai-for-beginners,850,closed,2025-07-03T12:24:49Z,2025-07-04T13:55:20Z,2025-07-04T13:55:20Z,3,3,1,0,2,0,0
microsoft/generative-ai-for-beginners,942,closed,2025-09-15T03:15:03Z,2025-09-22T03:06:10Z,,9,9,2,2256,2,0,0
microsoft/generative-ai-for-beginners,941,closed,2025-09-15T03:14:55Z,2025-09-22T03:06:03Z,,5,5,2,6852,2,0,0
microsoft/generative-ai-for-beginners,944,closed,2025-09-17T05:42:22Z,2025-09-18T00:41:18Z,,11,1,2,0,3,0,0
microsoft/generative-ai-for-beginners,908,closed,2025-08-26T13:23:13Z,2025-08-27T07:55:50Z,2025-08-27T07:55:50Z,0,0,0,688,1,0,0
microsoft/generative-ai-for-beginners,790,closed,2025-05-21T06:40:10Z,2025-05-23T06:40:20Z,2025-05-23T06:40:20Z,0,0,1,74,1,0,0
microsoft/generative-ai-for-beginners,856,closed,2025-07-11T23:59:03Z,2025-07-14T09:15:29Z,2025-07-14T09:15:29Z,0,0,0,564,3,0,0
microsoft/generative-ai-for-beginners,857,closed,2025-07-12T00:44:39Z,2025-07-14T09:16:11Z,2025-07-14T09:16:11Z,3,0,1,944,1,0,0
microsoft/generative-ai-for-beginners,858,closed,2025-07-12T04:20:30Z,2025-07-14T09:17:38Z,2025-07-14T09:17:38Z,89,0,1,1115,1,0,0
microsoft/generative-ai-for-beginners,923,closed,2025-09-08T03:06:28Z,2025-09-08T19:05:55Z,2025-09-08T19:05:55Z,5,5,2,8885,1,0,0
microsoft/generative-ai-for-beginners,924,closed,2025-09-08T03:06:35Z,2025-09-08T19:05:29Z,2025-09-08T19:05:29Z,5,5,2,2256,1,0,0
microsoft/generative-ai-for-beginners,925,closed,2025-09-08T03:39:37Z,2025-09-08T19:04:47Z,2025-09-08T19:04:47Z,1,1,1,16766,1,0,0
microsoft/generative-ai-for-beginners,926,closed,2025-09-08T03:39:38Z,2025-09-08T19:04:14Z,2025-09-08T19:04:14Z,2,2,2,12011,1,0,0
microsoft/generative-ai-for-beginners,927,closed,2025-09-08T03:39:43Z,2025-09-08T19:03:39Z,2025-09-08T19:03:39Z,1,1,1,12354,1,0,0
deepseek-ai/DeepSeek-V3,1003,closed,2025-09-26T21:19:37Z,2025-09-30T09:48:17Z,,131,8,3,2448,0,1,0
deepseek-ai/DeepSeek-V3,941,closed,2025-07-27T15:44:08Z,2025-07-27T23:30:56Z,,0,100,1,4,2,0,0
deepseek-ai/DeepSeek-V3,747,closed,2025-03-05T08:27:37Z,2025-07-16T02:07:16Z,,386,0,1,166,6,0,0
deepseek-ai/DeepSeek-V3,2,closed,2024-12-26T15:09:30Z,2024-12-27T01:34:38Z,2024-12-27T01:34:38Z,37,11,1,284,1,0,0
deepseek-ai/DeepSeek-V3,341,closed,2025-01-25T22:27:00Z,2025-01-26T01:29:50Z,2025-01-26T01:29:50Z,13,1,1,65,1,0,0
deepseek-ai/DeepSeek-V3,481,closed,2025-01-30T10:37:29Z,2025-04-26T13:19:57Z,,28,30,1,379,2,0,0
deepseek-ai/DeepSeek-V3,666,closed,2025-02-15T03:11:19Z,2025-04-09T01:50:40Z,2025-04-09T01:50:40Z,1,1,1,538,1,0,0
deepseek-ai/DeepSeek-V3,720,closed,2025-02-26T09:08:31Z,2025-04-08T09:20:37Z,2025-04-08T09:20:37Z,2,2,1,0,2,0,0
deepseek-ai/DeepSeek-V3,736,closed,2025-03-03T12:17:36Z,2025-04-08T14:18:33Z,2025-04-08T14:18:33Z,9,4,1,330,2,0,0
deepseek-ai/DeepSeek-V3,657,closed,2025-02-13T16:58:07Z,2025-04-08T09:48:56Z,,4,0,2,90,2,0,0
deepseek-ai/DeepSeek-V3,700,closed,2025-02-21T21:21:43Z,2025-04-08T09:45:30Z,,128,0,1,0,0,1,0
deepseek-ai/DeepSeek-V3,735,closed,2025-03-03T11:39:05Z,2025-04-08T09:42:39Z,,1,1,1,118,1,0,0
deepseek-ai/DeepSeek-V3,816,closed,2025-03-26T13:00:47Z,2025-04-08T09:27:09Z,2025-04-08T09:27:09Z,1,1,1,30,3,0,0
deepseek-ai/DeepSeek-V3,818,closed,2025-03-26T18:38:53Z,2025-04-08T09:25:33Z,,0,2260,19,0,1,0,0
deepseek-ai/DeepSeek-V3,785,closed,2025-03-20T15:15:32Z,2025-04-01T23:31:42Z,,1,1,1,84,1,0,0
deepseek-ai/DeepSeek-V3,729,closed,2025-02-28T20:48:46Z,2025-04-01T14:00:19Z,,165,0,1,74,5,0,0
deepseek-ai/DeepSeek-V3,488,closed,2025-01-30T17:29:28Z,2025-03-17T07:01:22Z,,18,6,1,0,0,1,0
deepseek-ai/DeepSeek-V3,641,closed,2025-02-11T13:49:07Z,2025-02-19T13:06:11Z,,246,174,2,486,7,0,0
deepseek-ai/DeepSeek-V3,687,closed,2025-02-19T15:34:29Z,2025-03-01T15:03:00Z,,537,0,2,787,5,0,0
deepseek-ai/DeepSeek-V3,459,closed,2025-01-29T17:03:15Z,2025-02-27T10:52:00Z,,24,0,1,851,4,0,0
deepseek-ai/DeepSeek-V3,564,closed,2025-02-04T17:56:43Z,2025-02-26T05:22:46Z,,3,3,1,202,12,2,0
deepseek-ai/DeepSeek-V3,680,closed,2025-02-18T18:52:32Z,2025-02-19T13:00:33Z,,2,1,1,19,1,0,0
deepseek-ai/DeepSeek-V3,656,closed,2025-02-13T16:21:42Z,2025-02-19T12:59:12Z,,140113,995,881,0,2,0,0
deepseek-ai/DeepSeek-V3,616,closed,2025-02-08T10:30:16Z,2025-02-18T10:04:06Z,2025-02-18T10:04:06Z,20,35,1,0,1,0,0
deepseek-ai/DeepSeek-V3,627,closed,2025-02-10T03:34:50Z,2025-02-17T08:33:07Z,,1,0,1,0,1,0,0
deepseek-ai/DeepSeek-V3,636,closed,2025-02-11T03:48:25Z,2025-02-17T08:31:56Z,,1,0,1,9,1,0,0
deepseek-ai/DeepSeek-V3,671,closed,2025-02-16T18:14:34Z,2025-02-17T08:31:39Z,,0,20,1,0,1,0,0
deepseek-ai/DeepSeek-V3,364,closed,2025-01-27T11:24:51Z,2025-02-05T03:39:08Z,2025-02-05T03:39:08Z,12,0,1,464,5,0,0
deepseek-ai/DeepSeek-V3,549,closed,2025-02-03T10:13:30Z,2025-02-06T07:59:17Z,,10,9,1,42,2,0,0
fatedier/frp,4985,closed,2025-09-19T16:03:11Z,2025-09-22T16:18:50Z,2025-09-22T16:18:50Z,17,7,1,348,0,4,0
fatedier/frp,4973,closed,2025-09-08T10:46:49Z,2025-09-16T04:42:15Z,,234,0,6,2697,1,0,0
fatedier/frp,4958,closed,2025-08-27T03:31:00Z,2025-09-14T00:38:44Z,,94,10,5,40,2,0,0
fatedier/frp,4934,closed,2025-08-14T06:12:56Z,2025-09-01T00:45:39Z,,205,0,4,40,1,0,0
fatedier/frp,4914,closed,2025-08-07T09:11:31Z,2025-08-25T00:39:52Z,,31,0,1,40,1,0,0
fatedier/frp,4864,closed,2025-07-02T09:26:49Z,2025-08-10T00:46:05Z,,43,0,6,170,5,0,0
fatedier/frp,4943,closed,2025-08-18T03:30:40Z,2025-08-19T02:53:25Z,,434,6,11,3167,1,0,0
fatedier/frp,4942,closed,2025-08-17T13:00:35Z,2025-08-18T04:13:30Z,,2,5,1,40,0,1,0
fatedier/frp,4891,closed,2025-07-21T06:22:51Z,2025-08-09T00:39:26Z,,9,0,1,127,2,0,0
fatedier/frp,4867,closed,2025-07-03T16:07:22Z,2025-08-08T00:42:55Z,,1310,1014,61,428,2,0,0
fatedier/frp,4876,closed,2025-07-10T02:49:25Z,2025-07-28T00:45:30Z,,24,2,4,108,1,0,0
fatedier/frp,4896,closed,2025-07-23T15:13:15Z,2025-07-24T02:16:44Z,2025-07-24T02:16:44Z,4,0,1,68,0,1,0
fatedier/frp,4855,closed,2025-06-27T06:50:43Z,2025-07-15T00:42:24Z,,38,3,2,499,1,0,0
fatedier/frp,4838,closed,2025-06-16T15:48:26Z,2025-07-13T00:45:42Z,,1015,524,62,407,1,0,0
fatedier/frp,4846,closed,2025-06-24T17:25:54Z,2025-07-13T00:45:40Z,,976,499,56,252,1,0,0
fatedier/frp,4847,closed,2025-06-24T18:15:26Z,2025-07-13T00:45:39Z,,1123,771,60,508,1,0,0
fatedier/frp,4865,closed,2025-07-03T02:50:12Z,2025-07-03T05:17:21Z,2025-07-03T05:17:21Z,832,23,20,23,0,4,0
fatedier/frp,4827,closed,2025-06-05T16:35:59Z,2025-06-24T00:40:12Z,,125,1,2,971,3,0,0
fatedier/frp,4804,closed,2025-05-21T07:36:17Z,2025-06-08T00:43:41Z,,50,5,4,214,1,0,0
rustdesk/rustdesk,13050,closed,2025-09-26T08:37:37Z,2025-09-27T08:55:09Z,2025-09-27T08:55:09Z,113,72,4,650,0,6,0
rustdesk/rustdesk,12962,closed,2025-09-18T14:19:12Z,2025-09-24T06:48:04Z,,56,23,3,724,16,2,0
rustdesk/rustdesk,13003,closed,2025-09-22T13:42:02Z,2025-09-24T06:47:30Z,2025-09-24T06:47:29Z,18,2,1,249,0,5,0
rustdesk/rustdesk,12989,closed,2025-09-22T00:15:50Z,2025-09-23T09:13:14Z,2025-09-23T09:13:14Z,1141,0,2,1176,0,8,0
rustdesk/rustdesk,12900,closed,2025-09-11T22:26:02Z,2025-09-22T13:53:14Z,2025-09-22T13:53:14Z,112,64,3,341,6,16,0
rustdesk/rustdesk,12979,closed,2025-09-20T20:30:43Z,2025-09-22T03:26:19Z,2025-09-22T03:26:19Z,1,1,1,300,1,0,0
rustdesk/rustdesk,12974,closed,2025-09-19T18:02:44Z,2025-09-22T03:24:29Z,,21,8,1,653,6,3,0
rustdesk/rustdesk,12839,closed,2025-09-05T00:15:20Z,2025-09-20T06:04:52Z,,1,1,1,3430,1,0,0
rustdesk/rustdesk,12933,closed,2025-09-16T05:13:56Z,2025-09-19T08:11:27Z,2025-09-19T08:11:27Z,107,2,4,2978,13,10,0
rustdesk/rustdesk,11727,closed,2025-05-11T22:41:18Z,2025-09-17T05:37:44Z,2025-09-17T05:37:44Z,14,14,10,19,0,4,0
rustdesk/rustdesk,12903,closed,2025-09-12T08:23:11Z,2025-09-15T06:31:57Z,2025-09-15T06:31:57Z,5,1,1,842,1,1,0
angular/angular,63189,closed,2025-08-15T14:44:45Z,2025-09-01T02:10:31Z,,11,14,4,42,1,0,0
angular/angular,64187,closed,2025-10-01T21:37:55Z,2025-10-01T22:48:35Z,,24,24,3,7156,1,0,0
angular/angular,64182,closed,2025-10-01T19:37:41Z,2025-10-01T22:21:07Z,,24,24,3,6270,1,0,0
angular/angular,64164,closed,2025-10-01T05:06:32Z,2025-10-01T17:45:49Z,,1,1,1,3315,2,0,0
angular/angular,64149,closed,2025-09-30T05:10:35Z,2025-10-01T17:40:06Z,,11,8,2,4007,3,0,0
angular/angular,62113,closed,2025-06-18T07:15:30Z,2025-10-01T17:52:36Z,,50,4,2,1259,3,7,0
angular/angular,64148,closed,2025-09-30T05:09:21Z,2025-10-01T17:26:46Z,,405,127,6,9562,1,0,0
angular/angular,64155,closed,2025-09-30T13:58:34Z,2025-10-01T17:22:47Z,,18,48,4,1241,2,0,0
angular/angular,64174,closed,2025-10-01T14:41:43Z,2025-10-01T17:13:53Z,,6,1,2,34,1,0,0
angular/angular,64165,closed,2025-10-01T05:09:19Z,2025-10-01T15:53:23Z,,15,6,3,2797,1,0,0
angular/angular,64136,closed,2025-09-29T13:40:48Z,2025-10-01T15:51:35Z,,1,2,1,93,2,0,0
angular/angular,64169,closed,2025-10-01T11:57:53Z,2025-10-01T15:15:02Z,,12,8,2,4074,1,0,0
angular/angular,58080,closed,2024-10-04T12:15:34Z,2025-10-01T15:19:44Z,,4,3,2,1766,7,0,0
angular/angular,64166,closed,2025-10-01T05:09:27Z,2025-10-01T14:42:06Z,,1,1,1,3315,1,0,0
angular/angular,64170,closed,2025-10-01T11:58:58Z,2025-10-01T14:36:31Z,,37,132,2,2702,1,0,0
angular/angular,64160,closed,2025-09-30T18:38:01Z,2025-10-01T14:41:19Z,,299,54,2,1367,1,0,0
angular/angular,64168,closed,2025-10-01T11:34:54Z,2025-10-01T13:41:34Z,,7,9,1,634,1,0,0
angular/angular,64145,closed,2025-09-30T02:26:18Z,2025-10-01T13:03:10Z,,220,210,1,92,2,3,0
angular/angular,64147,closed,2025-09-30T05:08:21Z,2025-10-01T11:51:30Z,,12,8,2,4074,1,0,0
angular/angular,64162,closed,2025-10-01T04:01:27Z,2025-10-01T09:55:00Z,,462,28,11,2684,1,0,0
angular/angular,58317,closed,2024-10-23T05:53:27Z,2025-10-01T01:34:23Z,,26,26,2,1284,2,0,0
papers-we-love/papers-we-love,569,closed,2019-09-09T17:46:44Z,2020-03-29T19:06:55Z,2020-03-29T19:06:55Z,19,1,9,1094,10,0,0
papers-we-love/papers-we-love,817,closed,2025-05-02T13:51:48Z,2025-05-04T18:45:39Z,2025-05-04T18:45:38Z,11,10,1,263,1,0,0
papers-we-love/papers-we-love,815,closed,2025-03-28T18:10:39Z,2025-04-02T09:31:41Z,2025-04-02T09:31:41Z,1,1,1,28,2,0,0
papers-we-love/papers-we-love,811,closed,2025-02-18T19:53:23Z,2025-02-19T01:13:05Z,2025-02-19T01:13:05Z,1,1,1,186,1,3,0
papers-we-love/papers-we-love,814,closed,2025-03-25T18:05:34Z,2025-03-25T23:38:37Z,2025-03-25T23:38:37Z,1,1,1,34,1,0,0
papers-we-love/papers-we-love,775,closed,2023-10-05T16:20:59Z,2025-03-23T17:38:58Z,,4,0,1,506,10,0,0
papers-we-love/papers-we-love,790,closed,2024-04-22T10:56:01Z,2024-09-11T19:12:57Z,2024-09-11T19:12:57Z,3,1,1,187,3,9,0
papers-we-love/papers-we-love,795,closed,2024-06-29T13:02:58Z,2024-06-29T16:31:38Z,2024-06-29T16:31:38Z,1,1,1,14,1,0,0
papers-we-love/papers-we-love,793,closed,2024-05-28T03:48:13Z,2024-05-28T09:12:29Z,2024-05-28T09:12:29Z,1,1,1,82,1,0,0
papers-we-love/papers-we-love,577,closed,2019-10-20T20:20:50Z,2019-10-22T00:08:47Z,2019-10-22T00:08:47Z,2,2,2,182,1,0,0
papers-we-love/papers-we-love,584,closed,2019-11-14T18:39:05Z,2019-11-15T03:57:53Z,2019-11-15T03:57:53Z,1,0,1,42,1,0,0
papers-we-love/papers-we-love,597,closed,2020-03-25T17:51:41Z,2020-03-28T04:45:45Z,2020-03-28T04:45:45Z,80,0,3,0,9,0,0
papers-we-love/papers-we-love,672,closed,2022-06-05T17:58:10Z,2022-06-06T04:18:02Z,2022-06-06T04:18:02Z,0,12,2,232,1,0,0
papers-we-love/papers-we-love,761,closed,2023-07-19T05:37:34Z,2023-07-19T09:41:43Z,2023-07-19T09:41:43Z,2,2,1,46,1,0,0
papers-we-love/papers-we-love,367,closed,2016-01-22T14:24:12Z,2016-01-26T00:16:41Z,2016-01-26T00:16:41Z,1,0,1,26,2,2,0
papers-we-love/papers-we-love,379,closed,2016-02-20T06:26:57Z,2016-02-22T06:51:19Z,2016-02-22T06:51:19Z,41,20,3,62,1,0,0
papers-we-love/papers-we-love,46,closed,2014-03-10T22:34:51Z,2014-03-19T12:05:43Z,2014-03-19T12:05:43Z,10,0,2,250,17,1,0
papers-we-love/papers-we-love,770,closed,2023-08-15T10:53:47Z,2023-08-15T14:37:50Z,,1,0,1,0,7,0,0
papers-we-love/papers-we-love,740,closed,2023-05-03T18:53:52Z,2023-05-03T23:06:34Z,,6,6,6,82,1,0,0
papers-we-love/papers-we-love,718,closed,2023-02-06T22:44:00Z,2023-02-07T00:46:27Z,2023-02-07T00:46:27Z,7,7,7,438,1,0,0
papers-we-love/papers-we-love,696,closed,2022-11-04T02:27:30Z,2022-11-04T03:55:19Z,2022-11-04T03:55:19Z,1,1,1,260,1,0,0
papers-we-love/papers-we-love,692,closed,2022-09-30T15:43:34Z,2022-10-01T01:43:02Z,2022-10-01T01:43:02Z,1,0,1,142,2,0,0
papers-we-love/papers-we-love,691,closed,2022-09-28T02:26:05Z,2022-09-28T17:49:12Z,2022-09-28T17:49:12Z,1,1,1,167,1,0,0
Hack-with-Github/Awesome-Hacking,174,closed,2025-08-09T05:48:16Z,2025-08-22T14:35:57Z,,3,1,2,52,1,0,0
Hack-with-Github/Awesome-Hacking,165,closed,2024-12-28T13:16:34Z,2025-01-18T01:48:02Z,2025-01-18T01:48:02Z,1,0,1,106,8,6,0
Hack-with-Github/Awesome-Hacking,7,closed,2017-04-16T08:40:39Z,2017-04-16T15:18:31Z,2017-04-16T15:18:31Z,1,0,1,0,2,0,0
Hack-with-Github/Awesome-Hacking,6,closed,2017-03-12T21:33:27Z,2017-05-29T12:04:06Z,,1,0,1,48,5,1,0
Hack-with-Github/Awesome-Hacking,15,closed,2017-08-08T17:11:05Z,2017-08-09T00:58:37Z,,1,0,1,0,1,0,0
Hack-with-Github/Awesome-Hacking,17,closed,2017-08-09T09:37:52Z,2017-08-09T17:20:29Z,2017-08-09T17:20:29Z,1,0,1,0,1,0,0
Hack-with-Github/Awesome-Hacking,21,closed,2017-08-18T02:34:21Z,2017-08-18T14:26:47Z,,77,0,2,29,1,0,0
Hack-with-Github/Awesome-Hacking,24,closed,2017-10-06T10:11:58Z,2017-10-07T02:20:14Z,2017-10-07T02:20:14Z,1,0,1,136,4,0,0
Hack-with-Github/Awesome-Hacking,28,closed,2017-10-24T17:39:34Z,2017-10-25T02:31:44Z,,3,0,1,0,2,0,0
Hack-with-Github/Awesome-Hacking,31,closed,2017-10-31T11:39:19Z,2017-11-01T04:30:34Z,,1,0,1,0,1,0,0
Hack-with-Github/Awesome-Hacking,32,closed,2017-11-26T12:44:26Z,2017-12-08T09:35:39Z,,1,0,1,290,1,0,0
Hack-with-Github/Awesome-Hacking,26,closed,2017-10-14T17:24:43Z,2017-12-08T09:36:50Z,,1,0,1,62,3,0,0
Hack-with-Github/Awesome-Hacking,38,closed,2018-07-08T16:59:04Z,2018-07-10T05:15:48Z,,2,1,1,0,1,0,0
Hack-with-Github/Awesome-Hacking,35,closed,2018-06-15T03:03:51Z,2018-06-15T15:01:57Z,,1,0,1,29,2,0,0
Hack-with-Github/Awesome-Hacking,27,closed,2017-10-19T22:03:26Z,2017-10-20T05:04:12Z,2017-10-20T05:04:12Z,1,0,1,114,3,0,0
Hack-with-Github/Awesome-Hacking,25,closed,2017-10-12T12:58:59Z,2017-10-19T06:41:10Z,,6,0,1,0,2,0,0
Hack-with-Github/Awesome-Hacking,40,closed,2018-10-01T21:33:38Z,2018-10-09T01:43:36Z,,1,0,1,48,1,0,0
Hack-with-Github/Awesome-Hacking,45,closed,2018-10-31T07:17:25Z,2018-11-07T12:06:14Z,,1,0,1,46,0,1,0
Hack-with-Github/Awesome-Hacking,48,closed,2019-02-03T20:48:34Z,2019-02-09T09:00:42Z,2019-02-09T09:00:42Z,1,0,1,0,1,0,0
Hack-with-Github/Awesome-Hacking,50,closed,2019-04-13T21:51:32Z,2019-04-26T03:31:38Z,2019-04-26T03:31:38Z,1,0,1,0,1,0,0
Hack-with-Github/Awesome-Hacking,49,closed,2019-04-02T09:48:56Z,2019-04-29T02:38:59Z,2019-04-29T02:38:59Z,1,0,1,0,4,1,0
Hack-with-Github/Awesome-Hacking,52,closed,2019-07-19T17:52:59Z,2019-07-31T16:43:23Z,2019-07-31T16:43:23Z,1,1,1,0,1,0,0
Hack-with-Github/Awesome-Hacking,154,closed,2023-12-01T19:53:00Z,2024-08-22T10:49:49Z,,1,0,1,285,3,5,0
iptv-org/iptv,27341,closed,2025-10-01T08:48:45Z,2025-10-01T18:51:01Z,2025-10-01T18:51:01Z,2,2,1,102,1,0,0
iptv-org/iptv,26743,closed,2025-09-08T23:53:53Z,2025-09-29T06:46:12Z,,3,2,1,86,3,0,0
iptv-org/iptv,26724,closed,2025-09-07T18:16:57Z,2025-09-26T20:18:31Z,,30,30,3,0,2,0,0
iptv-org/iptv,27096,closed,2025-09-23T21:48:18Z,2025-09-24T18:25:15Z,,0,25,2,169,3,0,0
iptv-org/iptv,27089,closed,2025-09-23T12:22:47Z,2025-09-23T18:13:17Z,2025-09-23T18:13:17Z,30,68,3,142,1,0,0
iptv-org/iptv,27079,closed,2025-09-23T01:00:33Z,2025-09-23T11:52:54Z,2025-09-23T11:52:54Z,1,1,1,28,3,0,0
iptv-org/iptv,26773,closed,2025-09-10T22:58:28Z,2025-09-23T11:43:21Z,2025-09-23T11:43:21Z,4,2,1,166,1,1,0
iptv-org/iptv,26957,closed,2025-09-19T13:58:32Z,2025-09-19T19:28:32Z,2025-09-19T19:28:32Z,100,100,1,322,3,0,0
iptv-org/iptv,26935,closed,2025-09-18T13:02:35Z,2025-09-20T16:14:18Z,2025-09-20T16:14:18Z,2,0,1,19,1,0,0
iptv-org/iptv,26852,closed,2025-09-15T22:39:10Z,2025-09-19T00:19:46Z,2025-09-19T00:19:46Z,0,200,1,77,14,0,0
iptv-org/iptv,26930,closed,2025-09-17T15:50:18Z,2025-09-19T00:19:43Z,2025-09-19T00:19:43Z,153,153,1,43,2,0,0
iptv-org/iptv,26816,closed,2025-09-13T20:17:13Z,2025-09-18T02:23:34Z,,2,1,1,14,1,0,0
iptv-org/iptv,26817,closed,2025-09-13T21:23:14Z,2025-09-15T20:30:31Z,2025-09-15T20:30:31Z,187,207,7,149,1,2,0
iptv-org/iptv,13160,closed,2023-06-11T06:11:56Z,2023-06-12T09:22:06Z,2023-06-12T09:22:06Z,2,0,1,12,1,0,0
iptv-org/iptv,26714,closed,2025-09-07T07:45:55Z,2025-09-08T04:39:55Z,,4,0,1,21,1,0,0
iptv-org/iptv,26649,closed,2025-09-04T21:27:23Z,2025-09-05T12:11:55Z,2025-09-05T12:11:55Z,30,54,5,183,0,2,0
iptv-org/iptv,26614,closed,2025-09-04T06:19:23Z,2025-09-04T13:03:30Z,2025-09-04T13:03:30Z,72,214,23,49,1,5,0
iptv-org/iptv,26540,closed,2025-09-02T20:01:33Z,2025-09-04T10:45:57Z,,2,0,1,134,2,0,0
iptv-org/iptv,12896,closed,2023-05-16T12:36:57Z,2023-05-16T19:18:46Z,2023-05-16T19:18:46Z,4,0,1,42,4,0,0
iptv-org/iptv,1302,closed,2020-04-29T09:37:53Z,2020-04-30T12:31:49Z,,2,2,1,0,3,4,0
iptv-org/iptv,26502,closed,2025-09-01T23:17:08Z,2025-09-03T11:37:11Z,2025-09-03T11:37:11Z,364,470,21,1581,3,0,0
iptv-org/iptv,26541,closed,2025-09-02T20:22:05Z,2025-09-03T01:48:50Z,,2,0,1,36,2,0,0
iptv-org/iptv,26343,closed,2025-08-26T01:54:30Z,2025-09-02T19:25:21Z,2025-09-02T19:25:21Z,8,18,1,0,0,1,0
iptv-org/iptv,26527,closed,2025-09-02T13:52:05Z,2025-09-02T17:51:10Z,2025-09-02T17:51:10Z,26,0,1,23,2,0,0
iptv-org/iptv,26521,closed,2025-09-02T12:49:04Z,2025-09-02T17:39:45Z,,2,0,1,32,3,0,0
iptv-org/iptv,26335,closed,2025-08-25T18:53:32Z,2025-09-01T23:19:23Z,2025-09-01T23:19:23Z,158,80,3,215,2,0,0
iptv-org/iptv,26139,closed,2025-08-19T13:57:00Z,2025-08-31T10:06:02Z,2025-08-31T10:06:02Z,4,0,1,51,4,0,0
tauri-apps/tauri,14223,closed,2025-09-27T12:08:44Z,2025-10-01T12:41:54Z,2025-10-01T12:41:54Z,504,94,2,417,7,2,0
tauri-apps/tauri,14094,closed,2025-08-26T18:17:52Z,2025-10-01T12:33:15Z,2025-10-01T12:33:15Z,290,48,11,196,5,0,0
tauri-apps/tauri,14232,closed,2025-09-30T20:54:18Z,2025-10-01T10:08:16Z,,6,0,2,12,6,0,0
tauri-apps/tauri,14225,closed,2025-09-28T09:57:11Z,2025-09-28T11:21:58Z,2025-09-28T11:21:58Z,1,1,1,1773,1,0,0
tauri-apps/tauri,14216,closed,2025-09-26T04:36:58Z,2025-09-27T13:54:42Z,2025-09-27T13:54:42Z,104,104,2,2764,1,0,0
tauri-apps/tauri,14212,closed,2025-09-24T09:21:55Z,2025-09-25T15:21:18Z,,43,490,3,199,2,6,0
tauri-apps/tauri,14123,closed,2025-08-29T19:05:07Z,2025-09-25T14:36:58Z,,1,1,1,3972,4,0,0
tauri-apps/tauri,14188,closed,2025-09-15T12:00:51Z,2025-09-25T13:41:58Z,2025-09-25T13:41:58Z,109,100,2,6228,2,0,0
tauri-apps/tauri,14161,closed,2025-09-06T06:16:34Z,2025-09-25T13:01:37Z,,37,22,2,1212,1,0,0
tauri-apps/tauri,14163,closed,2025-09-06T09:00:05Z,2025-09-25T11:02:23Z,,2,2,2,14847,4,0,0
tauri-apps/tauri,14160,closed,2025-09-06T06:16:26Z,2025-09-25T11:01:18Z,,3,3,3,14807,4,0,0
tauri-apps/tauri,14124,closed,2025-08-30T11:11:11Z,2025-09-25T11:00:11Z,,1,1,1,4064,4,0,0
tauri-apps/tauri,14067,closed,2025-08-23T18:35:03Z,2025-09-25T10:56:35Z,,1,1,1,1493,3,0,0
tauri-apps/tauri,14164,closed,2025-09-06T09:00:13Z,2025-09-25T10:42:44Z,,7,7,2,5533,3,0,0
tauri-apps/tauri,14206,closed,2025-09-22T09:08:09Z,2025-09-25T09:40:25Z,2025-09-25T09:40:25Z,4,2,2,196,1,0,0
tauri-apps/tauri,14209,closed,2025-09-23T12:23:22Z,2025-09-24T18:57:05Z,2025-09-24T18:57:05Z,11,4,1,428,1,8,0
tauri-apps/tauri,13793,closed,2025-07-09T22:32:48Z,2025-09-22T08:25:25Z,2025-09-22T08:25:25Z,165,6,1,584,2,0,0
tauri-apps/tauri,14197,closed,2025-09-18T15:22:19Z,2025-09-18T16:52:47Z,2025-09-18T16:52:47Z,1,1,1,1004,3,0,0
tauri-apps/tauri,14172,closed,2025-09-09T21:08:29Z,2025-09-11T03:14:50Z,2025-09-11T03:14:50Z,84,83,2,9978,2,0,0
tauri-apps/tauri,14170,closed,2025-09-08T04:54:37Z,2025-09-08T09:38:16Z,2025-09-08T09:38:16Z,7,2,2,1317,5,0,0
tauri-apps/tauri,14169,closed,2025-09-07T13:02:36Z,2025-09-09T03:12:36Z,2025-09-09T03:12:36Z,100,100,2,2806,1,0,0
tauri-apps/tauri,14083,closed,2025-08-25T15:17:25Z,2025-08-27T20:07:08Z,2025-08-27T20:07:08Z,23,6,8,331,10,3,0
tauri-apps/tauri,14089,closed,2025-08-26T10:40:22Z,2025-09-02T10:15:00Z,2025-09-02T10:14:59Z,285,7,13,1234,8,0,0
tauri-apps/tauri,14062,closed,2025-08-23T09:37:58Z,2025-09-01T18:18:20Z,2025-09-01T18:18:20Z,214,135,1,962,3,5,0
tauri-apps/tauri,14052,closed,2025-08-21T09:59:00Z,2025-09-01T16:59:55Z,2025-09-01T16:59:55Z,130,59,13,2477,9,4,0
tauri-apps/tauri,14091,closed,2025-08-26T13:30:55Z,2025-09-01T16:56:27Z,2025-09-01T16:56:26Z,147,2,6,175,1,0,0
tauri-apps/tauri,14122,closed,2025-08-29T18:39:20Z,2025-09-01T16:56:00Z,2025-09-01T16:55:59Z,8,0,2,79,1,1,0
tauri-apps/tauri,14129,closed,2025-08-31T14:25:35Z,2025-09-01T16:55:51Z,2025-09-01T16:55:51Z,70,2,4,0,3,0,0
tauri-apps/tauri,14136,closed,2025-09-01T13:54:48Z,2025-09-01T15:15:43Z,2025-09-01T15:15:43Z,158,90,5,1149,1,0,0
mui/material-ui,46869,closed,2025-09-06T18:49:01Z,2025-09-28T10:23:04Z,2025-09-28T10:23:04Z,123,1,6,811,11,4,0
mui/material-ui,47006,closed,2025-10-01T01:44:41Z,2025-10-01T15:12:01Z,2025-10-01T15:12:01Z,83,22,23,280,1,2,0
mui/material-ui,47007,closed,2025-10-01T08:29:20Z,2025-10-02T01:43:48Z,2025-10-02T01:43:48Z,544,456,4,1294,6,0,0
mui/material-ui,32822,closed,2022-05-18T19:38:13Z,2023-02-23T13:53:51Z,2023-02-23T13:53:51Z,48,7,8,488,7,8,0
mui/material-ui,34451,closed,2022-09-24T02:31:49Z,2022-09-26T17:03:20Z,2022-09-26T17:03:20Z,93,4,8,184,2,2,0
mui/material-ui,40999,closed,2024-02-08T09:02:04Z,2024-02-08T10:45:21Z,2024-02-08T10:45:21Z,11,19,3,416,1,0,0
mui/material-ui,41198,closed,2024-02-20T12:52:56Z,2024-02-23T15:07:14Z,2024-02-23T15:07:14Z,15,6,4,240,4,1,0
mui/material-ui,42466,closed,2024-05-31T17:19:51Z,2024-07-10T15:16:05Z,2024-07-10T15:16:05Z,33,595,35,312,5,2,0
mui/material-ui,214,closed,2015-01-08T19:42:52Z,2015-01-13T15:39:01Z,2015-01-13T15:39:01Z,48,35,2,13,3,0,0
mui/material-ui,216,closed,2015-01-08T21:26:33Z,2015-01-08T23:00:34Z,2015-01-08T23:00:34Z,79,50,4,309,1,0,0
mui/material-ui,217,closed,2015-01-09T05:04:03Z,2015-01-15T02:25:19Z,2015-01-15T02:25:19Z,6,2,1,228,5,0,0
mui/material-ui,223,closed,2015-01-10T13:50:37Z,2015-01-11T00:31:24Z,2015-01-11T00:31:24Z,8,6,1,116,1,0,0
mui/material-ui,225,closed,2015-01-10T21:43:01Z,2015-01-11T00:32:27Z,2015-01-11T00:32:27Z,1,0,1,409,1,0,0
mui/material-ui,233,closed,2015-01-13T00:16:27Z,2015-01-16T17:30:42Z,2015-01-16T17:30:42Z,169,114,4,365,2,0,0
mui/material-ui,237,closed,2015-01-13T08:57:46Z,2015-01-13T17:41:33Z,2015-01-13T17:41:33Z,4,0,1,191,1,0,0
mui/material-ui,250,closed,2015-01-19T08:36:45Z,2015-01-19T16:11:59Z,2015-01-19T16:11:59Z,3,2,1,60,1,0,0
mui/material-ui,24101,closed,2020-12-22T15:23:15Z,2020-12-23T09:42:01Z,2020-12-23T09:42:01Z,8,2,2,72,1,0,0
mui/material-ui,23734,closed,2020-11-26T14:06:42Z,2020-11-26T23:55:38Z,2020-11-26T23:55:38Z,5,4,1,351,1,0,0
mui/material-ui,23918,closed,2020-12-09T21:51:11Z,2020-12-10T12:59:52Z,2020-12-10T12:59:52Z,7,1,2,301,1,0,0
mui/material-ui,22161,closed,2020-08-11T18:36:36Z,2020-08-12T05:30:46Z,2020-08-12T05:30:46Z,38,11,6,18,1,2,0
mui/material-ui,22139,closed,2020-08-10T06:22:16Z,2020-08-11T18:07:49Z,2020-08-11T18:07:49Z,32,13,6,264,2,4,0
mui/material-ui,21759,closed,2020-07-11T20:41:39Z,2020-07-12T11:34:06Z,2020-07-12T11:34:06Z,42,5,3,312,2,2,0
mui/material-ui,20985,closed,2020-05-11T05:29:30Z,2020-05-11T09:12:05Z,2020-05-11T09:12:05Z,2,1,1,561,2,0,0
mui/material-ui,20790,closed,2020-04-27T10:21:32Z,2020-08-21T07:02:59Z,2020-08-21T07:02:59Z,119,15,4,395,6,6,0
mui/material-ui,20771,closed,2020-04-26T08:36:29Z,2020-04-26T16:42:15Z,2020-04-26T16:42:15Z,1,4,1,73,1,0,0
mui/material-ui,20749,closed,2020-04-25T03:08:23Z,2020-04-26T16:49:00Z,2020-04-26T16:49:00Z,12,0,4,336,3,11,0
mui/material-ui,20684,closed,2020-04-21T21:55:26Z,2020-04-23T10:09:57Z,2020-04-23T10:09:57Z,25,25,1,38,2,4,0
mui/material-ui,302,closed,2015-02-03T16:21:19Z,2015-02-03T23:36:59Z,2015-02-03T23:36:59Z,1,1,1,210,1,0,0
mui/material-ui,309,closed,2015-02-04T19:37:28Z,2015-02-05T16:38:56Z,2015-02-05T16:38:56Z,26,6,4,0,1,0,0
mui/material-ui,318,closed,2015-02-09T21:39:19Z,2015-02-09T23:44:31Z,2015-02-09T23:44:31Z,1389,4651,65,434,1,0,0
mui/material-ui,325,closed,2015-02-11T16:24:33Z,2015-02-11T18:45:41Z,2015-02-11T18:45:41Z,34,8,3,297,1,0,0
mui/material-ui,328,closed,2015-02-12T18:49:08Z,2015-02-17T15:32:52Z,2015-02-17T15:32:52Z,9,1,1,82,2,0,0
mui/material-ui,341,closed,2015-02-16T20:16:00Z,2015-02-17T01:45:03Z,2015-02-17T01:45:03Z,2,0,1,73,1,0,0
mui/material-ui,349,closed,2015-02-18T17:01:00Z,2015-02-23T22:12:36Z,2015-02-23T22:12:36Z,27,22,6,357,7,0,0
mui/material-ui,350,closed,2015-02-19T03:08:11Z,2015-02-21T21:08:18Z,2015-02-21T21:08:18Z,2,2,1,92,1,0,0
mui/material-ui,24107,closed,2020-12-23T14:30:26Z,2020-12-24T09:18:37Z,2020-12-24T09:18:36Z,551,365,11,215,15,9,0
mui/material-ui,24250,closed,2021-01-03T12:03:23Z,2021-01-03T16:30:48Z,2021-01-03T16:30:47Z,64,61,6,129,9,0,0
mui/material-ui,24253,closed,2021-01-03T16:48:17Z,2021-01-09T14:33:43Z,2021-01-09T14:33:43Z,73,59,11,1639,5,17,0
ant-design/ant-design,4707,closed,2017-01-24T14:01:47Z,2017-01-25T13:10:51Z,2017-01-25T13:10:51Z,3,1,1,25,4,0,0
ant-design/ant-design,55221,closed,2025-10-02T01:58:53Z,2025-10-02T07:49:21Z,2025-10-02T07:49:20Z,1,1,1,828,12,0,0
ant-design/ant-design,3753,closed,2016-11-07T08:37:15Z,2016-11-21T02:45:56Z,2016-11-21T02:45:56Z,144,20,12,81,6,6,0
ant-design/ant-design,4,closed,2015-06-02T08:25:26Z,2015-06-04T05:51:09Z,,259,30,9,15,4,4,0
ant-design/ant-design,55217,closed,2025-10-01T14:37:27Z,2025-10-02T01:15:40Z,2025-10-02T01:15:40Z,33,22,3,1853,11,2,0
ant-design/ant-design,55164,closed,2025-09-27T16:32:02Z,2025-09-30T16:45:54Z,2025-09-30T16:45:54Z,801,992,213,2165,13,5,0
ant-design/ant-design,55215,closed,2025-10-01T10:09:20Z,2025-10-01T13:19:07Z,2025-10-01T13:19:07Z,91,93,39,824,11,0,0
ant-design/ant-design,6,closed,2015-06-05T12:30:40Z,2015-06-07T09:04:01Z,2015-06-07T09:04:01Z,783,40,11,0,2,0,0
ant-design/ant-design,55214,closed,2025-10-01T10:08:47Z,2025-10-01T13:09:39Z,2025-10-01T13:09:39Z,1,1,1,506,11,0,0
ant-design/ant-design,36,closed,2015-07-10T16:29:15Z,2015-07-11T09:44:22Z,,440,5,17,28,6,3,0
ant-design/ant-design,55075,closed,2025-09-18T13:56:02Z,2025-10-01T10:40:18Z,2025-10-01T10:40:18Z,15,0,1,1300,7,11,0
ant-design/ant-design,55205,closed,2025-09-30T20:10:10Z,2025-10-01T03:43:57Z,2025-10-01T03:43:57Z,41,78,7,1252,14,1,0
ant-design/ant-design,55103,closed,2025-09-21T00:27:28Z,2025-10-01T03:09:39Z,2025-10-01T03:09:39Z,232,174,72,1853,12,2,0
ant-design/ant-design,54691,closed,2025-08-15T08:42:25Z,2025-10-01T02:48:17Z,,112,7,5,1857,7,19,0
ant-design/ant-design,54725,closed,2025-08-20T08:26:01Z,2025-08-22T08:31:51Z,2025-08-22T08:31:51Z,3,1,1,1721,7,1,0
ant-design/ant-design,54370,closed,2025-07-12T06:45:36Z,2025-07-12T14:16:10Z,2025-07-12T14:16:10Z,20,3,4,1247,7,0,0
ant-design/ant-design,54812,closed,2025-08-29T13:53:49Z,2025-09-01T13:09:15Z,,275,0,2,1792,8,3,0
ant-design/ant-design,54835,closed,2025-09-01T13:11:26Z,2025-09-03T15:03:19Z,,95,8,2,1760,12,7,0
ant-design/ant-design,54813,closed,2025-08-29T13:55:14Z,2025-09-04T03:36:38Z,2025-09-04T03:36:38Z,349,22,10,1790,22,42,0
ant-design/ant-design,54919,closed,2025-09-08T03:49:09Z,2025-09-08T08:54:51Z,2025-09-08T08:54:51Z,208,11,8,1923,7,1,0
ant-design/ant-design,54917,closed,2025-09-08T03:36:49Z,2025-09-09T03:11:05Z,2025-09-09T03:11:05Z,529,25,11,1925,7,2,0
ant-design/ant-design,54964,closed,2025-09-12T01:56:04Z,2025-09-30T01:52:27Z,,1133,41,12,1923,5,4,0
ant-design/ant-design,54981,closed,2025-09-12T11:56:32Z,2025-09-26T00:51:30Z,,895,21,8,1921,7,2,0
ant-design/ant-design,54949,closed,2025-09-11T10:03:23Z,2025-09-16T07:49:34Z,2025-09-16T07:49:34Z,261,7,8,1923,7,2,0
ant-design/ant-design,54950,closed,2025-09-11T10:03:51Z,2025-09-16T09:20:19Z,2025-09-16T09:20:19Z,615,421,14,1923,7,5,0
ant-design/ant-design,55032,closed,2025-09-15T15:41:13Z,2025-09-16T09:59:47Z,2025-09-16T09:59:47Z,529,20,8,1923,7,4,0
ant-design/ant-design,54948,closed,2025-09-11T10:02:21Z,2025-09-16T09:59:37Z,2025-09-16T09:59:37Z,287,35,8,1921,7,10,0
ant-design/ant-design,54955,closed,2025-09-12T01:34:55Z,2025-09-22T03:29:02Z,2025-09-22T03:29:02Z,1112,113,9,1921,7,13,0
ant-design/ant-design,54958,closed,2025-09-12T01:47:13Z,2025-09-22T08:29:53Z,2025-09-22T08:29:53Z,895,39,10,1923,7,9,0
ant-design/ant-design,54957,closed,2025-09-12T01:45:49Z,2025-09-24T11:51:39Z,2025-09-24T11:51:39Z,1484,35,10,1923,7,7,0
ant-design/ant-design,54956,closed,2025-09-12T01:45:10Z,2025-09-24T14:55:56Z,2025-09-24T14:55:56Z,698,15,8,1923,7,10,0
ant-design/ant-design,55056,closed,2025-09-17T16:20:50Z,2025-09-25T07:00:24Z,2025-09-25T07:00:24Z,516,52,17,1923,8,9,0
ant-design/ant-design,54959,closed,2025-09-12T01:53:37Z,2025-09-25T09:36:57Z,2025-09-25T09:36:57Z,673,31,10,1923,8,13,0
shadcn-ui/ui,4941,closed,2024-09-23T11:50:37Z,2025-09-30T23:43:14Z,,44,10,1,12,3,0,0
shadcn-ui/ui,6419,closed,2025-01-22T04:35:26Z,2025-09-30T13:23:05Z,,6,6,2,94,8,0,0
shadcn-ui/ui,8121,closed,2025-09-02T09:38:11Z,2025-09-30T00:39:19Z,,444,54,12,5774,7,0,0
shadcn-ui/ui,4673,closed,2024-08-31T10:14:51Z,2025-09-29T23:42:57Z,,1,1,1,23,3,0,0
shadcn-ui/ui,8219,closed,2025-09-15T17:20:42Z,2025-09-29T18:15:28Z,,138,472,3,8538,2,0,0
shadcn-ui/ui,8297,closed,2025-09-25T17:28:36Z,2025-09-29T12:02:53Z,2025-09-29T12:02:53Z,1,0,1,63,2,0,0
shadcn-ui/ui,7987,closed,2025-08-09T20:46:15Z,2025-09-29T00:36:54Z,,6,3,1,114,1,0,0
shadcn-ui/ui,4905,closed,2024-09-19T15:17:23Z,2025-09-27T23:43:13Z,,17,12,1,144,3,0,0
shadcn-ui/ui,4903,closed,2024-09-19T12:52:30Z,2025-09-27T23:43:10Z,,2,2,1,47,3,0,0
shadcn-ui/ui,4889,closed,2024-09-17T22:53:34Z,2025-09-27T23:43:09Z,,21,21,5,521,3,0,0
shadcn-ui/ui,4895,closed,2024-09-18T13:01:05Z,2025-09-26T23:42:44Z,,21,0,1,509,3,0,0
shadcn-ui/ui,7783,closed,2025-07-10T11:16:55Z,2025-09-26T09:12:09Z,,6,12,2,13,2,0,0
shadcn-ui/ui,4880,closed,2024-09-17T11:40:50Z,2025-09-25T23:43:03Z,,10,4,4,839,3,0,0
shadcn-ui/ui,4824,closed,2024-09-12T21:28:41Z,2025-09-20T23:43:02Z,,4,0,1,228,4,0,0
shadcn-ui/ui,4852,closed,2024-09-15T02:16:39Z,2025-09-25T11:42:02Z,,13,13,13,420,3,2,0
shadcn-ui/ui,2842,closed,2024-02-24T17:44:11Z,2025-09-22T23:42:46Z,,93,93,84,727,5,0,0
Anduin2017/HowToCook,1668,closed,2025-09-20T08:23:22Z,2025-09-20T10:50:44Z,2025-09-20T10:50:43Z,1,4,3,487,2,0,0
Anduin2017/HowToCook,1665,closed,2025-09-14T03:30:01Z,2025-09-14T05:07:25Z,2025-09-14T05:07:25Z,4,0,1,412,3,0,0
Anduin2017/HowToCook,1667,closed,2025-09-17T06:34:11Z,2025-09-17T08:07:04Z,2025-09-17T08:07:04Z,1,1,1,412,1,0,0
Anduin2017/HowToCook,1657,closed,2025-08-16T14:25:36Z,2025-08-16T17:18:58Z,,95,0,2,412,2,0,0
Anduin2017/HowToCook,1619,closed,2025-06-07T13:24:57Z,2025-07-01T15:47:31Z,2025-07-01T15:47:31Z,68,0,1,435,2,0,0
Anduin2017/HowToCook,1634,closed,2025-06-28T13:10:34Z,2025-06-28T15:21:42Z,2025-06-28T15:21:42Z,55,0,3,414,1,0,0
Anduin2017/HowToCook,1628,closed,2025-06-22T12:23:53Z,2025-06-23T03:45:17Z,2025-06-23T03:45:17Z,1,1,1,412,1,0,0
Anduin2017/HowToCook,1626,closed,2025-06-18T13:32:33Z,2025-06-20T04:37:02Z,2025-06-20T04:37:02Z,43,0,1,412,1,0,0
Anduin2017/HowToCook,1549,closed,2025-04-23T12:00:13Z,2025-04-23T13:28:22Z,2025-04-23T13:28:22Z,36,0,1,414,2,0,0
Anduin2017/HowToCook,1625,closed,2025-06-18T09:31:06Z,2025-06-18T13:29:47Z,,43,0,1,9,1,0,0
Anduin2017/HowToCook,1623,closed,2025-06-14T20:48:25Z,2025-06-15T09:53:29Z,2025-06-15T09:53:29Z,87,0,2,412,0,1,0
Anduin2017/HowToCook,1621,closed,2025-06-10T19:43:42Z,2025-06-11T04:59:39Z,2025-06-11T04:59:39Z,4,4,1,412,1,0,0
Anduin2017/HowToCook,1595,closed,2025-05-19T05:52:06Z,2025-05-19T07:09:38Z,2025-05-19T07:09:38Z,2,2,1,412,1,0,0
Anduin2017/HowToCook,1580,closed,2025-05-03T08:24:02Z,2025-05-17T05:39:04Z,,43,0,3,412,1,0,0
Anduin2017/HowToCook,1587,closed,2025-05-13T09:12:47Z,2025-05-13T13:49:15Z,2025-05-13T13:49:15Z,176,138,1,412,2,0,0
Anduin2017/HowToCook,1581,closed,2025-05-05T14:11:26Z,2025-05-06T06:15:55Z,2025-05-06T06:15:55Z,151,0,3,414,2,0,0
Anduin2017/HowToCook,1574,closed,2025-05-02T17:10:06Z,2025-05-03T17:51:22Z,2025-05-03T17:51:22Z,46,0,2,412,1,0,0
Anduin2017/HowToCook,1576,closed,2025-05-03T01:48:16Z,2025-05-03T04:59:07Z,2025-05-03T04:59:07Z,59,1,6,412,1,0,0
nvbn/thefuck,1526,closed,2025-08-29T10:24:15Z,2025-09-28T20:53:30Z,,1,1,1,1140,3,0,0
nvbn/thefuck,1503,closed,2025-03-29T15:57:32Z,2025-09-06T16:17:19Z,,6535,0,208,75,3,0,0
nvbn/thefuck,1415,closed,2023-11-13T08:47:32Z,2024-05-04T09:23:34Z,,28,0,2,198,19,0,0
nvbn/thefuck,1473,closed,2024-09-21T10:19:31Z,2025-04-04T19:05:39Z,,10,13,3,196,3,0,0
nvbn/thefuck,1292,closed,2022-05-03T19:31:37Z,2022-06-13T21:29:15Z,2022-06-13T21:29:15Z,5,4,2,461,15,9,0
nvbn/thefuck,1335,closed,2022-09-30T12:07:23Z,2024-10-14T09:30:00Z,,12,0,1,11,1,1,0
nvbn/thefuck,1329,closed,2022-09-07T19:26:09Z,2023-07-10T13:09:27Z,2023-07-10T13:09:27Z,37,3,3,373,4,8,0
nvbn/thefuck,1397,closed,2023-08-21T03:32:03Z,2024-07-18T02:11:33Z,,1123,619,115,64,0,1,0
nvbn/thefuck,1447,closed,2024-05-15T18:30:55Z,2024-05-25T16:58:19Z,,1,1,1,128,2,0,0
nvbn/thefuck,1248,closed,2021-11-23T14:12:06Z,2023-07-10T13:00:18Z,2023-07-10T13:00:18Z,95,78,18,436,7,1,0
nvbn/thefuck,1432,closed,2024-01-25T08:37:08Z,2024-01-25T19:52:35Z,2024-01-25T19:52:35Z,13,13,1,0,1,0,0
ryanmcdermott/clean-code-javascript,440,closed,2023-07-26T04:11:12Z,2024-08-05T16:21:27Z,,371,557,1,27,1,0,0
ryanmcdermott/clean-code-javascript,402,closed,2022-10-12T22:59:36Z,2023-08-04T19:30:45Z,,1,1,1,0,1,0,0
ryanmcdermott/clean-code-javascript,356,closed,2021-07-23T17:31:38Z,2023-02-11T17:28:24Z,2023-02-11T17:28:24Z,1,0,1,161,1,0,0
ryanmcdermott/clean-code-javascript,397,closed,2022-08-18T18:43:53Z,2022-08-21T17:36:23Z,,40,50,1,0,1,0,0
ryanmcdermott/clean-code-javascript,383,closed,2022-04-13T12:14:52Z,2022-08-21T17:35:59Z,2022-08-21T17:35:59Z,1,1,1,47,2,0,0
ryanmcdermott/clean-code-javascript,392,closed,2022-07-10T17:10:14Z,2022-08-21T17:34:05Z,2022-08-21T17:34:05Z,2,2,1,12,1,0,0
ryanmcdermott/clean-code-javascript,368,closed,2021-10-22T21:51:51Z,2022-04-13T11:56:40Z,,1,1,1,98,1,0,0
ryanmcdermott/clean-code-javascript,204,closed,2017-04-20T00:27:26Z,2021-05-24T15:52:20Z,,25,0,1,0,3,0,0
ryanmcdermott/clean-code-javascript,326,closed,2020-10-10T16:08:01Z,2021-01-21T03:27:40Z,2021-01-21T03:27:40Z,1,0,1,0,1,0,0
ryanmcdermott/clean-code-javascript,341,closed,2021-03-29T12:38:47Z,2021-05-23T17:52:52Z,2021-05-23T17:52:52Z,2,2,1,56,1,0,0
ryanmcdermott/clean-code-javascript,104,closed,2017-01-10T12:34:05Z,2021-05-24T15:52:51Z,,20,13,1,3650,5,0,0
ryanmcdermott/clean-code-javascript,127,closed,2017-01-12T18:09:24Z,2021-05-24T15:52:46Z,,44,0,1,255,2,4,0
ryanmcdermott/clean-code-javascript,139,closed,2017-01-14T18:59:57Z,2021-05-24T15:52:40Z,,101,43,1,331,16,6,0
ryanmcdermott/clean-code-javascript,167,closed,2017-01-22T02:19:22Z,2021-05-24T15:52:26Z,,11,1,1,114,4,0,0
ryanmcdermott/clean-code-javascript,209,closed,2017-04-27T22:44:52Z,2021-05-23T18:53:23Z,,4,4,1,198,3,0,0
ryanmcdermott/clean-code-javascript,211,closed,2017-04-28T21:46:55Z,2021-05-23T18:50:49Z,,2,2,1,84,5,1,0
ryanmcdermott/clean-code-javascript,338,closed,2021-02-26T06:58:10Z,2021-05-23T18:48:55Z,,28,1,1,129,1,0,0
ryanmcdermott/clean-code-javascript,347,closed,2021-04-28T03:53:59Z,2021-05-23T18:34:36Z,,20,43,1,155,1,2,0
ryanmcdermott/clean-code-javascript,339,closed,2021-03-14T19:46:55Z,2021-05-23T18:23:47Z,,8,10,1,46,1,0,0
ryanmcdermott/clean-code-javascript,348,closed,2021-05-08T04:53:20Z,2021-05-23T18:13:02Z,,2,1,1,61,1,0,0
ryanmcdermott/clean-code-javascript,346,closed,2021-04-24T04:35:22Z,2021-05-23T18:09:12Z,,4,21,1,264,1,0,0
ryanmcdermott/clean-code-javascript,274,closed,2019-11-22T13:48:42Z,2021-05-23T18:06:37Z,,40,1,1,266,2,0,0
ryanmcdermott/clean-code-javascript,333,closed,2021-01-06T03:20:09Z,2021-05-23T18:04:41Z,,36,0,1,140,2,0,0
ryanmcdermott/clean-code-javascript,342,closed,2021-03-30T09:36:08Z,2021-05-23T17:52:04Z,,42,5,1,124,2,0,0
ryanmcdermott/clean-code-javascript,224,closed,2017-07-14T20:37:13Z,2020-10-07T20:18:15Z,,1,0,1,0,6,0,0
ryanmcdermott/clean-code-javascript,327,closed,2020-10-18T11:42:06Z,2020-10-18T16:37:36Z,,19,0,1,25,1,0,0
ryanmcdermott/clean-code-javascript,270,closed,2019-11-05T23:34:27Z,2020-10-07T20:24:29Z,,1,1,1,248,1,0,0
ryanmcdermott/clean-code-javascript,267,closed,2019-10-03T04:23:27Z,2020-10-07T20:15:21Z,,79,0,1,26,5,0,0
ryanmcdermott/clean-code-javascript,269,closed,2019-10-31T13:19:01Z,2020-10-07T20:13:02Z,,2,2,1,41,2,0,0
ryanmcdermott/clean-code-javascript,318,closed,2020-08-13T09:19:56Z,2020-10-07T20:09:10Z,,2,0,1,295,1,0,0
ryanmcdermott/clean-code-javascript,320,closed,2020-09-06T12:26:21Z,2020-10-07T18:41:04Z,2020-10-07T18:41:04Z,1,1,1,122,3,0,0
ryanmcdermott/clean-code-javascript,323,closed,2020-10-05T04:04:24Z,2020-10-06T22:18:18Z,2020-10-06T22:18:18Z,16,13,1,434,1,0,0
ryanmcdermott/clean-code-javascript,288,closed,2020-01-21T08:29:03Z,2020-07-31T03:09:46Z,2020-07-31T03:09:46Z,2,2,1,0,1,0,0
ryanmcdermott/clean-code-javascript,312,closed,2020-04-01T15:47:31Z,2020-05-03T01:47:08Z,2020-05-03T01:47:08Z,1,1,1,0,1,0,0
ryanmcdermott/clean-code-javascript,313,closed,2020-04-16T13:59:34Z,2020-04-17T03:39:55Z,2020-04-17T03:39:55Z,1,0,1,0,1,0,0
ryanmcdermott/clean-code-javascript,311,closed,2020-03-29T05:04:35Z,2020-03-31T17:19:01Z,2020-03-31T17:19:01Z,1,0,1,0,1,0,0
ryanmcdermott/clean-code-javascript,297,closed,2020-02-07T03:44:33Z,2020-02-12T04:01:47Z,2020-02-12T04:01:47Z,1,1,1,0,4,0,0
ryanmcdermott/clean-code-javascript,287,closed,2020-01-19T19:29:00Z,2020-02-07T04:08:52Z,,20,0,1,175,7,0,0
ryanmcdermott/clean-code-javascript,290,closed,2020-01-21T21:20:39Z,2020-02-07T04:08:06Z,2020-02-07T04:08:06Z,1,1,1,24,1,0,0
ryanmcdermott/clean-code-javascript,291,closed,2020-01-22T00:23:18Z,2020-01-22T16:38:36Z,2020-01-22T16:38:36Z,9,12,1,60,1,0,0
pytorch/pytorch,164430,closed,2025-10-02T03:26:33Z,2025-10-02T08:05:13Z,,177,0,2,186,3,0,0
pytorch/pytorch,164412,closed,2025-10-01T21:44:12Z,2025-10-02T08:04:08Z,,83,133,4,195,5,0,0
pytorch/pytorch,164215,closed,2025-09-30T06:18:32Z,2025-10-02T07:59:20Z,,80,16,1,672,3,5,0
pytorch/pytorch,164205,closed,2025-09-30T04:06:34Z,2025-10-02T07:39:57Z,,21,1,2,209,7,2,0
pytorch/pytorch,164423,closed,2025-10-02T00:30:47Z,2025-10-02T07:31:16Z,,243,179,113,582,6,0,0
pytorch/pytorch,154694,closed,2025-05-30T00:28:12Z,2025-10-02T07:02:44Z,,3,1,2,330,375,0,0
pytorch/pytorch,163616,closed,2025-09-23T06:51:35Z,2025-09-25T18:29:20Z,,1,1,1,115,4,2,0
pytorch/pytorch,164336,closed,2025-10-01T06:00:30Z,2025-10-02T06:50:51Z,,113,1,3,151,9,1,0
pytorch/pytorch,164002,closed,2025-09-26T21:44:57Z,2025-09-27T00:53:06Z,,15,14,2,246,3,2,0
pytorch/pytorch,164169,closed,2025-09-29T19:30:05Z,2025-10-02T05:44:34Z,,115,71,1,822,11,0,0
pytorch/pytorch,164250,closed,2025-09-30T15:56:12Z,2025-10-02T05:42:22Z,,38,2,3,431,7,0,0
pytorch/pytorch,164056,closed,2025-09-28T03:26:05Z,2025-09-30T13:48:29Z,,8,41,5,76,8,0,0
pytorch/pytorch,163559,closed,2025-09-22T21:01:48Z,2025-10-02T04:18:50Z,,33,2,5,194,12,2,0
pytorch/pytorch,164334,closed,2025-10-01T04:24:27Z,2025-10-02T03:48:10Z,,122,5,2,164,3,0,0
neovim/neovim,35890,closed,2025-09-23T11:57:53Z,2025-10-02T03:17:56Z,2025-10-02T03:17:55Z,40,9,1,563,2,0,0
neovim/neovim,35970,closed,2025-10-01T03:33:13Z,2025-10-02T00:31:52Z,2025-10-02T00:31:52Z,64,6,2,998,4,1,0
neovim/neovim,35965,closed,2025-09-30T10:47:45Z,2025-10-01T13:56:56Z,2025-10-01T13:56:56Z,2,0,1,681,2,0,0
neovim/neovim,35924,closed,2025-09-26T11:27:10Z,2025-10-01T03:16:03Z,2025-10-01T03:16:03Z,1,1,1,143,1,0,0
neovim/neovim,35795,closed,2025-09-16T07:08:25Z,2025-09-30T05:28:36Z,2025-09-30T05:28:36Z,28,1,2,483,4,1,0
neovim/neovim,35950,closed,2025-09-29T02:37:18Z,2025-09-29T04:01:20Z,2025-09-29T04:01:20Z,15,0,4,378,1,3,0
neovim/neovim,35754,closed,2025-09-14T04:35:56Z,2025-09-29T03:57:59Z,2025-09-29T03:57:59Z,186,138,18,0,1,3,0
neovim/neovim,35939,closed,2025-09-28T00:40:39Z,2025-09-28T03:28:05Z,2025-09-28T03:28:05Z,17,2,4,432,0,2,0
neovim/neovim,28804,closed,2024-05-17T06:31:39Z,2024-05-17T10:25:29Z,2024-05-17T10:25:29Z,1,2,1,10,2,0,0
neovim/neovim,35524,closed,2025-08-28T02:10:15Z,2025-09-28T02:11:59Z,,1,1,1,164,2,0,0
neovim/neovim,35929,closed,2025-09-27T07:09:56Z,2025-09-27T17:24:24Z,2025-09-27T17:24:24Z,96,1,2,434,0,3,0
neovim/neovim,35841,closed,2025-09-19T14:08:49Z,2025-09-22T22:27:45Z,2025-09-22T22:27:45Z,1,1,1,170,4,0,0
neovim/neovim,31186,closed,2024-11-13T00:52:26Z,2024-11-17T21:31:24Z,2024-11-17T21:31:24Z,78,8,3,142,2,13,0
neovim/neovim,35932,closed,2025-09-27T17:26:28Z,2025-09-27T18:28:30Z,,9,2,3,1276,2,0,0
neovim/neovim,35911,closed,2025-09-25T02:23:20Z,2025-09-27T12:22:24Z,2025-09-27T12:22:24Z,13,2686,39,312,7,0,0
neovim/neovim,35790,closed,2025-09-16T01:05:22Z,2025-09-26T05:10:24Z,2025-09-26T05:10:24Z,4123,4047,21,0,2,2,0
neovim/neovim,33972,closed,2025-05-11T16:20:34Z,2025-08-25T02:17:34Z,2025-08-25T02:17:34Z,840,12,14,1463,13,80,0
neovim/neovim,35915,closed,2025-09-25T22:06:37Z,2025-09-26T01:51:14Z,2025-09-26T01:51:14Z,16,15,1,560,3,0,0
neovim/neovim,35913,closed,2025-09-25T11:19:10Z,2025-09-25T21:59:05Z,2025-09-25T21:59:05Z,6,3,2,281,1,0,0
neovim/neovim,35759,closed,2025-09-14T19:52:20Z,2025-09-15T07:58:45Z,,3,10,2,118,4,0,0
neovim/neovim,35774,closed,2025-09-15T07:53:14Z,2025-09-16T00:50:53Z,2025-09-16T00:50:53Z,4,1,2,220,5,0,0
neovim/neovim,35574,closed,2025-08-31T19:41:37Z,2025-09-14T04:17:07Z,2025-09-14T04:17:07Z,269,49,5,597,2,1,0
mtdvio/every-programmer-should-know,95,closed,2017-10-19T15:30:08Z,2017-10-25T18:29:45Z,2017-10-25T18:29:45Z,1,0,1,76,1,0,0
mtdvio/every-programmer-should-know,143,closed,2019-04-22T13:58:16Z,2019-04-24T14:44:15Z,2019-04-24T14:44:15Z,1,1,1,84,1,0,0
mtdvio/every-programmer-should-know,13,closed,2017-09-06T03:30:09Z,2017-09-06T17:00:46Z,2017-09-06T17:00:45Z,3,0,1,0,4,0,0
mtdvio/every-programmer-should-know,8,closed,2017-09-05T14:24:15Z,2017-09-23T10:43:11Z,,4,0,1,70,3,0,0
mtdvio/every-programmer-should-know,179,closed,2022-04-18T16:30:51Z,2022-11-23T11:06:05Z,2022-11-23T11:06:04Z,4,0,1,0,1,0,0
mtdvio/every-programmer-should-know,177,closed,2022-01-02T15:42:15Z,2022-11-23T11:05:19Z,2022-11-23T11:05:19Z,1,1,1,188,1,0,0
mtdvio/every-programmer-should-know,168,closed,2021-09-09T13:59:43Z,2022-11-23T11:04:48Z,2022-11-23T11:04:48Z,1,1,1,16,1,0,0
mtdvio/every-programmer-should-know,198,closed,2022-08-13T16:01:07Z,2022-11-23T11:00:16Z,2022-11-23T11:00:16Z,2,0,1,132,1,0,0
mtdvio/every-programmer-should-know,189,closed,2022-07-06T13:07:41Z,2022-10-11T12:20:02Z,,1,1,1,0,1,0,0
mtdvio/every-programmer-should-know,146,closed,2019-10-05T15:09:38Z,2022-08-27T20:00:16Z,,5,3,1,491,1,0,0
iluwatar/java-design-patterns,3312,closed,2025-08-19T07:55:31Z,2025-09-15T22:03:24Z,,1,1,1,9018,3,0,0
iluwatar/java-design-patterns,3311,closed,2025-08-19T07:46:01Z,2025-09-15T22:02:50Z,,1,1,1,10103,3,0,0
iluwatar/java-design-patterns,3313,closed,2025-08-19T08:37:44Z,2025-09-02T12:49:30Z,,1,1,1,7046,3,0,0
iluwatar/java-design-patterns,3308,closed,2025-08-05T05:20:34Z,2025-08-19T08:37:47Z,,1,1,1,7672,3,0,0
iluwatar/java-design-patterns,3310,closed,2025-08-05T05:50:14Z,2025-08-19T07:55:33Z,,1,1,1,8797,3,0,0
iluwatar/java-design-patterns,3309,closed,2025-08-05T05:41:13Z,2025-08-19T07:46:04Z,,1,1,1,10473,3,0,0
iluwatar/java-design-patterns,3297,closed,2025-06-17T00:40:33Z,2025-08-05T05:50:16Z,,1,1,1,7666,3,0,0
iluwatar/java-design-patterns,3296,closed,2025-06-17T00:29:13Z,2025-08-05T05:41:16Z,,1,1,1,11342,3,0,0
iluwatar/java-design-patterns,3295,closed,2025-06-09T22:23:05Z,2025-08-05T05:20:37Z,,1,1,1,7682,3,0,0
iluwatar/java-design-patterns,3300,closed,2025-07-08T03:26:41Z,2025-07-18T09:59:57Z,,526,0,13,705,3,2,0
iluwatar/java-design-patterns,3284,closed,2025-05-19T22:55:32Z,2025-06-17T00:40:35Z,,1,1,1,6612,3,0,0
iluwatar/java-design-patterns,3285,closed,2025-05-19T22:56:01Z,2025-06-17T00:29:15Z,,1,1,1,10737,3,0,0
iluwatar/java-design-patterns,3283,closed,2025-05-19T22:55:29Z,2025-06-09T22:23:07Z,,1,1,1,7638,3,0,0
puppeteer/puppeteer,14250,closed,2025-09-25T14:05:34Z,2025-10-01T17:42:13Z,2025-10-01T17:42:13Z,330,270,623,2251,3,0,0
puppeteer/puppeteer,14275,closed,2025-10-01T07:15:35Z,2025-10-01T17:19:57Z,2025-10-01T17:19:57Z,45,68,2,215,2,2,0
puppeteer/puppeteer,14263,closed,2025-09-29T14:44:25Z,2025-09-30T11:32:29Z,,727,10,13,194,0,4,0
puppeteer/puppeteer,14255,closed,2025-09-28T02:04:20Z,2025-09-29T14:27:39Z,,6,6,3,16278,1,0,0
puppeteer/puppeteer,14254,closed,2025-09-28T00:07:41Z,2025-09-29T13:16:41Z,,344,276,4,29635,1,0,0
puppeteer/puppeteer,14260,closed,2025-09-29T09:54:46Z,2025-09-29T12:46:13Z,2025-09-29T12:46:13Z,132,17,6,0,0,2,0
puppeteer/puppeteer,14256,closed,2025-09-28T03:03:59Z,2025-09-29T09:59:40Z,2025-09-29T09:59:40Z,1,1,1,2669,1,0,0
puppeteer/puppeteer,14129,closed,2025-08-21T10:06:28Z,2025-09-26T11:14:54Z,,1,1,1,1338,2,0,0
puppeteer/puppeteer,14128,closed,2025-08-21T10:03:49Z,2025-09-26T11:14:53Z,,13,7,2,516,1,1,0
puppeteer/puppeteer,14249,closed,2025-09-25T12:53:28Z,2025-09-25T13:59:20Z,2025-09-25T13:59:20Z,42,9,2,0,0,2,0
puppeteer/puppeteer,14228,closed,2025-09-21T00:02:57Z,2025-09-25T09:43:02Z,2025-09-25T09:43:01Z,18,18,5,14,1,8,0
puppeteer/puppeteer,14241,closed,2025-09-24T07:08:13Z,2025-09-24T19:09:04Z,2025-09-24T19:09:04Z,90,10,622,1227,1,0,0
puppeteer/puppeteer,14246,closed,2025-09-24T17:25:17Z,2025-09-24T18:28:49Z,2025-09-24T18:28:49Z,55,44,4,261,0,6,0
puppeteer/puppeteer,14223,closed,2025-09-18T08:37:05Z,2025-09-23T12:06:46Z,2025-09-23T12:06:46Z,94,10,622,1432,1,0,0
puppeteer/puppeteer,14226,closed,2025-09-18T10:52:05Z,2025-09-23T09:45:52Z,2025-09-23T09:45:52Z,98,32,4,201,2,1,0
puppeteer/puppeteer,14231,closed,2025-09-21T02:12:24Z,2025-09-22T07:01:18Z,,73,0,1,743,1,0,0
puppeteer/puppeteer,14154,closed,2025-08-31T01:05:41Z,2025-09-21T01:06:05Z,,18602,13829,2,65535,1,0,0
puppeteer/puppeteer,14206,closed,2025-09-14T00:08:11Z,2025-09-21T00:06:45Z,,445,344,6,65535,2,0,0
puppeteer/puppeteer,14220,closed,2025-09-17T07:39:16Z,2025-09-17T12:16:41Z,2025-09-17T12:16:41Z,128,34,622,1261,1,0,0
microsoft/Web-Dev-For-Beginners,1438,closed,2025-07-06T16:30:35Z,2025-08-29T23:18:14Z,,1,0,1,1362,3,0,0
microsoft/Web-Dev-For-Beginners,1217,closed,2023-10-08T14:10:54Z,2025-08-29T23:30:16Z,,15,1,2,471,1,0,0
microsoft/Web-Dev-For-Beginners,1218,closed,2023-10-08T14:20:36Z,2025-08-29T23:29:47Z,,15,1,2,477,2,0,0
microsoft/Web-Dev-For-Beginners,1242,closed,2023-12-22T03:08:44Z,2025-08-29T23:29:15Z,,60,0,2,276,3,0,0
microsoft/Web-Dev-For-Beginners,1227,closed,2023-10-30T09:35:03Z,2025-08-29T23:28:50Z,,1,1,1,330,2,0,0
microsoft/Web-Dev-For-Beginners,1394,closed,2025-04-07T06:24:42Z,2025-08-29T23:28:14Z,,46,1,1,453,4,1,0
microsoft/Web-Dev-For-Beginners,1406,closed,2025-05-17T12:35:20Z,2025-08-29T23:25:44Z,,68,0,1,32,3,2,0
microsoft/Web-Dev-For-Beginners,1425,closed,2025-06-12T03:21:47Z,2025-08-29T23:23:15Z,,10,0,1,620,2,0,0
microsoft/Web-Dev-For-Beginners,1437,closed,2025-07-06T04:40:30Z,2025-08-29T23:21:38Z,2025-08-29T23:21:38Z,72,19,2,427,1,3,0
microsoft/Web-Dev-For-Beginners,1444,closed,2025-07-26T11:16:22Z,2025-08-29T23:15:48Z,,12,0,1,612,1,0,0
microsoft/Web-Dev-For-Beginners,1451,closed,2025-08-11T19:55:45Z,2025-08-28T12:41:01Z,,26,22,1,422,2,0,0
microsoft/Web-Dev-For-Beginners,1453,closed,2025-08-12T11:54:21Z,2025-08-28T12:40:35Z,,2,1,1,828,2,0,0
microsoft/Web-Dev-For-Beginners,1452,closed,2025-08-12T11:09:12Z,2025-08-28T12:40:11Z,,2,1,1,393,1,0,0
microsoft/Web-Dev-For-Beginners,1454,closed,2025-08-12T12:40:19Z,2025-08-28T12:39:43Z,,4,3,2,443,2,0,0
deepseek-ai/DeepSeek-R1,414,closed,2025-02-15T09:30:57Z,2025-04-09T04:35:32Z,,1,1,1,20,2,0,0
deepseek-ai/DeepSeek-R1,502,closed,2025-02-25T11:29:40Z,2025-04-09T05:34:52Z,,1,0,1,0,2,0,0
deepseek-ai/DeepSeek-R1,179,closed,2025-01-29T20:33:44Z,2025-04-09T05:33:54Z,,1,1,1,94,1,0,0
deepseek-ai/DeepSeek-R1,100,closed,2025-01-28T02:09:13Z,2025-04-09T05:32:25Z,2025-04-09T05:32:25Z,1,1,1,195,1,0,0
deepseek-ai/DeepSeek-R1,408,closed,2025-02-14T16:17:22Z,2025-04-09T04:36:13Z,,59,0,1,1919,2,0,0
deepseek-ai/DeepSeek-R1,530,closed,2025-03-04T08:17:24Z,2025-04-09T04:34:07Z,,15,0,1,0,0,2,0
deepseek-ai/DeepSeek-R1,591,closed,2025-03-24T09:06:46Z,2025-04-09T04:33:34Z,,2,0,1,24,1,0,0
deepseek-ai/DeepSeek-R1,122,closed,2025-01-28T18:20:54Z,2025-04-05T07:08:02Z,,1,1,1,15,1,0,0
deepseek-ai/DeepSeek-R1,32,closed,2025-01-21T14:15:48Z,2025-04-03T08:54:32Z,,1,1,1,21,1,0,0
deepseek-ai/DeepSeek-R1,578,closed,2025-03-17T09:06:01Z,2025-03-22T07:55:39Z,,271,0,1,6,1,0,0
deepseek-ai/DeepSeek-R1,181,closed,2025-01-29T22:16:25Z,2025-03-14T08:34:28Z,,240,1,2,392,2,0,0
deepseek-ai/DeepSeek-R1,202,closed,2025-01-30T22:02:27Z,2025-02-11T21:06:42Z,,4,2,1,36,2,0,0
deepseek-ai/DeepSeek-R1,213,closed,2025-01-31T07:19:58Z,2025-02-10T17:59:27Z,,17,18,1,93,1,0,0
deepseek-ai/DeepSeek-R1,8,closed,2025-01-20T17:53:37Z,2025-01-23T02:01:36Z,2025-01-23T02:01:36Z,1,1,1,22,1,0,0
deepseek-ai/DeepSeek-R1,78,closed,2025-01-25T23:16:11Z,2025-01-26T11:05:48Z,,1,1,1,96,1,0,0
tailwindlabs/tailwindcss,19041,closed,2025-10-01T14:11:31Z,2025-10-01T16:56:41Z,,11,11,3,7675,1,0,0
tailwindlabs/tailwindcss,19038,closed,2025-09-30T20:47:56Z,2025-10-01T13:45:30Z,2025-10-01T13:45:30Z,14,9,4,0,3,0,0
tailwindlabs/tailwindcss,19011,closed,2025-09-26T17:55:32Z,2025-09-30T19:54:24Z,,11,11,3,7348,11,0,0
tailwindlabs/tailwindcss,19036,closed,2025-09-30T16:56:20Z,2025-09-30T19:21:14Z,2025-09-30T19:21:14Z,60,60,3,10642,2,0,0
tailwindlabs/tailwindcss,19035,closed,2025-09-30T15:50:46Z,2025-09-30T18:53:29Z,2025-09-30T18:53:29Z,10,18,2,4961,1,0,0
tailwindlabs/tailwindcss,19033,closed,2025-09-30T15:25:43Z,2025-09-30T18:52:43Z,2025-09-30T18:52:43Z,18,18,2,4379,1,0,0
tailwindlabs/tailwindcss,19031,closed,2025-09-29T22:45:50Z,2025-09-30T15:13:14Z,2025-09-30T15:13:14Z,30,7,3,2021,1,0,0
tailwindlabs/tailwindcss,19028,closed,2025-09-29T11:29:31Z,2025-09-29T14:21:44Z,2025-09-29T14:21:44Z,290,1,7,1732,0,4,0
tailwindlabs/tailwindcss,19029,closed,2025-09-29T12:41:08Z,2025-09-29T13:51:45Z,2025-09-29T13:51:45Z,100,100,2,5947,1,0,0
tailwindlabs/tailwindcss,19007,closed,2025-09-26T16:30:32Z,2025-09-29T09:16:07Z,2025-09-29T09:16:06Z,53,53,3,1585,2,0,0
tailwindlabs/tailwindcss,19008,closed,2025-09-26T17:00:37Z,2025-09-26T18:57:13Z,2025-09-26T18:57:13Z,62,73,3,2566,1,0,0
tailwindlabs/tailwindcss,19010,closed,2025-09-26T17:35:37Z,2025-09-26T18:42:26Z,2025-09-26T18:42:26Z,16,16,5,3646,1,0,0
tailwindlabs/tailwindcss,19009,closed,2025-09-26T17:15:53Z,2025-09-26T18:39:44Z,2025-09-26T18:39:44Z,113,102,3,21587,1,0,0
tailwindlabs/tailwindcss,19005,closed,2025-09-26T16:00:35Z,2025-09-26T18:39:32Z,2025-09-26T18:39:32Z,6,6,2,1614,1,0,0
tailwindlabs/tailwindcss,19003,closed,2025-09-26T15:30:30Z,2025-09-26T18:39:22Z,2025-09-26T18:39:22Z,22,22,4,1616,4,0,0
tailwindlabs/tailwindcss,17906,closed,2025-05-06T22:57:05Z,2025-05-07T14:19:54Z,2025-05-07T14:19:54Z,68,9,4,25046,3,2,0
tailwindlabs/tailwindcss,18971,closed,2025-09-20T06:40:46Z,2025-09-22T09:11:39Z,2025-09-22T09:11:39Z,344,318,9,2494,1,0,0
tailwindlabs/tailwindcss,18940,closed,2025-09-15T20:59:42Z,2025-09-18T17:00:35Z,2025-09-18T17:00:35Z,90,0,1,180,0,5,0
tailwindlabs/tailwindcss,18373,closed,2025-06-23T15:46:51Z,2025-09-18T16:03:19Z,2025-09-18T16:03:19Z,87,35,6,14,2,4,0
tailwindlabs/tailwindcss,17255,closed,2025-03-17T15:16:30Z,2025-03-25T14:54:41Z,2025-03-25T14:54:41Z,10163,1721,49,5031,3,13,0
tailwindlabs/tailwindcss,18960,closed,2025-09-17T18:17:59Z,2025-09-18T09:17:29Z,2025-09-18T09:17:29Z,17,32,4,91,0,3,0
tailwindlabs/tailwindcss,18948,closed,2025-09-16T16:40:10Z,2025-09-16T19:04:13Z,2025-09-16T19:04:13Z,2,1,2,529,2,0,0
tailwindlabs/tailwindcss,18938,closed,2025-09-15T19:49:48Z,2025-09-16T18:03:09Z,2025-09-16T18:03:09Z,164,45,9,932,0,6,0
tailwindlabs/tailwindcss,18918,closed,2025-09-11T12:55:23Z,2025-09-12T10:27:23Z,2025-09-12T10:27:23Z,63,0,3,1797,4,3,0
tailwindlabs/tailwindcss,18921,closed,2025-09-12T06:12:09Z,2025-09-12T08:37:43Z,,615,542,8,2995,1,0,0
tailwindlabs/tailwindcss,18917,closed,2025-09-11T04:13:35Z,2025-09-11T09:09:50Z,,152,0,2,3894,5,0,0
tailwindlabs/tailwindcss,17002,closed,2025-03-06T17:30:08Z,2025-09-11T10:23:11Z,,1,0,1,994,5,0,0
tailwindlabs/tailwindcss,18056,closed,2025-05-16T10:21:37Z,2025-09-11T10:21:50Z,2025-09-11T10:21:50Z,972,163,3,1657,3,23,0
tailwindlabs/tailwindcss,18907,closed,2025-09-09T17:28:21Z,2025-09-10T13:57:29Z,2025-09-10T13:57:29Z,124,40,3,923,1,0,0
fastapi/fastapi,14144,closed,2025-10-01T11:02:11Z,2025-10-02T06:56:32Z,2025-10-02T06:56:32Z,1,1,1,4284,1,0,0
fastapi/fastapi,14145,closed,2025-10-01T11:02:15Z,2025-10-02T06:46:14Z,2025-10-02T06:46:14Z,1,1,1,6419,1,0,0
fastapi/fastapi,14146,closed,2025-10-01T11:02:20Z,2025-10-02T06:27:22Z,2025-10-02T06:27:22Z,1,1,1,6540,1,0,0
fastapi/fastapi,14149,closed,2025-10-01T11:48:09Z,2025-10-01T15:19:54Z,2025-10-01T15:19:54Z,113,56,4,44,1,0,0
fastapi/fastapi,14150,closed,2025-10-01T12:14:12Z,2025-10-01T16:43:11Z,2025-10-01T16:43:11Z,173,173,1,42,1,0,0
fastapi/fastapi,14139,closed,2025-10-01T06:05:10Z,2025-10-01T16:42:39Z,2025-10-01T16:42:39Z,48,54,1,34,1,0,0
fastapi/fastapi,14138,closed,2025-10-01T03:28:58Z,2025-10-01T16:42:31Z,2025-10-01T16:42:31Z,65,70,3,54,1,0,0
fastapi/fastapi,14141,closed,2025-10-01T07:47:07Z,2025-10-01T10:13:51Z,,3,3,1,270,2,0,0
fastapi/fastapi,12421,closed,2024-10-10T10:24:48Z,2025-09-30T22:18:37Z,,95,4,4,352,7,0,0
fastapi/fastapi,14135,closed,2025-09-30T09:29:39Z,2025-09-30T11:37:11Z,2025-09-30T11:37:11Z,4713,0,37,1264,1,0,0
fastapi/fastapi,14123,closed,2025-09-28T13:47:08Z,2025-09-30T11:24:39Z,2025-09-30T11:24:39Z,4117,3845,74,980,3,0,0
fastapi/fastapi,14117,closed,2025-09-26T13:20:33Z,2025-09-30T10:27:20Z,,25,25,25,494,2,0,0
fastapi/fastapi,14040,closed,2025-09-04T12:07:59Z,2025-09-30T07:09:03Z,,55,44,10,139,5,0,0
fastapi/fastapi,14125,closed,2025-09-29T12:46:13Z,2025-09-30T04:06:57Z,2025-09-30T04:06:57Z,10,0,2,163,4,0,0
fastapi/fastapi,14119,closed,2025-09-26T16:03:06Z,2025-09-29T05:44:53Z,,1,0,1,375,1,0,0
fastapi/fastapi,14099,closed,2025-09-21T16:18:24Z,2025-09-29T03:29:38Z,2025-09-29T03:29:38Z,729,182,14,522,5,1,0
fastapi/fastapi,13917,closed,2025-07-23T13:59:21Z,2025-09-29T02:57:38Z,2025-09-29T02:57:38Z,75,77,15,2982,8,0,0
fastapi/fastapi,14019,closed,2025-08-27T22:37:58Z,2025-09-28T22:18:25Z,,34,0,1,145,6,0,0
fastapi/fastapi,14060,closed,2025-09-10T14:09:16Z,2025-09-28T16:17:27Z,,31,1,2,1739,2,2,0
PanJiaChen/vue-element-admin,3683,closed,2021-04-28T07:43:51Z,2025-08-21T02:16:25Z,,26,4,1,59,2,2,0
PanJiaChen/vue-element-admin,927,closed,2018-08-01T01:36:48Z,2018-08-01T03:03:30Z,2018-08-01T03:03:30Z,39,26,1,164,6,0,0
PanJiaChen/vue-element-admin,3848,closed,2021-10-15T09:09:50Z,2025-05-07T01:27:12Z,,1,1,1,79,1,0,0
PanJiaChen/vue-element-admin,4268,closed,2024-11-04T03:36:33Z,2025-03-01T06:58:24Z,,33,8,1,224,4,0,0
PanJiaChen/vue-element-admin,3360,closed,2020-08-05T01:06:17Z,2024-08-01T14:58:28Z,,113,15,4,255,3,4,0
PanJiaChen/vue-element-admin,3929,closed,2022-02-24T02:38:27Z,2024-01-22T16:05:01Z,,3,3,1,238,1,0,0
PanJiaChen/vue-element-admin,811,closed,2018-06-28T01:53:16Z,2023-04-04T05:31:43Z,,182,1,10,5,3,0,0
PanJiaChen/vue-element-admin,3188,closed,2020-05-13T02:35:11Z,2020-05-14T02:00:25Z,,41,35,9,13,2,0,0
PanJiaChen/vue-element-admin,4077,closed,2022-09-28T09:39:04Z,2023-03-02T05:42:19Z,,6,1,3,167,1,0,0
PanJiaChen/vue-element-admin,4064,closed,2022-09-07T08:19:15Z,2022-09-09T15:23:12Z,,351,104,5,0,1,0,0
PanJiaChen/vue-element-admin,3652,closed,2021-04-02T06:26:21Z,2022-07-18T13:25:35Z,,1,1,1,36,1,0,0
PanJiaChen/vue-element-admin,3953,closed,2022-03-31T05:11:13Z,2022-06-21T17:22:31Z,,2,2,2,495,1,0,0
PanJiaChen/vue-element-admin,4020,closed,2022-06-21T07:46:39Z,2022-06-21T08:46:43Z,,2,2,1,3,1,0,0
PanJiaChen/vue-element-admin,3949,closed,2022-03-24T15:16:14Z,2022-05-27T09:22:47Z,,1,1,1,141,1,0,0
PanJiaChen/vue-element-admin,3969,closed,2022-04-19T10:52:27Z,2022-05-11T11:00:23Z,,6,4,1,0,1,0,0
PanJiaChen/vue-element-admin,2832,closed,2019-12-11T09:40:43Z,2022-05-02T10:05:47Z,,9,2,3,123,1,0,0
PanJiaChen/vue-element-admin,2197,closed,2019-06-04T07:49:26Z,2022-02-18T06:34:38Z,,358,2,3,72,2,0,0
PanJiaChen/vue-element-admin,1702,closed,2019-03-13T04:36:02Z,2019-03-15T08:00:59Z,2019-03-15T08:00:59Z,56,0,2,35,15,0,0
PanJiaChen/vue-element-admin,3430,closed,2020-09-18T05:22:03Z,2021-12-11T07:37:20Z,,6,0,2,294,1,0,0
PanJiaChen/vue-element-admin,3635,closed,2021-03-13T16:58:42Z,2021-06-01T14:04:09Z,,3,0,1,58,2,0,0
comfyanonymous/ComfyUI,10139,closed,2025-10-01T08:06:12Z,2025-10-01T22:40:29Z,2025-10-01T22:40:29Z,16,0,1,2561,1,2,0
comfyanonymous/ComfyUI,10132,closed,2025-10-01T03:57:10Z,2025-10-01T21:59:07Z,2025-10-01T21:59:07Z,61,0,2,4366,4,0,0
comfyanonymous/ComfyUI,9672,closed,2025-09-01T19:18:55Z,2025-10-01T20:19:55Z,,96,23,1,659,5,2,0
comfyanonymous/ComfyUI,10097,closed,2025-09-29T16:04:58Z,2025-10-01T19:20:31Z,2025-10-01T19:20:31Z,35,17,1,1728,2,0,0
comfyanonymous/ComfyUI,10084,closed,2025-09-28T16:17:36Z,2025-10-01T19:19:56Z,2025-10-01T19:19:56Z,234,190,1,11627,2,0,0
comfyanonymous/ComfyUI,10080,closed,2025-09-28T14:16:13Z,2025-10-01T19:18:50Z,2025-10-01T19:18:50Z,31,18,1,1279,2,0,0
comfyanonymous/ComfyUI,10074,closed,2025-09-28T11:59:09Z,2025-10-01T19:18:05Z,2025-10-01T19:18:05Z,34,20,1,1464,2,0,0
comfyanonymous/ComfyUI,10056,closed,2025-09-27T12:23:02Z,2025-10-01T19:17:33Z,2025-10-01T19:17:33Z,41,30,1,1248,2,0,0
comfyanonymous/ComfyUI,9949,closed,2025-09-19T16:06:45Z,2025-10-01T19:17:00Z,2025-10-01T19:17:00Z,31,18,1,859,3,0,0
comfyanonymous/ComfyUI,10123,closed,2025-09-30T12:08:53Z,2025-10-01T06:00:23Z,2025-10-01T06:00:23Z,44,25,2,2250,1,0,0
comfyanonymous/ComfyUI,10120,closed,2025-09-30T09:50:44Z,2025-09-30T17:43:41Z,2025-09-30T17:43:41Z,1,1,1,144,1,0,0
comfyanonymous/ComfyUI,5396,closed,2024-10-28T20:04:16Z,2024-11-09T00:13:34Z,2024-11-09T00:13:34Z,131,17,5,992,7,1,0
comfyanonymous/ComfyUI,9301,closed,2025-08-12T13:01:16Z,2025-09-02T00:33:51Z,2025-09-02T00:33:51Z,4,0,2,269,9,0,0
comfyanonymous/ComfyUI,10062,closed,2025-09-27T15:39:35Z,2025-09-27T22:14:16Z,2025-09-27T22:14:16Z,5,1,2,2852,2,0,0
comfyanonymous/ComfyUI,10094,closed,2025-09-29T08:30:04Z,2025-09-29T19:01:05Z,2025-09-29T19:01:05Z,148,1,1,268,1,0,0
comfyanonymous/ComfyUI,10081,closed,2025-09-28T14:54:38Z,2025-09-29T19:05:28Z,2025-09-29T19:05:28Z,57,40,1,2707,1,0,0
comfyanonymous/ComfyUI,10069,closed,2025-09-28T06:55:32Z,2025-09-29T19:03:35Z,2025-09-29T19:03:35Z,33,16,1,992,1,0,0
comfyanonymous/ComfyUI,10070,closed,2025-09-28T07:22:44Z,2025-09-29T19:35:52Z,2025-09-29T19:35:52Z,33,17,1,1569,6,0,0
supabase/supabase,39162,closed,2025-10-01T09:13:26Z,2025-10-02T07:37:51Z,2025-10-02T07:37:51Z,28,8,2,259,3,0,0
supabase/supabase,39149,closed,2025-10-01T04:50:23Z,2025-10-02T02:41:29Z,2025-10-02T02:41:29Z,8,0,2,337,3,0,0
supabase/supabase,39019,closed,2025-09-25T16:49:43Z,2025-10-01T21:55:45Z,,1083,7,5,1033,3,0,0
supabase/supabase,39090,closed,2025-09-29T23:26:56Z,2025-10-01T21:54:52Z,2025-10-01T21:54:52Z,817,0,8,619,6,0,0
supabase/supabase,39166,closed,2025-10-01T11:21:49Z,2025-10-01T20:46:07Z,2025-10-01T20:46:07Z,203,114,16,2533,4,1,0
supabase/supabase,39156,closed,2025-10-01T07:26:17Z,2025-10-01T19:19:09Z,2025-10-01T19:19:09Z,74,35,5,1032,4,0,0
supabase/supabase,39173,closed,2025-10-01T12:52:16Z,2025-10-01T19:16:35Z,2025-10-01T19:16:35Z,54,15,10,245,3,0,0
supabase/supabase,39171,closed,2025-10-01T12:37:50Z,2025-10-01T18:53:55Z,2025-10-01T18:53:55Z,41,4,7,391,4,0,0
supabase/supabase,39153,closed,2025-10-01T06:58:19Z,2025-10-01T18:40:23Z,2025-10-01T18:40:23Z,90,60,4,583,4,0,0
supabase/supabase,39164,closed,2025-10-01T09:25:44Z,2025-10-01T18:29:21Z,2025-10-01T18:29:21Z,11,3,3,385,4,0,0
supabase/supabase,39161,closed,2025-10-01T09:12:23Z,2025-10-01T18:28:12Z,2025-10-01T18:28:12Z,13,7,5,262,4,0,0
supabase/supabase,39155,closed,2025-10-01T07:11:35Z,2025-10-01T18:12:32Z,2025-10-01T18:12:32Z,428,397,8,499,4,0,0
supabase/supabase,39158,closed,2025-10-01T08:50:50Z,2025-10-01T18:08:42Z,2025-10-01T18:08:42Z,23,4,4,324,4,0,0
supabase/supabase,39175,closed,2025-10-01T15:43:56Z,2025-10-01T18:07:38Z,2025-10-01T18:07:38Z,5,2,1,992,3,0,0
supabase/supabase,39152,closed,2025-10-01T06:47:15Z,2025-10-01T17:42:24Z,2025-10-01T17:42:24Z,23,4,4,238,4,0,0
supabase/supabase,39150,closed,2025-10-01T06:26:52Z,2025-10-01T17:34:20Z,2025-10-01T17:34:20Z,102,61,10,331,4,0,0
supabase/supabase,39151,closed,2025-10-01T06:39:28Z,2025-10-01T17:26:14Z,2025-10-01T17:26:14Z,38,16,4,351,5,5,0
supabase/supabase,32799,closed,2025-01-15T14:34:55Z,2025-10-01T17:24:45Z,,596,774,41,55,2,0,0
supabase/supabase,29940,closed,2024-10-17T06:00:51Z,2025-10-01T17:24:35Z,,156,247,16,268,2,0,0
supabase/supabase,38981,closed,2025-09-24T14:31:03Z,2025-10-01T15:45:36Z,2025-10-01T15:45:36Z,179,42,9,853,7,15,0
supabase/supabase,36867,closed,2025-07-03T18:38:55Z,2025-10-01T14:45:34Z,2025-10-01T14:45:34Z,1276,499,40,659,16,6,0
x1xhlol/system-prompts-and-models-of-ai-tools,254,closed,2025-09-29T03:50:05Z,2025-09-29T05:19:53Z,,57,0,2,0,3,2,0
x1xhlol/system-prompts-and-models-of-ai-tools,231,closed,2025-09-14T22:36:56Z,2025-09-15T13:02:49Z,2025-09-15T13:02:49Z,504,0,8,182,2,1,0
x1xhlol/system-prompts-and-models-of-ai-tools,203,closed,2025-08-20T19:01:18Z,2025-08-22T20:52:28Z,2025-08-22T20:52:27Z,722,5,3,61,3,0,0
x1xhlol/system-prompts-and-models-of-ai-tools,158,closed,2025-07-22T02:53:25Z,2025-08-22T18:02:27Z,,516,0,1,274,1,0,0
x1xhlol/system-prompts-and-models-of-ai-tools,204,closed,2025-08-21T07:29:37Z,2025-08-22T17:59:34Z,2025-08-22T17:59:34Z,1234,0,6,46,4,0,0
x1xhlol/system-prompts-and-models-of-ai-tools,194,closed,2025-08-13T09:50:33Z,2025-08-22T11:56:39Z,,411,3,3,1216,1,0,0
x1xhlol/system-prompts-and-models-of-ai-tools,187,closed,2025-08-06T05:24:57Z,2025-08-08T09:19:46Z,,716806,1648,7264,0,1,0,0
x1xhlol/system-prompts-and-models-of-ai-tools,152,closed,2025-07-17T05:56:42Z,2025-07-30T22:17:53Z,2025-07-30T22:17:53Z,775,0,3,59,4,0,0
x1xhlol/system-prompts-and-models-of-ai-tools,174,closed,2025-07-30T03:38:21Z,2025-07-30T22:12:19Z,2025-07-30T22:12:19Z,237,0,1,153,1,0,0
x1xhlol/system-prompts-and-models-of-ai-tools,125,closed,2025-06-23T02:44:34Z,2025-07-26T15:22:10Z,,0,0,0,0,1,0,0
x1xhlol/system-prompts-and-models-of-ai-tools,162,closed,2025-07-23T18:12:57Z,2025-07-24T09:24:49Z,,160,0,1,0,1,0,0
x1xhlol/system-prompts-and-models-of-ai-tools,136,closed,2025-06-30T12:32:59Z,2025-07-16T09:21:25Z,2025-07-16T09:21:25Z,195,0,1,147,2,0,0
x1xhlol/system-prompts-and-models-of-ai-tools,124,closed,2025-06-22T02:21:01Z,2025-06-24T22:20:14Z,2025-06-24T22:20:14Z,566,0,2,189,1,0,0
x1xhlol/system-prompts-and-models-of-ai-tools,44,closed,2025-04-21T18:43:37Z,2025-05-08T18:57:51Z,,171047,0,76,92,3,0,0
jaywcjlove/awesome-mac,1692,closed,2025-09-20T17:18:19Z,2025-09-20T18:49:19Z,2025-09-20T18:49:19Z,1,0,1,989,0,2,0
jaywcjlove/awesome-mac,890,closed,2021-04-12T06:13:14Z,2025-06-24T17:54:50Z,2025-06-24T17:54:50Z,3,1,1,1327,1,0,0
jaywcjlove/awesome-mac,1664,closed,2025-07-05T22:07:56Z,2025-07-06T16:06:42Z,2025-07-06T16:06:42Z,24,22,3,1257,0,2,0
jaywcjlove/awesome-mac,1674,closed,2025-08-15T11:02:27Z,2025-08-15T16:44:30Z,2025-08-15T16:44:30Z,1,1,1,1325,0,1,0
jaywcjlove/awesome-mac,1661,closed,2025-06-29T09:13:33Z,2025-06-30T03:19:29Z,2025-06-30T03:19:29Z,1,2,1,1071,2,0,0
jaywcjlove/awesome-mac,1632,closed,2025-04-26T02:38:52Z,2025-04-26T05:15:23Z,,1905,1906,2,1309,1,0,0
jaywcjlove/awesome-mac,976,closed,2021-10-08T02:15:34Z,2025-02-04T01:03:51Z,,9,2,2,541,0,2,0
jaywcjlove/awesome-mac,1366,closed,2024-01-06T17:40:57Z,2025-04-22T03:47:45Z,,2,0,1,1327,0,1,0
jaywcjlove/awesome-mac,1611,closed,2025-03-18T11:06:06Z,2025-03-21T02:13:02Z,,1,0,1,1327,1,0,0
jaywcjlove/awesome-mac,1605,closed,2025-03-09T10:07:47Z,2025-03-20T12:10:07Z,,1,1,1,1327,1,0,0
jaywcjlove/awesome-mac,1374,closed,2024-01-12T09:15:44Z,2025-03-17T09:17:09Z,,1,0,1,636,1,0,0
jaywcjlove/awesome-mac,1458,closed,2024-08-02T19:57:40Z,2025-03-05T01:32:03Z,2025-03-05T01:32:03Z,1,0,1,1108,2,0,0
jaywcjlove/awesome-mac,1538,closed,2024-10-21T21:35:55Z,2024-10-22T06:03:13Z,2024-10-22T06:03:13Z,5,4,2,0,1,0,0
jaywcjlove/awesome-mac,1577,closed,2025-01-13T12:56:35Z,2025-02-05T01:01:01Z,2025-02-05T01:01:01Z,1,0,1,1438,2,0,0
jaywcjlove/awesome-mac,1570,closed,2024-12-27T11:45:45Z,2024-12-28T01:42:00Z,,1,0,1,867,8,0,0
openai/whisper,2635,closed,2025-08-18T15:03:08Z,2025-09-08T10:46:11Z,,3,3,2,15210,1,0,0
openai/whisper,2487,closed,2025-01-04T15:37:03Z,2025-05-13T04:10:40Z,2025-05-13T04:10:40Z,5,1,1,281,8,0,0
openai/whisper,1039,closed,2023-03-07T02:13:27Z,2025-06-26T01:04:20Z,,18,13,2,0,3,0,0
openai/whisper,1040,closed,2023-03-07T03:23:04Z,2025-06-26T01:04:17Z,,12,1,1,277,12,0,0
openai/whisper,2301,closed,2024-08-13T01:45:21Z,2025-06-26T00:55:45Z,,4,1,1,598,4,0,0
openai/whisper,2451,closed,2024-11-20T17:12:43Z,2025-06-26T00:54:30Z,2025-06-26T00:54:30Z,2,1,1,435,4,0,0
openai/whisper,2580,closed,2025-04-24T20:53:03Z,2025-06-25T23:54:50Z,,12,0,1,0,1,0,0
openai/whisper,2433,closed,2024-11-12T11:56:59Z,2024-11-13T00:35:54Z,2024-11-13T00:35:54Z,1,1,1,0,1,0,0
openai/whisper,42,closed,2022-09-22T19:52:11Z,2022-09-23T03:57:39Z,2022-09-23T03:57:39Z,19,15,1,332,5,0,0
openai/whisper,2486,closed,2025-01-04T09:42:21Z,2025-05-13T18:10:43Z,2025-05-13T18:10:43Z,13,0,1,464,1,0,0
openai/whisper,2390,closed,2024-10-15T18:06:21Z,2025-03-01T00:47:30Z,,87,120,1,248,0,1,0
openai/whisper,2435,closed,2024-11-12T14:43:38Z,2025-01-04T09:38:35Z,2025-01-04T09:38:35Z,47,43,2,1991,3,0,0
openai/whisper,2447,closed,2024-11-20T05:08:31Z,2025-01-29T03:33:51Z,,0,0,0,21,3,0,0
openai/whisper,2409,closed,2024-10-26T21:52:52Z,2025-01-04T09:38:36Z,,7,2,1,3548,10,0,0
openai/whisper,2430,closed,2024-11-11T17:36:48Z,2025-01-04T08:47:12Z,2025-01-04T08:47:12Z,5,5,1,206,1,0,0
openai/whisper,2474,closed,2024-12-22T12:03:13Z,2024-12-30T17:16:22Z,,12,12,1,0,1,0,0
openai/whisper,1838,closed,2023-11-24T15:15:32Z,2023-12-18T20:11:17Z,2023-12-18T20:11:17Z,153,19,3,8696,27,0,0
openai/whisper,1903,closed,2023-12-17T05:52:27Z,2024-12-01T05:47:01Z,2024-12-01T05:47:01Z,2,0,1,646,8,0,0
openai/whisper,2049,closed,2024-02-27T00:37:15Z,2024-11-26T17:37:02Z,2024-11-26T17:37:02Z,3,3,2,266,1,0,0
openai/whisper,2431,closed,2024-11-12T03:05:27Z,2024-11-12T15:25:06Z,,12,9,1,224,1,0,0
openai/whisper,2379,closed,2024-10-07T14:15:24Z,2024-11-04T07:00:31Z,2024-11-04T07:00:31Z,1,1,1,39,1,0,0
openai/whisper,2343,closed,2024-09-18T03:11:58Z,2024-10-26T14:17:31Z,2024-10-26T14:17:31Z,17,1,1,699,10,0,0
openai/whisper,2298,closed,2024-08-08T11:06:52Z,2024-10-17T22:12:28Z,,1,1,1,70,3,0,0
storybookjs/storybook,509,closed,2016-09-28T21:23:57Z,2016-10-04T13:18:47Z,,1,1,1,1884,1,0,0
storybookjs/storybook,508,closed,2016-09-28T21:08:23Z,2016-10-04T13:18:47Z,,1,1,1,1824,1,0,0
storybookjs/storybook,32118,closed,2025-07-24T12:55:46Z,2025-10-01T18:22:26Z,,2,0,1,4610,2,0,0
storybookjs/storybook,712,closed,2017-03-06T22:18:59Z,2017-04-12T20:11:20Z,2017-04-12T20:11:20Z,1,1,1,378,4,1,0
storybookjs/storybook,454,closed,2016-09-14T16:35:00Z,2016-10-04T13:18:47Z,,1,1,1,1817,1,0,0
storybookjs/storybook,600,closed,2016-11-03T05:39:34Z,2016-11-03T08:10:21Z,2016-11-03T08:10:21Z,1,1,1,455,2,0,0
storybookjs/storybook,160,closed,2016-05-03T20:51:39Z,2016-05-05T09:02:01Z,2016-05-05T09:02:01Z,55,0,4,831,8,0,0
storybookjs/storybook,444,closed,2016-09-09T09:56:31Z,2016-09-09T11:31:10Z,2016-09-09T11:31:10Z,1,1,1,165,2,0,0
storybookjs/storybook,32594,closed,2025-10-01T09:57:50Z,2025-10-01T11:24:17Z,2025-10-01T11:24:17Z,279,30,21,4972,3,7,0
storybookjs/storybook,31394,closed,2025-05-06T16:01:25Z,2025-10-01T13:07:08Z,2025-10-01T13:07:08Z,113,274,15,3932,3,2,0
storybookjs/storybook,32488,closed,2025-09-17T09:40:23Z,2025-09-17T13:51:23Z,2025-09-17T13:51:23Z,284,2,4,3723,2,8,0
storybookjs/storybook,32572,closed,2025-09-26T17:39:56Z,2025-09-28T01:01:46Z,2025-09-28T01:01:46Z,1,2,1,5187,5,0,0
storybookjs/storybook,31542,closed,2025-05-22T07:45:03Z,2025-07-22T13:25:49Z,2025-07-22T13:25:49Z,175,72,12,4201,6,12,0
storybookjs/storybook,32566,closed,2025-09-26T00:58:42Z,2025-10-01T02:57:00Z,2025-10-01T02:57:00Z,8,3,1,1396,4,1,0
storybookjs/storybook,31614,closed,2025-05-30T07:21:52Z,2025-09-30T14:59:52Z,2025-09-30T14:59:52Z,1480,38,5,8146,4,10,0
storybookjs/storybook,31621,closed,2025-05-30T15:48:57Z,2025-06-02T08:16:57Z,2025-06-02T08:16:57Z,10,1,1,4021,2,1,0
storybookjs/storybook,32147,closed,2025-07-29T11:16:54Z,2025-07-31T12:51:38Z,2025-07-31T12:51:38Z,15,6,1,5663,3,0,0
storybookjs/storybook,32589,closed,2025-10-01T02:59:52Z,2025-10-01T10:08:22Z,2025-10-01T10:08:22Z,1500,47,11,2802,3,0,0
storybookjs/storybook,32178,closed,2025-08-01T14:35:55Z,2025-09-24T09:19:03Z,2025-09-24T09:19:03Z,81,75,1,6924,3,0,0
storybookjs/storybook,32172,closed,2025-08-01T10:51:55Z,2025-09-24T09:20:21Z,2025-09-24T09:20:21Z,11,9,3,7425,3,0,0
storybookjs/storybook,31557,closed,2025-05-23T13:21:28Z,2025-06-10T14:55:01Z,2025-06-10T14:55:01Z,8261,4781,195,7186,4,33,0
storybookjs/storybook,32452,closed,2025-09-15T08:34:53Z,2025-09-18T12:10:53Z,2025-09-18T12:10:53Z,985,238,58,9116,3,50,0
storybookjs/storybook,31987,closed,2025-07-08T10:31:22Z,2025-07-18T14:03:54Z,2025-07-18T14:03:54Z,2206,93,58,10178,5,41,0
storybookjs/storybook,32558,closed,2025-09-25T09:05:04Z,2025-09-26T11:52:22Z,2025-09-26T11:52:22Z,297,2,6,4584,3,23,0
storybookjs/storybook,32512,closed,2025-09-20T13:19:31Z,2025-09-25T07:19:32Z,2025-09-25T07:19:32Z,2,1,1,4150,3,0,0
storybookjs/storybook,32455,closed,2025-09-15T09:46:24Z,2025-09-24T10:49:18Z,2025-09-24T10:49:18Z,5248,1282,111,7588,4,42,0
storybookjs/storybook,32176,closed,2025-08-01T13:53:37Z,2025-08-01T15:04:19Z,2025-08-01T15:04:19Z,8,0,2,5976,3,0,0
storybookjs/storybook,32343,closed,2025-08-28T09:20:32Z,2025-09-01T07:45:04Z,2025-09-01T07:45:04Z,223,61,6,5572,2,0,0
storybookjs/storybook,32218,closed,2025-08-08T02:06:34Z,2025-08-08T14:53:21Z,2025-08-08T14:53:21Z,1,0,1,4040,2,0,0
storybookjs/storybook,507,closed,2016-09-28T20:30:24Z,2016-10-04T13:18:47Z,,1,1,1,1788,1,0,0
storybookjs/storybook,506,closed,2016-09-28T20:20:55Z,2016-10-04T13:18:47Z,,1,1,1,1797,1,0,0
storybookjs/storybook,437,closed,2016-09-08T07:32:50Z,2016-09-15T06:49:28Z,,1,1,1,1817,1,0,0
2dust/v2rayN,8034,closed,2025-09-26T04:50:42Z,2025-09-27T11:11:47Z,,87,0,3,79,1,0,0
2dust/v2rayN,8042,closed,2025-09-27T07:33:22Z,2025-09-27T09:02:49Z,2025-09-27T09:02:49Z,1,0,1,0,9,0,0
2dust/v2rayN,8024,closed,2025-09-24T23:33:53Z,2025-09-26T05:59:25Z,,185,64,5,236,26,5,0
2dust/v2rayN,8020,closed,2025-09-24T09:43:44Z,2025-09-24T11:27:49Z,,18,3,1,0,3,0,0
2dust/v2rayN,8017,closed,2025-09-24T06:06:33Z,2025-09-24T09:35:05Z,,87,0,3,260,4,0,0
2dust/v2rayN,7977,closed,2025-09-17T13:14:20Z,2025-09-22T10:39:13Z,,138,2,18,147,3,0,0
2dust/v2rayN,7969,closed,2025-09-16T14:06:56Z,2025-09-21T04:13:36Z,,24,70,2,159,1,0,0
2dust/v2rayN,7989,closed,2025-09-20T16:29:14Z,2025-09-21T02:55:31Z,,176,203,4,610,9,1,0
2dust/v2rayN,7919,closed,2025-09-10T04:41:56Z,2025-09-13T06:55:31Z,2025-09-13T06:55:31Z,163,30,15,33,0,2,0
2dust/v2rayN,7937,closed,2025-09-12T07:07:21Z,2025-09-12T08:28:32Z,2025-09-12T08:28:32Z,53,22,4,44,2,0,0
2dust/v2rayN,7932,closed,2025-09-11T16:41:36Z,2025-09-12T08:24:59Z,2025-09-12T08:24:59Z,64,0,2,0,12,0,0
2dust/v2rayN,7910,closed,2025-09-08T13:14:23Z,2025-09-09T11:51:10Z,2025-09-09T11:51:10Z,25,32,3,0,10,0,0
2dust/v2rayN,7904,closed,2025-09-08T02:50:31Z,2025-09-08T10:02:54Z,2025-09-08T10:02:54Z,64,48,2,0,2,0,0
2dust/v2rayN,7891,closed,2025-09-06T12:19:33Z,2025-09-07T10:58:59Z,2025-09-07T10:58:59Z,1217,33,22,178,4,4,0
2dust/v2rayN,7888,closed,2025-09-05T13:10:56Z,2025-09-06T07:46:21Z,2025-09-06T07:46:21Z,12,2,1,8,1,0,0
2dust/v2rayN,7515,closed,2025-06-30T06:15:08Z,2025-06-30T12:26:10Z,2025-06-30T12:26:10Z,178,249,2,235,11,0,0
2dust/v2rayN,7828,closed,2025-08-25T06:00:10Z,2025-08-25T09:43:53Z,2025-08-25T09:43:53Z,34,6,5,128,1,0,0
2dust/v2rayN,7813,closed,2025-08-19T23:59:00Z,2025-08-21T09:18:19Z,2025-08-21T09:18:19Z,64,7,2,0,3,0,0
2dust/v2rayN,7811,closed,2025-08-19T13:30:19Z,2025-08-19T22:30:52Z,,35,1,1,0,1,0,0
2dust/v2rayN,7805,closed,2025-08-19T06:33:50Z,2025-08-19T09:00:28Z,2025-08-19T09:00:27Z,1,1,1,111,1,0,0
2dust/v2rayN,7799,closed,2025-08-18T20:39:40Z,2025-08-19T01:09:52Z,2025-08-19T01:09:52Z,275,103,1,29,2,0,0
2dust/v2rayN,7796,closed,2025-08-18T12:04:53Z,2025-08-18T18:54:12Z,,212,82,1,36,1,0,0
2dust/v2rayN,7770,closed,2025-08-15T09:06:16Z,2025-08-18T09:29:10Z,2025-08-18T09:29:10Z,511,0,1,231,4,0,0
nvm-sh/nvm,3651,closed,2025-09-06T16:05:57Z,2025-09-14T19:08:39Z,,23,1,4,402,3,0,0
nvm-sh/nvm,3082,closed,2023-04-09T13:22:15Z,2023-04-11T18:47:42Z,2023-04-11T18:47:42Z,8,3,1,14,0,3,0
nvm-sh/nvm,3458,closed,2024-11-07T03:32:06Z,2024-11-08T10:38:31Z,2024-11-08T10:38:31Z,33,8,2,729,3,0,0
nvm-sh/nvm,3341,closed,2024-05-01T14:48:00Z,2025-09-11T21:48:55Z,,2,1,1,294,14,4,0
nvm-sh/nvm,3650,closed,2025-09-06T13:39:21Z,2025-09-06T18:03:29Z,,0,1490,19,7,1,0,0
nvm-sh/nvm,3624,closed,2025-07-22T10:18:36Z,2025-07-26T20:19:17Z,,20,9,2,195,6,1,0
nvm-sh/nvm,3618,closed,2025-07-16T01:32:01Z,2025-07-16T03:27:20Z,,4,0,1,35,0,1,0
nvm-sh/nvm,3612,closed,2025-07-04T11:38:10Z,2025-07-04T18:49:26Z,,2,1,1,8,1,0,0
nvm-sh/nvm,3609,closed,2025-07-02T17:12:45Z,2025-07-03T22:16:47Z,2025-07-03T22:16:47Z,427,0,1,3268,13,80,0
nvm-sh/nvm,3564,closed,2025-04-09T05:23:26Z,2025-04-09T06:56:53Z,2025-04-09T06:56:53Z,7,7,1,761,2,0,0
nvm-sh/nvm,1517,closed,2017-04-27T14:02:52Z,2018-04-23T21:03:52Z,2018-04-23T21:03:52Z,33,16,1,882,13,0,0
nvm-sh/nvm,3567,closed,2025-04-15T13:41:20Z,2025-04-16T00:53:55Z,,142,1064,2,79,1,1,0
nvm-sh/nvm,3559,closed,2025-04-06T10:57:05Z,2025-04-07T04:51:42Z,,0,0,0,0,1,0,0
nvm-sh/nvm,2541,closed,2021-07-18T10:33:39Z,2025-02-03T19:26:45Z,2025-02-03T19:26:45Z,1,1,1,102,6,0,0
nvm-sh/nvm,3020,closed,2023-01-30T18:48:25Z,2023-12-28T09:50:01Z,,45,2,1,13,14,3,0
nvm-sh/nvm,2790,closed,2022-04-15T14:59:00Z,2022-04-15T17:21:42Z,2022-04-15T17:21:42Z,76,57,1,78,1,0,0
nvm-sh/nvm,2817,closed,2022-05-22T01:37:59Z,2025-02-03T17:50:42Z,,30,8,1,0,0,6,0
nvm-sh/nvm,2260,closed,2020-07-18T19:29:35Z,2025-02-03T17:03:15Z,,66,12,3,3942,8,15,0
nvm-sh/nvm,2118,closed,2019-11-04T20:01:00Z,2025-02-03T17:30:10Z,,96,0,4,533,1,1,0
nvm-sh/nvm,2511,closed,2021-05-17T14:02:05Z,2025-02-03T17:37:08Z,,2,2,1,227,1,0,0
nvm-sh/nvm,1259,closed,2016-10-11T02:37:30Z,2025-02-04T17:31:51Z,2025-02-04T17:31:51Z,30,0,3,271,5,4,0
nvm-sh/nvm,3467,closed,2024-11-12T19:05:17Z,2024-11-12T22:03:34Z,2024-11-12T22:03:34Z,17,17,3,590,2,0,0
nvm-sh/nvm,3348,closed,2024-05-09T10:25:54Z,2025-02-03T17:46:25Z,,10,2,1,75,3,0,0
nvm-sh/nvm,2691,closed,2021-12-16T21:10:35Z,2025-02-03T17:47:37Z,,1,1,1,422,1,1,0
ggml-org/llama.cpp,16294,closed,2025-09-27T21:52:58Z,2025-10-02T08:10:07Z,2025-10-02T08:10:07Z,27,6,1,209,3,3,0
ggml-org/llama.cpp,7154,closed,2024-05-09T00:26:51Z,2024-05-17T06:58:52Z,2024-05-17T06:58:52Z,283,193,1,428,37,0,0
ggml-org/llama.cpp,16056,closed,2025-09-17T16:34:17Z,2025-09-20T08:42:56Z,2025-09-20T08:42:56Z,187,199,4,393,20,0,0
ggml-org/llama.cpp,16221,closed,2025-09-24T10:53:43Z,2025-10-01T21:09:25Z,2025-10-01T21:09:25Z,61,50,8,494,8,3,0
ggml-org/llama.cpp,16075,closed,2025-09-18T11:06:57Z,2025-10-01T21:08:15Z,2025-10-01T21:08:15Z,27,15,3,140,3,6,0
ggml-org/llama.cpp,16305,closed,2025-09-28T13:22:25Z,2025-10-01T18:18:03Z,2025-10-01T18:18:03Z,19,18,3,0,29,0,0
ggml-org/llama.cpp,16373,closed,2025-10-01T15:06:11Z,2025-10-01T17:22:18Z,2025-10-01T17:22:18Z,196,88,5,309,2,0,0
ggml-org/llama.cpp,16113,closed,2025-09-19T15:32:17Z,2025-09-22T07:58:02Z,2025-09-22T07:58:02Z,30,6,2,549,4,0,0
ggml-org/llama.cpp,16326,closed,2025-09-29T08:57:30Z,2025-09-29T16:49:48Z,2025-09-29T16:49:48Z,249,30,3,26,11,0,0
ggml-org/llama.cpp,16345,closed,2025-09-30T03:28:51Z,2025-10-01T07:56:37Z,2025-10-01T07:56:37Z,9,4,1,269,3,1,0
ggml-org/llama.cpp,8870,closed,2024-08-05T12:34:25Z,2025-10-01T11:01:45Z,,20,0,4,962,2,5,0
ggml-org/llama.cpp,11631,closed,2025-02-03T20:15:16Z,2025-10-01T11:01:08Z,,1,1,1,65,2,0,0
ggml-org/llama.cpp,11617,closed,2025-02-03T11:04:51Z,2025-10-01T11:00:49Z,,54,0,2,284,6,0,0
ggml-org/llama.cpp,16348,closed,2025-09-30T10:38:56Z,2025-09-30T13:38:01Z,2025-09-30T13:38:01Z,6,5,1,481,4,0,0
ggml-org/llama.cpp,16355,closed,2025-09-30T17:25:01Z,2025-09-30T19:41:43Z,2025-09-30T19:41:43Z,2,2,2,117,3,0,0
florinpop17/app-ideas,921,closed,2025-05-27T02:23:52Z,2025-09-07T23:34:53Z,,27,0,1,495,1,2,0
florinpop17/app-ideas,822,closed,2024-08-16T09:41:09Z,2025-08-20T17:34:25Z,,1,1,1,29,5,0,0
florinpop17/app-ideas,686,closed,2023-09-26T14:40:46Z,2025-06-18T12:31:39Z,,50,0,1,52,1,0,0
florinpop17/app-ideas,918,closed,2024-10-30T16:50:54Z,2025-06-02T12:15:12Z,,33,0,2,0,1,0,0
florinpop17/app-ideas,446,closed,2021-10-05T16:32:40Z,2025-03-07T18:50:24Z,,19,0,1,17,1,0,0
florinpop17/app-ideas,247,closed,2020-10-02T07:58:15Z,2025-01-31T04:52:43Z,,27,0,1,232,1,0,0
florinpop17/app-ideas,499,closed,2021-10-24T10:07:13Z,2025-01-03T09:57:08Z,,22,0,1,30,1,0,0
florinpop17/app-ideas,635,closed,2022-10-22T14:38:04Z,2024-12-30T06:46:54Z,,39,0,1,101,1,0,0
florinpop17/app-ideas,710,closed,2023-10-02T11:59:07Z,2024-12-25T07:05:52Z,,31,0,1,338,1,0,0
florinpop17/app-ideas,337,closed,2020-10-23T14:14:41Z,2024-11-15T17:11:29Z,,29,0,1,0,1,0,0
florinpop17/app-ideas,216,closed,2020-07-30T16:49:39Z,2024-11-07T12:55:14Z,,2,0,1,323,1,0,0
gin-gonic/gin,4373,closed,2025-09-24T15:19:54Z,2025-09-26T00:13:39Z,2025-09-26T00:13:39Z,62,2,2,853,2,3,0
gin-gonic/gin,4166,closed,2025-02-26T04:29:23Z,2025-09-29T09:13:15Z,,3,3,1,0,3,0,0
gin-gonic/gin,4352,closed,2025-09-14T01:26:05Z,2025-09-27T03:03:59Z,2025-09-27T03:03:59Z,2,3,1,161,2,0,0
gin-gonic/gin,4378,closed,2025-09-25T17:30:16Z,2025-09-26T00:10:39Z,,6,12,1,523,1,0,0
gin-gonic/gin,4331,closed,2025-08-12T07:40:45Z,2025-09-21T13:12:26Z,,4,4,3,14693,1,0,0
gin-gonic/gin,4155,closed,2025-02-17T22:40:20Z,2025-09-21T13:12:25Z,,1,1,1,21346,1,0,0
gin-gonic/gin,4333,closed,2025-08-14T05:51:15Z,2025-09-21T09:46:17Z,2025-09-21T09:46:17Z,2,4,1,470,2,1,0
gin-gonic/gin,4314,closed,2025-07-23T12:19:57Z,2025-09-21T09:41:54Z,2025-09-21T09:41:54Z,3,11,1,212,1,0,0
gin-gonic/gin,4341,closed,2025-08-31T07:45:35Z,2025-09-19T01:44:23Z,2025-09-19T01:44:23Z,1,1,1,105,4,0,0
gin-gonic/gin,4342,closed,2025-08-31T07:56:35Z,2025-09-19T00:40:34Z,2025-09-19T00:40:34Z,20,26,3,79,1,1,0
gin-gonic/gin,4353,closed,2025-09-15T11:35:59Z,2025-09-19T00:39:17Z,2025-09-19T00:39:17Z,4,4,1,106,1,0,0
gin-gonic/gin,4354,closed,2025-09-15T11:44:22Z,2025-09-19T00:35:34Z,2025-09-19T00:35:34Z,1,1,1,0,1,0,0
gin-gonic/gin,4350,closed,2025-09-08T22:01:36Z,2025-09-13T23:33:29Z,,15,17,2,11659,1,0,0
gin-gonic/gin,4339,closed,2025-08-27T13:20:45Z,2025-09-13T23:29:11Z,2025-09-13T23:29:11Z,99,5,2,4022,4,0,0
gin-gonic/gin,4330,closed,2025-08-12T06:48:21Z,2025-09-13T23:26:50Z,,18,18,2,2570,1,0,0
gin-gonic/gin,4327,closed,2025-08-05T04:25:52Z,2025-09-08T22:01:42Z,,6,6,2,9298,1,0,0
gin-gonic/gin,4329,closed,2025-08-12T06:48:13Z,2025-09-02T16:47:07Z,,3,3,2,2015,1,0,0
gin-gonic/gin,3078,closed,2022-03-12T11:35:02Z,2025-08-28T17:52:55Z,,8,1,1,58,1,0,0
gin-gonic/gin,4279,closed,2025-06-27T08:47:10Z,2025-08-25T17:09:20Z,,8,0,1,290,5,0,0
ChatGPTNextWeb/NextChat,6622,closed,2025-09-08T10:38:01Z,2025-09-29T12:01:07Z,,381,209,2,9794,2,0,0
ChatGPTNextWeb/NextChat,6253,closed,2025-02-18T12:55:37Z,2025-09-28T23:47:15Z,,0,0,0,1565,2,0,0
ChatGPTNextWeb/NextChat,6572,closed,2025-07-19T06:38:32Z,2025-07-23T14:32:14Z,2025-07-23T14:32:14Z,14,3,1,1724,1,0,0
ChatGPTNextWeb/NextChat,6613,closed,2025-08-25T19:38:09Z,2025-09-08T10:38:08Z,,71,65,2,10587,2,0,0
ChatGPTNextWeb/NextChat,6583,closed,2025-07-28T17:32:17Z,2025-09-08T10:38:07Z,,381,209,2,11406,2,0,0
ChatGPTNextWeb/NextChat,6599,closed,2025-08-09T09:26:46Z,2025-08-10T09:21:12Z,2025-08-10T09:21:12Z,17,3,2,1524,2,3,0
ChatGPTNextWeb/NextChat,234,closed,2023-03-30T10:51:56Z,2023-03-30T16:56:57Z,2023-03-30T16:56:57Z,1,1,1,10,1,0,0
ChatGPTNextWeb/NextChat,6422,closed,2025-04-02T07:42:10Z,2025-08-27T09:18:00Z,,2286,2005,2,1430,2,0,0
ChatGPTNextWeb/NextChat,6582,closed,2025-07-28T17:18:19Z,2025-08-25T19:38:13Z,,71,65,2,10648,2,0,0
ChatGPTNextWeb/NextChat,6592,closed,2025-08-04T14:17:01Z,2025-08-25T18:41:48Z,,6,8,2,9708,2,0,0
ChatGPTNextWeb/NextChat,5983,closed,2024-12-25T19:52:23Z,2025-08-22T01:37:25Z,,277,113,22,4027,2,1,0
ChatGPTNextWeb/NextChat,6598,closed,2025-08-08T08:34:58Z,2025-08-10T09:21:26Z,,7,1,2,1619,2,4,0
ChatGPTNextWeb/NextChat,5987,closed,2024-12-27T02:50:03Z,2025-08-09T13:02:21Z,,111,40,4,2007,6,4,0
ChatGPTNextWeb/NextChat,6548,closed,2025-06-30T13:21:28Z,2025-08-04T14:17:07Z,,6,8,2,1940,2,0,0
ChatGPTNextWeb/NextChat,6586,closed,2025-07-29T10:40:28Z,2025-07-29T12:47:12Z,,9,1626,1,1176,1,0,0
ChatGPTNextWeb/NextChat,6558,closed,2025-07-07T12:19:01Z,2025-07-28T17:32:22Z,,381,209,2,1957,2,0,0
ChatGPTNextWeb/NextChat,6549,closed,2025-06-30T13:36:02Z,2025-07-28T17:18:24Z,,71,65,2,1949,2,0,0
ChatGPTNextWeb/NextChat,6567,closed,2025-07-16T07:37:13Z,2025-07-23T14:32:58Z,,4,2,1,1509,1,0,0
ChatGPTNextWeb/NextChat,6564,closed,2025-07-15T03:29:17Z,2025-07-23T14:33:34Z,,74,68,2,1859,1,0,0
ChatGPTNextWeb/NextChat,6575,closed,2025-07-21T11:40:28Z,2025-07-23T14:31:07Z,,256,289,2,7002,2,0,0
ChatGPTNextWeb/NextChat,6577,closed,2025-07-22T00:11:47Z,2025-07-23T14:30:57Z,,95,3,1,10715,2,0,0
ChatGPTNextWeb/NextChat,6573,closed,2025-07-19T19:38:21Z,2025-07-23T14:30:28Z,2025-07-23T14:30:28Z,3,3,1,1687,1,0,0
ChatGPTNextWeb/NextChat,6580,closed,2025-07-22T17:05:08Z,2025-07-23T14:29:55Z,2025-07-23T14:29:55Z,778,14,4,1986,1,1,0
ChatGPTNextWeb/NextChat,6581,closed,2025-07-23T05:46:18Z,2025-07-23T14:29:40Z,2025-07-23T14:29:40Z,5,5,2,325,1,2,0
ChatGPTNextWeb/NextChat,6578,closed,2025-07-22T04:49:41Z,2025-07-23T14:28:02Z,,0,0,1,1176,1,0,0
ChatGPTNextWeb/NextChat,6563,closed,2025-07-14T13:12:22Z,2025-07-21T11:40:33Z,,256,289,2,1943,2,0,0
ChatGPTNextWeb/NextChat,6570,closed,2025-07-17T00:15:39Z,2025-07-17T03:30:34Z,2025-07-17T03:30:34Z,1,0,1,789,1,0,0
bitcoin/bitcoin,32326,closed,2025-04-22T14:36:28Z,2025-10-01T21:17:36Z,2025-10-01T21:17:36Z,40,55,5,621,18,40,0
bitcoin/bitcoin,31703,closed,2025-01-21T19:27:26Z,2025-09-30T21:17:16Z,,50,15,5,767,10,60,0
bitcoin/bitcoin,33476,closed,2025-09-24T19:18:35Z,2025-10-01T17:42:41Z,2025-10-01T17:42:40Z,424,158,32,63,6,74,0
bitcoin/bitcoin,28930,closed,2023-11-23T15:27:50Z,2024-10-01T12:23:56Z,,69,4,6,54,6,0,0
bitcoin/bitcoin,29543,closed,2024-03-03T10:06:34Z,2024-10-01T12:58:32Z,,2,3,2,210,14,0,0
bitcoin/bitcoin,30718,closed,2024-08-26T18:11:54Z,2024-09-30T21:07:20Z,2024-09-30T21:07:19Z,69,78,6,968,8,4,0
bitcoin/bitcoin,30415,closed,2024-07-09T15:32:25Z,2024-09-06T09:51:41Z,2024-09-06T09:51:41Z,21,19,3,324,16,12,0
bitcoin/bitcoin,30999,closed,2024-09-29T18:54:13Z,2024-10-01T08:15:45Z,,123,103,2,310,2,14,0
bitcoin/bitcoin,33401,closed,2025-09-16T10:09:28Z,2025-10-01T10:36:49Z,2025-10-01T10:36:49Z,2,1,1,1181,3,2,0
bitcoin/bitcoin,31316,closed,2024-11-18T13:25:05Z,2025-10-01T09:52:02Z,,27,0,1,338,10,0,0
bitcoin/bitcoin,32182,closed,2025-04-01T09:34:35Z,2025-04-03T06:03:19Z,2025-04-03T06:03:19Z,4,3,1,257,8,0,0
bitcoin/bitcoin,32359,closed,2025-04-27T20:52:44Z,2025-05-12T15:19:05Z,,93,197,30,698,204,22,0
bitcoin/bitcoin,33260,closed,2025-08-27T07:48:32Z,2025-09-30T20:30:54Z,2025-09-30T20:30:54Z,12,8,1,517,2,10,0
bitcoin/bitcoin,33453,closed,2025-09-22T10:40:53Z,2025-09-30T22:23:33Z,2025-09-30T22:23:33Z,2,18,2,1951,69,6,0
bitcoin/bitcoin,28584,closed,2023-10-04T11:27:19Z,2025-09-30T22:59:29Z,2025-09-30T22:59:29Z,303,65,15,519,34,12,0
bitcoin/bitcoin,33299,closed,2025-09-03T20:09:54Z,2025-09-30T18:01:49Z,2025-09-30T18:01:49Z,11,3,4,772,14,8,0
bitcoin/bitcoin,33303,closed,2025-09-04T09:25:51Z,2025-09-09T09:16:05Z,2025-09-09T09:16:05Z,10,9,1,1438,21,8,0
bitcoin/bitcoin,33487,closed,2025-09-28T22:14:39Z,2025-09-30T07:17:45Z,2025-09-30T07:17:45Z,4,4,1,278,4,2,0
bitcoin/bitcoin,29175,closed,2024-01-04T10:33:39Z,2024-09-30T17:13:32Z,,41,2,2,450,16,8,0
bitcoin/bitcoin,30989,closed,2024-09-27T13:59:12Z,2024-09-30T14:09:41Z,2024-09-30T14:09:40Z,0,2,1,5128,2,0,0
bitcoin/bitcoin,30956,closed,2024-09-24T12:56:26Z,2024-10-29T11:11:05Z,,104,21,3,898,35,2,0
django/django,15881,closed,2022-07-25T21:16:39Z,2025-09-30T11:37:58Z,,74,103,3,0,8,3,0
django/django,19899,closed,2025-09-24T02:47:47Z,2025-09-30T06:45:39Z,2025-09-30T06:45:39Z,1267,4,4,902,0,7,0
django/django,19891,closed,2025-09-22T20:00:09Z,2025-09-29T06:57:11Z,2025-09-29T06:57:11Z,9,1,1,959,0,10,0
django/django,19874,closed,2025-09-17T10:00:34Z,2025-09-30T06:46:28Z,2025-09-30T06:46:28Z,54,7,4,657,1,2,0
django/django,19910,closed,2025-09-28T14:12:46Z,2025-09-29T21:09:54Z,2025-09-29T21:09:53Z,3,1,1,149,2,0,0
django/django,19909,closed,2025-09-28T10:49:03Z,2025-09-29T21:01:13Z,2025-09-29T21:01:13Z,1,0,1,2462,1,0,0
django/django,19908,closed,2025-09-28T08:13:10Z,2025-09-29T20:59:54Z,,119,44,4,123,3,0,0
django/django,19905,closed,2025-09-26T23:53:11Z,2025-09-29T17:45:56Z,,59,2,2,1398,1,0,0
django/django,16200,closed,2022-10-20T18:56:50Z,2025-09-29T16:24:44Z,,20,1,2,12,5,4,0
django/django,19911,closed,2025-09-29T12:55:07Z,2025-09-29T15:36:29Z,,1,1,1,54,2,0,0
django/django,19907,closed,2025-09-27T17:41:20Z,2025-09-29T09:58:08Z,2025-09-29T09:58:08Z,9,3,2,750,2,6,0
django/django,19212,closed,2025-02-27T10:57:32Z,2025-09-27T08:33:04Z,,292,224,14,156,6,20,0
django/django,19853,closed,2025-09-12T19:33:39Z,2025-09-26T14:55:30Z,2025-09-26T14:55:30Z,27,0,2,802,3,21,0
django/django,19668,closed,2025-07-23T08:40:52Z,2025-09-26T14:47:47Z,2025-09-26T14:47:47Z,12,4,1,794,1,6,0
django/django,19880,closed,2025-09-18T16:57:30Z,2025-09-26T12:06:39Z,2025-09-26T12:06:39Z,31,6,3,1092,0,10,0
django/django,19059,closed,2025-01-17T05:09:13Z,2025-09-26T12:17:15Z,,35,0,1,794,1,1,0
opencv/opencv,27849,closed,2025-09-30T08:02:10Z,2025-10-01T05:37:29Z,2025-10-01T05:37:29Z,25,13,1,1121,1,0,0
opencv/opencv,27850,closed,2025-09-30T09:15:16Z,2025-10-01T06:33:16Z,2025-10-01T06:33:16Z,2,6,1,894,1,0,0
opencv/opencv,27824,closed,2025-09-25T06:46:47Z,2025-10-01T07:48:12Z,,2,0,1,785,2,0,0
opencv/opencv,27847,closed,2025-09-29T16:27:26Z,2025-09-30T16:42:03Z,2025-09-30T16:42:03Z,1,1,1,792,3,0,0
opencv/opencv,27837,closed,2025-09-27T21:43:47Z,2025-09-29T07:18:18Z,2025-09-29T07:18:18Z,7,2,2,1111,0,1,0
opencv/opencv,27749,closed,2025-09-05T09:46:46Z,2025-09-29T13:16:23Z,2025-09-29T13:16:23Z,481,0,4,1786,7,39,0
opencv/opencv,27834,closed,2025-09-26T16:01:24Z,2025-09-29T12:57:56Z,,123,1,2,2102,2,4,0
opencv/opencv,27827,closed,2025-09-25T12:35:02Z,2025-09-29T12:48:49Z,2025-09-29T12:48:49Z,2835,305,4,778,2,2,0
opencv/opencv,25656,closed,2024-05-27T21:39:11Z,2025-09-25T14:29:51Z,,14,7,3,1110,3,2,0
opencv/opencv,27821,closed,2025-09-24T05:05:43Z,2025-09-25T12:25:04Z,2025-09-25T12:25:04Z,68,4,2,717,0,6,0
opencv/opencv,27825,closed,2025-09-25T11:32:20Z,2025-09-25T13:24:00Z,2025-09-25T13:24:00Z,6,8,4,717,2,0,0
opencv/opencv,27358,closed,2025-05-26T02:00:50Z,2025-09-25T13:22:55Z,2025-09-25T13:22:55Z,12,1561,8,1279,6,0,0
opencv/opencv,27817,closed,2025-09-23T11:59:17Z,2025-09-25T10:35:12Z,2025-09-25T10:35:12Z,21,1,3,772,1,0,0
opencv/opencv,27796,closed,2025-09-17T14:53:12Z,2025-09-25T10:35:31Z,,57,0,3,800,9,0,0
opencv/opencv,27726,closed,2025-08-29T14:53:39Z,2025-09-25T07:59:27Z,2025-09-25T07:59:27Z,34,6,1,430,2,1,0
opencv/opencv,27779,closed,2025-09-12T10:48:47Z,2025-09-25T07:14:46Z,2025-09-25T07:14:46Z,144,24,7,851,2,4,0
sveltejs/svelte,16877,closed,2025-10-01T10:27:15Z,2025-10-01T16:07:13Z,2025-10-01T16:07:13Z,14,22,7,868,1,0,0
sveltejs/svelte,16792,closed,2025-09-18T05:22:32Z,2025-10-01T16:05:53Z,2025-10-01T16:05:53Z,3,3,1,1195,8,1,0
sveltejs/svelte,16864,closed,2025-09-29T03:21:19Z,2025-10-01T16:04:03Z,2025-10-01T16:04:03Z,23,14,3,214,3,1,0
sveltejs/svelte,16855,closed,2025-09-27T04:38:57Z,2025-10-01T16:03:50Z,2025-10-01T16:03:50Z,55,13,5,787,3,0,0
sveltejs/svelte,16874,closed,2025-09-30T23:04:06Z,2025-10-01T15:56:32Z,2025-10-01T15:56:32Z,40,10,10,1205,3,5,0
sveltejs/svelte,16876,closed,2025-10-01T09:23:03Z,2025-10-01T15:27:21Z,,2,2,2,71,3,0,0
sveltejs/svelte,16857,closed,2025-09-27T09:33:37Z,2025-10-01T10:26:14Z,2025-10-01T10:26:14Z,21,2,4,780,3,0,0
sveltejs/svelte,16848,closed,2025-09-25T18:40:05Z,2025-09-30T15:55:29Z,2025-09-30T15:55:29Z,16,27,8,957,1,0,0
sveltejs/svelte,16872,closed,2025-09-30T09:56:58Z,2025-09-30T15:46:58Z,2025-09-30T15:46:58Z,19,8,8,783,3,2,0
sveltejs/svelte,16866,closed,2025-09-29T19:06:22Z,2025-09-30T13:57:22Z,2025-09-30T13:57:22Z,208,144,8,2733,5,7,0
sveltejs/svelte,16862,closed,2025-09-28T21:53:00Z,2025-09-29T15:05:13Z,2025-09-29T15:05:13Z,23,1,5,730,2,0,0
sveltejs/svelte,16863,closed,2025-09-28T22:15:14Z,2025-09-29T15:04:57Z,2025-09-29T15:04:57Z,30,1,4,768,2,0,0
sveltejs/svelte,16861,closed,2025-09-28T18:39:20Z,2025-09-28T21:38:18Z,2025-09-28T21:38:18Z,0,2,1,934,3,0,0
sveltejs/svelte,16838,closed,2025-09-25T01:57:25Z,2025-09-25T18:36:47Z,2025-09-25T18:36:47Z,17,31,4,666,2,0,0
sveltejs/svelte,16824,closed,2025-09-23T21:14:12Z,2025-09-24T17:00:20Z,2025-09-24T17:00:20Z,14,22,7,903,1,0,0
sveltejs/svelte,16821,closed,2025-09-23T14:13:59Z,2025-09-24T16:35:51Z,2025-09-24T16:35:51Z,172,66,9,1163,6,3,0
sveltejs/svelte,16834,closed,2025-09-24T14:13:29Z,2025-09-24T15:35:24Z,2025-09-24T15:35:24Z,12,1,4,741,2,0,0
sveltejs/svelte,16827,closed,2025-09-24T00:13:41Z,2025-09-24T15:34:05Z,2025-09-24T15:34:05Z,1,1,1,789,5,0,0
sveltejs/svelte,16830,closed,2025-09-24T07:01:14Z,2025-09-24T15:32:59Z,2025-09-24T15:32:59Z,1,1,1,56,3,2,0
sveltejs/svelte,16823,closed,2025-09-23T18:11:53Z,2025-09-23T21:13:16Z,2025-09-23T21:13:16Z,119,5,6,1645,2,0,0
sveltejs/svelte,16822,closed,2025-09-23T16:30:35Z,2025-09-23T18:56:08Z,2025-09-23T18:56:08Z,21,19,1,74,3,7,0
sveltejs/svelte,16820,closed,2025-09-23T10:44:14Z,2025-09-23T12:55:46Z,2025-09-23T12:55:46Z,7,2,3,785,2,0,0
sveltejs/svelte,16817,closed,2025-09-23T06:05:41Z,2025-09-23T10:04:45Z,2025-09-23T10:04:45Z,25,1,7,743,2,0,0
sveltejs/svelte,16806,closed,2025-09-21T16:34:33Z,2025-09-21T19:51:41Z,2025-09-21T19:51:41Z,99,7,8,934,2,0,0
sveltejs/svelte,16797,closed,2025-09-18T18:11:32Z,2025-09-19T23:36:31Z,2025-09-19T23:36:31Z,546,509,34,1868,4,17,0
sveltejs/svelte,16789,closed,2025-09-18T01:07:10Z,2025-09-18T02:31:41Z,2025-09-18T02:31:40Z,10,12,5,605,1,0,0
gohugoio/hugo,12873,closed,2024-09-22T03:44:51Z,2024-10-01T15:35:56Z,,80,16,4,1184,8,0,0
gohugoio/hugo,14003,closed,2025-09-25T19:29:07Z,2025-10-01T17:40:43Z,,84,0,6,72,1,1,0
gohugoio/hugo,14025,closed,2025-10-01T16:12:29Z,2025-10-01T17:17:27Z,2025-10-01T17:17:27Z,99,1,4,13,0,1,0
gohugoio/hugo,12889,closed,2024-09-29T19:37:49Z,2024-09-30T06:44:14Z,2024-09-30T06:44:14Z,14,6,3,88,1,0,0
gohugoio/hugo,14013,closed,2025-09-29T11:25:50Z,2025-09-29T15:06:51Z,2025-09-29T15:06:51Z,59,9,6,170,0,2,0
gohugoio/hugo,14007,closed,2025-09-26T08:01:49Z,2025-09-29T13:48:35Z,,3,3,2,2387,1,0,0
gohugoio/hugo,13982,closed,2025-09-13T03:36:12Z,2025-09-27T16:16:42Z,2025-09-27T16:16:42Z,122,25,7,450,6,6,0
gohugoio/hugo,12832,closed,2024-09-05T08:29:35Z,2024-09-27T09:07:23Z,2024-09-27T09:07:23Z,6,8,2,2376,2,0,0
gohugoio/hugo,12862,closed,2024-09-20T08:01:57Z,2024-09-27T10:22:53Z,2024-09-27T10:22:53Z,9,9,2,2557,1,0,0
gohugoio/hugo,12882,closed,2024-09-26T08:34:14Z,2024-09-27T10:23:27Z,,61,61,2,19393,2,0,0
gohugoio/hugo,12863,closed,2024-09-20T08:02:06Z,2024-09-27T10:24:02Z,2024-09-27T10:24:02Z,3,5,2,3835,1,0,0
gohugoio/hugo,12864,closed,2024-09-20T08:02:13Z,2024-09-27T12:03:14Z,2024-09-27T12:03:14Z,3,3,2,3333,4,0,0
gohugoio/hugo,12877,closed,2024-09-24T17:11:15Z,2024-09-27T09:19:28Z,2024-09-27T09:19:28Z,27,24,3,13,2,0,0
gohugoio/hugo,10589,closed,2022-12-29T23:17:50Z,2024-04-24T14:03:45Z,,37,1,5,378,6,1,0
gohugoio/hugo,12865,closed,2024-09-20T08:02:28Z,2024-09-26T08:34:17Z,,64,66,2,19091,2,0,0
gohugoio/hugo,14000,closed,2025-09-24T08:05:00Z,2025-09-25T10:32:52Z,,15,15,2,3922,1,0,0
gohugoio/hugo,13999,closed,2025-09-24T08:03:37Z,2025-09-25T10:32:52Z,,6,6,2,3745,1,0,0
gohugoio/hugo,13975,closed,2025-09-09T08:02:14Z,2025-09-25T10:32:51Z,,9,9,2,2557,1,0,0
gohugoio/hugo,13959,closed,2025-09-03T23:09:22Z,2025-09-25T10:32:51Z,,3,3,2,9749,1,0,0
gohugoio/hugo,13958,closed,2025-09-03T09:06:55Z,2025-09-25T10:32:50Z,,6,7,2,8497,1,0,0
gohugoio/hugo,13978,closed,2025-09-11T08:03:24Z,2025-09-24T08:05:02Z,,15,15,2,4121,1,0,0
gohugoio/hugo,13977,closed,2025-09-09T08:04:46Z,2025-09-24T08:03:40Z,,6,6,2,4030,1,0,0
gohugoio/hugo,12870,closed,2024-09-20T20:17:00Z,2024-09-22T14:53:11Z,2024-09-22T14:53:11Z,30,8,2,14,1,0,0
gohugoio/hugo,12871,closed,2024-09-21T15:47:48Z,2024-09-21T17:10:34Z,2024-09-21T17:10:34Z,3,5,2,0,3,0,0
gohugoio/hugo,12858,closed,2024-09-18T08:25:22Z,2024-09-19T09:55:31Z,,15,17,2,3926,2,0,0
gohugoio/hugo,12847,closed,2024-09-11T08:18:58Z,2024-09-19T09:55:41Z,,61,63,2,18019,2,0,0
gohugoio/hugo,12825,closed,2024-09-04T09:02:26Z,2024-09-19T09:56:08Z,,6,8,2,4040,2,0,0
mermaid-js/mermaid,6558,closed,2025-05-02T16:22:42Z,2025-09-30T20:56:37Z,,0,0,0,927,4,0,0
mermaid-js/mermaid,7019,closed,2025-09-29T07:49:29Z,2025-09-30T09:15:36Z,2025-09-30T09:15:36Z,66,2,3,849,5,3,0
mermaid-js/mermaid,6984,closed,2025-09-23T07:11:04Z,2025-09-29T08:47:50Z,2025-09-29T08:47:50Z,191,4,4,1231,5,2,0
mermaid-js/mermaid,6789,closed,2025-07-23T11:31:22Z,2025-09-29T08:20:00Z,2025-09-29T08:20:00Z,1119,18,12,2149,8,15,0
mermaid-js/mermaid,7001,closed,2025-09-26T10:12:17Z,2025-09-26T12:32:58Z,,319,50,2,5901,4,1,0
mermaid-js/mermaid,6144,closed,2024-12-19T21:56:49Z,2025-01-17T16:07:43Z,2025-01-17T16:07:43Z,15,15,11,985,3,0,0
mermaid-js/mermaid,6972,closed,2025-09-22T00:52:03Z,2025-09-22T14:00:50Z,2025-09-22T14:00:50Z,501,504,6,21226,4,0,0
mermaid-js/mermaid,6951,closed,2025-09-16T09:23:24Z,2025-09-18T06:55:07Z,,13,7,1,432,5,0,0
mermaid-js/mermaid,6956,closed,2025-09-17T07:39:55Z,2025-09-17T17:45:32Z,2025-09-17T17:45:32Z,6125,6662,65,0,5,0,0
mermaid-js/mermaid,6958,closed,2025-09-17T08:42:06Z,2025-09-17T17:36:48Z,2025-09-17T17:36:48Z,2,2,2,1021,6,0,0
mermaid-js/mermaid,6925,closed,2025-09-08T00:54:53Z,2025-09-17T14:28:40Z,2025-09-17T14:28:40Z,4006,5710,28,57993,6,0,0
mermaid-js/mermaid,6955,closed,2025-09-17T06:09:15Z,2025-09-17T13:18:40Z,2025-09-17T13:18:40Z,182,151,3,0,5,0,0
mermaid-js/mermaid,5057,closed,2023-11-21T16:03:11Z,2024-09-09T22:27:34Z,,18,1,9,1410,5,0,0
mermaid-js/mermaid,6954,closed,2025-09-16T17:52:52Z,2025-09-17T04:48:01Z,,46,42,1,817,6,0,0
mermaid-js/mermaid,6942,closed,2025-09-15T00:22:30Z,2025-09-16T17:39:45Z,2025-09-16T17:39:45Z,1,1,1,1140,4,0,0
gothinkster/realworld,1653,closed,2025-08-07T16:50:07Z,2025-08-20T14:15:32Z,,66,13,2,17143,4,0,0
gothinkster/realworld,1642,closed,2025-05-08T02:23:32Z,2025-08-16T22:37:49Z,,1,1,1,351,4,0,0
gothinkster/realworld,1655,closed,2025-08-12T15:48:35Z,2025-08-16T22:36:58Z,,26,8,4,497,4,0,0
gothinkster/realworld,1656,closed,2025-08-12T16:09:35Z,2025-08-13T03:07:58Z,,28,11,4,497,4,0,0
gothinkster/realworld,1631,closed,2024-12-02T17:18:19Z,2025-07-16T21:41:46Z,,12,11,1,6025,4,0,0
gothinkster/realworld,1606,closed,2024-10-21T16:32:50Z,2025-07-16T21:41:46Z,,6,5,2,4114,4,0,0
gothinkster/realworld,1603,closed,2024-10-21T16:32:08Z,2025-07-16T21:41:45Z,,1,0,1,2276,4,0,0
gothinkster/realworld,1601,closed,2024-10-14T20:14:31Z,2025-07-16T21:41:45Z,,419,459,2,12675,4,0,0
gothinkster/realworld,1599,closed,2024-10-09T07:11:40Z,2025-07-16T21:41:45Z,,381,451,2,28131,4,0,0
gothinkster/realworld,1579,closed,2024-09-12T19:36:55Z,2025-07-16T21:41:43Z,,14,3,1,3325,4,0,0
gothinkster/realworld,1594,closed,2024-09-30T07:19:16Z,2025-07-16T21:41:44Z,,18,17,1,14131,4,0,0
gothinkster/realworld,1591,closed,2024-09-24T04:09:25Z,2025-07-16T21:41:44Z,,78,67,1,9737,4,0,0
gothinkster/realworld,1578,closed,2024-09-12T06:58:30Z,2025-07-16T21:41:43Z,,5,4,1,4851,4,0,0
gothinkster/realworld,1569,closed,2024-09-03T19:35:20Z,2025-07-16T21:41:42Z,,14,3,1,2147,4,0,0
gothinkster/realworld,1577,closed,2024-09-11T23:51:38Z,2025-07-16T21:41:43Z,,5,4,1,2642,4,0,0
gothinkster/realworld,1570,closed,2024-09-03T19:35:33Z,2025-07-16T21:41:42Z,,25,24,1,6961,4,0,0
gothinkster/realworld,1561,closed,2024-08-26T17:03:09Z,2025-07-16T21:41:41Z,,19,246,2,6844,4,0,0
gothinkster/realworld,1628,closed,2024-11-25T18:05:35Z,2025-07-16T21:40:13Z,,1,0,1,7965,4,0,0
gothinkster/realworld,1632,closed,2024-12-02T17:19:56Z,2025-07-16T21:38:37Z,,22,21,1,12213,4,0,0
gothinkster/realworld,1626,closed,2024-11-25T18:04:05Z,2025-07-16T21:38:07Z,,118,39,2,18632,4,0,0
gothinkster/realworld,1602,closed,2024-10-14T20:15:57Z,2025-07-16T21:37:49Z,,1,0,1,12725,4,0,0
gothinkster/realworld,1630,closed,2024-12-02T17:18:08Z,2025-07-16T21:37:24Z,,71,9,1,16528,4,0,0
gothinkster/realworld,1633,closed,2024-12-02T17:20:14Z,2025-07-16T21:35:09Z,,29,28,2,9463,5,0,0
gothinkster/realworld,1646,closed,2025-05-23T14:38:00Z,2025-07-16T21:26:02Z,,18,18,1,1148,4,0,0
gothinkster/realworld,1650,closed,2025-07-15T11:30:50Z,2025-07-16T21:15:37Z,,3,4,1,0,4,0,0
gothinkster/realworld,1649,closed,2025-07-08T18:06:38Z,2025-07-08T19:36:35Z,,10,13,1,820,4,0,0
gothinkster/realworld,1624,closed,2024-11-22T16:34:53Z,2025-01-07T16:43:52Z,,3,0,1,0,3,0,0
gothinkster/realworld,1620,closed,2024-11-11T16:05:18Z,2024-12-02T17:20:17Z,,1,0,1,7764,5,0,0
gothinkster/realworld,1627,closed,2024-11-25T18:04:55Z,2024-12-02T17:19:59Z,,22,21,1,11772,4,0,0
gothinkster/realworld,1562,closed,2024-08-26T17:03:22Z,2024-12-02T17:18:22Z,,12,11,1,7509,4,0,0
gothinkster/realworld,1625,closed,2024-11-25T18:03:13Z,2024-12-02T17:18:11Z,,68,11,1,16092,4,0,0
gothinkster/realworld,1607,closed,2024-10-21T16:33:04Z,2024-11-25T18:05:37Z,,1,0,1,4630,4,0,0
gothinkster/realworld,1622,closed,2024-11-18T17:32:53Z,2024-11-25T18:04:58Z,,22,21,1,14445,4,0,0
gothinkster/realworld,1619,closed,2024-11-11T16:05:03Z,2024-11-25T18:04:08Z,,90,39,2,18382,4,0,0
gothinkster/realworld,1623,closed,2024-11-18T17:33:42Z,2024-11-25T18:03:16Z,,68,11,1,15499,5,0,0
gothinkster/realworld,1618,closed,2024-11-11T16:04:05Z,2024-11-18T17:33:45Z,,68,11,1,19801,4,0,0
gothinkster/realworld,1613,closed,2024-10-28T16:12:52Z,2024-11-18T17:32:56Z,,22,21,1,8071,4,0,0
gothinkster/realworld,1604,closed,2024-10-21T16:32:24Z,2024-11-11T16:05:21Z,,1,0,1,5332,4,0,0
gothinkster/realworld,1615,closed,2024-11-04T16:38:36Z,2024-11-11T16:05:06Z,,19,12,2,17749,4,0,0
laravel/laravel,6674,closed,2025-09-17T08:09:04Z,2025-09-17T14:17:09Z,,21594,9,38,13,1,0,0
laravel/laravel,6601,closed,2025-04-16T08:40:06Z,2025-04-16T11:37:18Z,2025-04-16T11:37:18Z,3,3,1,198,2,0,0
laravel/laravel,6672,closed,2025-09-08T22:34:18Z,2025-09-10T00:07:32Z,2025-09-10T00:07:32Z,1,1,1,224,3,0,0
laravel/laravel,6671,closed,2025-09-08T20:28:35Z,2025-09-08T22:20:59Z,,2,2,1,0,1,0,0
laravel/laravel,6666,closed,2025-08-26T16:16:21Z,2025-08-29T17:40:11Z,2025-08-29T17:40:11Z,8,0,1,776,3,0,0
laravel/laravel,6665,closed,2025-08-26T05:49:05Z,2025-08-26T12:45:22Z,,9,0,1,102,3,0,0
laravel/laravel,6663,closed,2025-08-24T02:36:26Z,2025-08-25T13:28:36Z,,3,1,1,645,3,0,0
laravel/laravel,6664,closed,2025-08-25T11:10:09Z,2025-08-25T13:18:59Z,,1,0,1,92,1,0,0
laravel/laravel,6655,closed,2025-08-15T09:26:35Z,2025-08-15T13:59:01Z,2025-08-15T13:59:01Z,1,1,1,580,0,2,0
laravel/laravel,6661,closed,2025-08-21T10:19:54Z,2025-08-21T14:22:06Z,,10686,0,3,0,3,0,0
laravel/laravel,6659,closed,2025-08-20T09:10:23Z,2025-08-20T13:33:00Z,,10686,0,3,628,2,0,0
laravel/laravel,6652,closed,2025-08-11T09:26:30Z,2025-08-11T14:53:45Z,,14,0,1,0,1,0,0
laravel/laravel,6648,closed,2025-08-05T20:05:11Z,2025-08-06T15:28:20Z,,42283,11,65,0,1,0,0
laravel/laravel,6646,closed,2025-07-28T08:50:01Z,2025-07-28T14:49:51Z,2025-07-28T14:49:51Z,1,1,1,670,1,0,0
laravel/laravel,6645,closed,2025-07-23T09:02:04Z,2025-07-23T14:16:57Z,2025-07-23T14:16:57Z,1,1,1,1733,1,0,0
laravel/laravel,6644,closed,2025-07-21T03:20:18Z,2025-07-21T14:32:42Z,,1,1,1,534,2,0,0
laravel/laravel,6642,closed,2025-07-15T14:11:09Z,2025-07-15T20:24:37Z,,3,1,2,698,1,0,0
laravel/laravel,6229,closed,2023-08-22T07:18:46Z,2023-08-22T13:21:42Z,,4,0,1,359,16,0,0
laravel/laravel,6536,closed,2025-02-12T05:16:53Z,2025-02-12T16:13:57Z,2025-02-12T16:13:57Z,1,2,2,873,9,0,0
laravel/laravel,6638,closed,2025-07-03T15:52:26Z,2025-07-03T19:15:13Z,,1,0,1,310,5,0,0
animate-css/animate.css,1834,closed,2024-09-15T18:34:40Z,2025-01-03T13:51:06Z,,8713,634,25,1336,3,0,0
animate-css/animate.css,1813,closed,2024-07-26T19:31:29Z,2024-07-29T19:34:20Z,,5,5,2,5447,1,0,0
animate-css/animate.css,1807,closed,2024-07-15T19:17:58Z,2024-07-29T19:34:15Z,,250,331,2,25511,1,0,0
animate-css/animate.css,1811,closed,2024-07-25T19:06:56Z,2024-07-26T19:31:32Z,,5,5,2,5706,1,0,0
animate-css/animate.css,1809,closed,2024-07-18T19:54:14Z,2024-07-25T19:06:59Z,,5,5,2,5952,1,0,0
animate-css/animate.css,1800,closed,2024-07-01T19:19:13Z,2024-07-25T19:06:54Z,,20,20,2,9087,1,0,0
animate-css/animate.css,1808,closed,2024-07-17T19:34:22Z,2024-07-18T19:54:18Z,,5,5,2,6087,1,0,0
animate-css/animate.css,1798,closed,2024-06-28T19:36:03Z,2024-07-15T19:18:00Z,,250,331,2,26447,1,0,0
animate-css/animate.css,1789,closed,2024-06-11T19:32:46Z,2024-07-15T19:17:15Z,,5,5,2,8466,1,0,0
animate-css/animate.css,1799,closed,2024-07-01T19:19:03Z,2024-07-08T19:11:08Z,,591,366,2,12155,1,0,0
animate-css/animate.css,1783,closed,2024-05-24T19:05:37Z,2024-07-01T19:19:06Z,,591,366,2,11806,1,0,0
animate-css/animate.css,1794,closed,2024-06-14T19:57:16Z,2024-06-28T19:36:06Z,,250,331,2,25544,1,0,0
animate-css/animate.css,1786,closed,2024-06-03T19:33:39Z,2024-06-14T19:57:19Z,,250,331,2,25382,1,0,0
animate-css/animate.css,1790,closed,2024-06-11T19:32:59Z,2024-06-12T19:02:50Z,,260,230,2,15503,1,0,0
animate-css/animate.css,1784,closed,2024-05-27T19:35:08Z,2024-06-11T19:33:01Z,,260,230,2,16428,1,0,0
animate-css/animate.css,1788,closed,2024-06-05T19:14:37Z,2024-06-11T19:32:49Z,,5,5,2,8191,1,0,0
animate-css/animate.css,1787,closed,2024-06-03T19:33:55Z,2024-06-05T19:14:40Z,,5,5,2,8933,1,0,0
animate-css/animate.css,1781,closed,2024-05-20T19:30:18Z,2024-06-03T19:33:42Z,,249,330,2,24878,1,0,0
animate-css/animate.css,1782,closed,2024-05-21T19:39:49Z,2024-05-27T19:35:11Z,,261,231,2,15657,1,0,0
animate-css/animate.css,1779,closed,2024-05-14T20:08:26Z,2024-05-24T19:05:40Z,,591,366,2,12796,1,0,0
animate-css/animate.css,1777,closed,2024-05-06T19:40:01Z,2024-05-20T19:30:21Z,,249,330,2,24482,1,0,0
animate-css/animate.css,1778,closed,2024-05-13T19:33:48Z,2024-05-14T20:08:29Z,,586,366,2,14468,1,0,0
animate-css/animate.css,1776,closed,2024-05-06T19:39:25Z,2024-05-13T19:33:51Z,,586,366,2,15185,1,0,0
macrozheng/mall,915,closed,2025-05-21T06:31:17Z,2025-09-16T06:15:12Z,,23,4,1,0,4,0,0
macrozheng/mall,916,closed,2025-06-09T14:21:29Z,2025-06-10T01:57:49Z,,494,14,25,59,3,0,0
macrozheng/mall,889,closed,2025-01-13T13:03:06Z,2025-01-15T02:53:48Z,,66,18,5,6,1,0,0
macrozheng/mall,604,closed,2023-05-17T15:56:29Z,2024-10-29T07:09:19Z,,4,0,1,80,1,0,0
macrozheng/mall,400,closed,2020-08-21T16:56:21Z,2024-09-20T02:14:12Z,,3339,22,41,124,0,4,0
macrozheng/mall,655,closed,2024-04-12T11:49:01Z,2024-04-17T01:52:16Z,,2,2,1,7,3,0,0
macrozheng/mall,653,closed,2024-02-29T06:48:44Z,2024-03-05T01:32:23Z,,2,2,1,46,3,0,0
macrozheng/mall,628,closed,2023-09-08T16:22:01Z,2024-01-02T06:51:40Z,,2,1,1,27,1,0,0
macrozheng/mall,646,closed,2023-12-19T01:07:17Z,2024-01-02T06:51:10Z,,59,15,8,0,1,0,0
macrozheng/mall,642,closed,2023-11-30T17:11:44Z,2023-12-01T02:01:51Z,,82,81,1,0,1,0,0
macrozheng/mall,572,closed,2022-10-13T00:46:27Z,2022-12-14T02:17:12Z,,6,1,2,0,1,0,0
macrozheng/mall,547,closed,2022-06-09T16:01:27Z,2022-08-27T15:58:27Z,,5,0,1,0,1,0,0
macrozheng/mall,523,closed,2022-01-18T09:08:43Z,2022-05-29T07:24:11Z,,2,2,1,0,1,0,0
home-assistant/core,153412,closed,2025-10-02T07:11:25Z,2025-10-02T08:33:02Z,2025-10-02T08:33:02Z,344,0,7,4559,1,0,0
home-assistant/core,146675,closed,2025-06-12T19:25:22Z,2025-10-01T10:11:00Z,2025-10-01T10:11:00Z,98,35,2,4624,10,12,0
home-assistant/core,150508,closed,2025-08-12T17:40:11Z,2025-09-30T19:37:20Z,2025-09-30T19:37:20Z,125,0,2,5132,3,0,0
home-assistant/core,145913,closed,2025-05-30T21:02:35Z,2025-09-30T17:10:23Z,2025-09-30T17:10:23Z,805,3,8,4443,9,4,0
home-assistant/core,148310,closed,2025-07-07T06:47:42Z,2025-09-30T15:48:38Z,2025-09-30T15:48:38Z,57,5,2,5048,15,4,0
home-assistant/core,153170,closed,2025-09-28T20:13:55Z,2025-09-29T13:39:29Z,2025-09-29T13:39:29Z,77,0,4,5492,0,5,0
home-assistant/core,153169,closed,2025-09-28T20:07:56Z,2025-09-29T06:42:39Z,2025-09-29T06:42:39Z,9,1,3,5091,0,1,0
home-assistant/core,148460,closed,2025-07-09T03:11:44Z,2025-09-26T10:11:59Z,2025-09-26T10:11:59Z,169,16,6,4903,3,5,0
home-assistant/core,153388,closed,2025-10-01T21:54:25Z,2025-10-02T05:45:04Z,2025-10-02T05:45:04Z,197,27,6,5300,1,0,0
home-assistant/core,151089,closed,2025-08-24T09:57:39Z,2025-10-01T04:48:58Z,,12,3,1,4805,7,21,0
3b1b/manim,2342,closed,2025-05-01T18:31:05Z,2025-06-10T15:13:29Z,2025-06-10T15:13:29Z,15,3,2,1237,2,0,0
3b1b/manim,2278,closed,2024-12-13T19:05:07Z,2024-12-13T21:23:50Z,2024-12-13T21:23:50Z,7,4,2,383,2,1,0
3b1b/manim,2331,closed,2025-04-05T02:33:53Z,2025-06-10T15:49:38Z,,14,0,1,804,1,0,0
3b1b/manim,2308,closed,2025-02-04T16:36:12Z,2025-06-10T15:48:52Z,,18,5,2,911,2,0,0
3b1b/manim,2289,closed,2025-01-01T08:35:04Z,2025-06-10T15:48:32Z,,28,23,1,580,1,0,0
3b1b/manim,2044,closed,2023-07-16T17:20:58Z,2025-06-10T15:42:40Z,2025-06-10T15:42:40Z,6,1,1,345,0,1,0
3b1b/manim,1190,closed,2020-07-31T15:40:20Z,2025-06-10T15:42:06Z,,19,6,3,1070,3,0,0
3b1b/manim,1024,closed,2020-05-03T14:06:29Z,2025-06-10T15:41:26Z,,464,1,1,737,1,4,0
3b1b/manim,636,closed,2019-07-16T20:57:05Z,2025-06-10T15:17:01Z,,344,0,1,79,8,0,0
3b1b/manim,2346,closed,2025-05-12T02:33:25Z,2025-06-10T15:15:56Z,2025-06-10T15:15:56Z,68,39,18,1838,1,0,0
3b1b/manim,2330,closed,2025-04-04T15:23:41Z,2025-06-10T15:05:08Z,2025-06-10T15:05:08Z,3,4,2,515,1,0,0
3b1b/manim,2304,closed,2025-01-16T11:30:36Z,2025-03-20T18:52:48Z,2025-03-20T18:52:48Z,4,0,2,174,2,0,0
3b1b/manim,2322,closed,2025-03-07T04:22:38Z,2025-03-20T18:59:07Z,2025-03-20T18:59:07Z,54,8,1,10049,2,0,0
oven-sh/bun,23122,closed,2025-09-30T06:11:48Z,2025-10-02T00:16:25Z,2025-10-02T00:16:25Z,144,130,39,6413,3,4,0
oven-sh/bun,22710,closed,2025-09-16T09:01:44Z,2025-09-26T10:47:26Z,2025-09-26T10:47:26Z,805,0,6,70,7,13,0
oven-sh/bun,23155,closed,2025-10-01T06:55:36Z,2025-10-01T22:29:48Z,2025-10-01T22:29:48Z,1,0,1,331,2,0,0
oven-sh/bun,21450,closed,2025-07-29T04:08:22Z,2025-10-01T22:03:31Z,,61,3,4,1372,1,0,0
oven-sh/bun,23117,closed,2025-09-30T03:37:58Z,2025-10-01T19:09:26Z,2025-10-01T19:09:26Z,13,2,2,911,2,5,0
oven-sh/bun,18196,closed,2025-03-14T13:01:45Z,2025-03-15T18:51:20Z,2025-03-15T18:51:20Z,57,23,3,2440,5,0,0
oven-sh/bun,23113,closed,2025-09-29T23:38:30Z,2025-10-01T04:47:31Z,2025-10-01T04:47:31Z,100,41,8,73,2,0,0
oven-sh/bun,23110,closed,2025-09-29T22:41:03Z,2025-10-01T02:41:35Z,2025-10-01T02:41:35Z,248,206,11,26,2,3,0
oven-sh/bun,23125,closed,2025-09-30T10:30:22Z,2025-10-01T00:25:17Z,2025-10-01T00:25:17Z,1847,1729,74,103,2,66,0
oven-sh/bun,23144,closed,2025-09-30T20:02:08Z,2025-09-30T23:13:24Z,2025-09-30T23:13:24Z,6,2,1,324,2,1,0
oven-sh/bun,23032,closed,2025-09-27T06:19:07Z,2025-09-30T23:14:55Z,2025-09-30T23:14:55Z,29,12,1,495,3,5,0
oven-sh/bun,23075,closed,2025-09-29T09:44:11Z,2025-09-30T21:59:06Z,2025-09-30T21:59:06Z,28,3,3,70,2,4,0
oven-sh/bun,23116,closed,2025-09-30T02:57:04Z,2025-09-30T20:27:25Z,2025-09-30T20:27:25Z,9599,643,7,265,3,15,0
oven-sh/bun,22700,closed,2025-09-15T21:38:00Z,2025-09-30T20:26:15Z,2025-09-30T20:26:15Z,579,198,9,706,2,20,0
oven-sh/bun,23141,closed,2025-09-30T19:10:55Z,2025-09-30T20:32:04Z,2025-09-30T20:32:04Z,69,53,2,241,2,1,0
oven-sh/bun,22381,closed,2025-09-03T22:27:21Z,2025-09-30T20:25:50Z,2025-09-30T20:25:50Z,195,0,5,1179,2,5,0
oven-sh/bun,19843,closed,2025-05-22T08:40:55Z,2025-09-30T13:05:52Z,,165,0,5,1790,2,0,0
oven-sh/bun,22138,closed,2025-08-26T00:53:34Z,2025-09-30T12:26:32Z,2025-09-30T12:26:32Z,4301,486,71,2125,5,130,0
oven-sh/bun,23095,closed,2025-09-29T13:51:55Z,2025-09-30T07:26:02Z,2025-09-30T07:26:02Z,36,1,2,654,2,2,0
microsoft/markitdown,1195,closed,2025-04-20T20:28:38Z,2025-05-28T12:08:33Z,,2,2,1,92,2,0,0
microsoft/markitdown,5,closed,2024-12-12T21:41:32Z,2025-08-26T22:33:27Z,,183,9,3,1695,5,2,0
microsoft/markitdown,1161,closed,2025-03-28T14:45:29Z,2025-08-26T22:28:18Z,2025-08-26T22:28:18Z,14,2,1,784,6,0,0
microsoft/markitdown,1189,closed,2025-04-15T22:35:16Z,2025-08-26T22:08:35Z,,1,1,1,305,1,0,0
microsoft/markitdown,1334,closed,2025-07-16T03:45:26Z,2025-08-26T22:03:38Z,,0,0,1,0,1,0,0
microsoft/markitdown,1350,closed,2025-07-17T09:13:29Z,2025-08-26T22:02:56Z,2025-08-26T22:02:56Z,1,1,1,12,1,0,0
microsoft/markitdown,1319,closed,2025-07-10T09:49:45Z,2025-08-26T21:51:11Z,2025-08-26T21:51:11Z,53,2,3,183,1,0,0
microsoft/markitdown,1352,closed,2025-07-17T10:11:05Z,2025-08-26T21:34:44Z,2025-08-26T21:34:44Z,31,0,2,295,1,0,0
microsoft/markitdown,1399,closed,2025-08-16T07:47:46Z,2025-08-26T21:25:14Z,2025-08-26T21:25:13Z,24,2,1,454,0,2,0
microsoft/markitdown,1261,closed,2025-05-22T08:08:56Z,2025-08-16T07:28:59Z,,1523,911,9,1165,4,0,0
tonsky/FiraCode,1649,closed,2025-05-05T06:09:29Z,2025-05-05T12:49:30Z,2025-05-05T12:49:30Z,279,3,14,351,1,0,0
tonsky/FiraCode,1647,closed,2025-04-23T22:14:45Z,2025-05-04T17:05:19Z,2025-05-04T17:05:19Z,4726,4543,1,745,1,0,0
tonsky/FiraCode,1645,closed,2025-04-10T03:55:51Z,2025-04-10T15:09:39Z,,11,0,1,473,3,0,0
tonsky/FiraCode,1615,closed,2024-10-16T15:24:03Z,2024-11-04T13:19:41Z,2024-11-04T13:19:41Z,4,1,2,235,4,0,0
tonsky/FiraCode,1614,closed,2024-10-16T15:20:55Z,2024-10-21T15:03:18Z,2024-10-21T15:03:18Z,28,0,2,46,1,0,0
tonsky/FiraCode,1613,closed,2024-10-16T15:17:59Z,2024-10-21T14:56:13Z,2024-10-21T14:56:13Z,6,7,1,76,1,0,0
tonsky/FiraCode,1608,closed,2024-09-23T13:03:09Z,2024-09-23T15:19:37Z,,5,0,1,388,1,0,0
tonsky/FiraCode,1566,closed,2023-12-31T15:26:39Z,2024-04-04T04:21:22Z,,1321,112,1,1362,3,0,0
tonsky/FiraCode,1568,closed,2024-01-20T08:12:45Z,2024-01-20T16:57:31Z,,259,0,2,21,1,0,0
tonsky/FiraCode,1537,closed,2023-06-19T15:24:38Z,2023-06-19T17:28:30Z,2023-06-19T17:28:30Z,293,2,3,36,2,0,0
tonsky/FiraCode,1533,closed,2023-05-25T21:18:39Z,2023-05-28T13:18:40Z,2023-05-28T13:18:40Z,21,18,1,134,1,0,0
tonsky/FiraCode,1529,closed,2023-05-16T12:36:12Z,2023-05-16T14:07:09Z,2023-05-16T14:07:09Z,2,1,1,71,2,0,0
tonsky/FiraCode,1525,closed,2023-04-26T22:12:20Z,2023-04-27T13:55:58Z,2023-04-27T13:55:58Z,3,0,1,0,1,0,0
tonsky/FiraCode,1514,closed,2023-03-16T07:37:05Z,2023-03-16T10:34:28Z,2023-03-16T10:34:28Z,1,1,1,202,1,0,0
tonsky/FiraCode,1512,closed,2023-03-08T09:08:11Z,2023-03-08T16:07:46Z,2023-03-08T16:07:46Z,0,0,4,44,2,0,0
tonsky/FiraCode,1503,closed,2023-02-04T02:29:02Z,2023-02-07T18:05:05Z,,1,1,1,19,3,0,0
tonsky/FiraCode,1501,closed,2023-01-26T10:22:17Z,2023-01-26T21:23:40Z,2023-01-26T21:23:40Z,5,2,2,0,1,0,0
tonsky/FiraCode,1480,closed,2022-10-31T13:23:00Z,2022-11-01T14:29:39Z,,14,6,1,583,1,1,0
tonsky/FiraCode,1481,closed,2022-11-01T03:10:03Z,2022-11-01T14:23:20Z,,16,15,2,1054,1,0,0
tonsky/FiraCode,1471,closed,2022-10-04T11:24:24Z,2022-10-04T22:56:29Z,2022-10-04T22:56:29Z,7,10,4,310,2,0,0
tonsky/FiraCode,1452,closed,2022-08-03T02:27:55Z,2022-08-03T13:53:16Z,2022-08-03T13:53:16Z,64,17,1,104,1,0,0
tonsky/FiraCode,1451,closed,2022-08-02T11:16:10Z,2022-08-02T19:54:00Z,,81,0,2,113,1,0,0
tonsky/FiraCode,1442,closed,2022-07-17T10:02:46Z,2022-07-19T10:09:59Z,,1,3,1,620,2,0,0
tonsky/FiraCode,1440,closed,2022-07-12T14:43:00Z,2022-07-13T18:52:58Z,2022-07-13T18:52:58Z,1,1,1,65,1,0,0
tonsky/FiraCode,1438,closed,2022-07-11T15:03:18Z,2022-07-13T18:52:38Z,2022-07-13T18:52:38Z,7,6,1,156,1,2,0
tonsky/FiraCode,1429,closed,2022-06-29T22:59:57Z,2022-06-30T14:39:05Z,2022-06-30T14:39:04Z,1,0,1,123,1,0,0
tonsky/FiraCode,1400,closed,2022-04-13T08:37:57Z,2022-04-13T12:54:31Z,2022-04-13T12:54:31Z,43,43,1,36,1,0,0
tonsky/FiraCode,1387,closed,2022-03-11T21:01:32Z,2022-03-15T15:00:36Z,,401,69,30,4048,1,2,0
tonsky/FiraCode,1385,closed,2022-03-05T01:52:32Z,2022-03-06T19:31:29Z,2022-03-06T19:31:28Z,24,24,2,130,1,0,0
tonsky/FiraCode,1366,closed,2022-02-07T00:33:16Z,2022-02-07T18:33:55Z,2022-02-07T18:33:55Z,56,56,14,737,1,5,0
tonsky/FiraCode,1360,closed,2022-01-28T23:07:25Z,2022-01-31T18:08:35Z,2022-01-31T18:08:35Z,1,0,3,103,3,0,0
tonsky/FiraCode,1359,closed,2022-01-26T02:31:55Z,2022-01-26T08:11:26Z,2022-01-26T08:11:26Z,240,1,12,315,2,0,0
tonsky/FiraCode,1353,closed,2022-01-18T05:50:15Z,2022-01-19T15:53:03Z,2022-01-19T15:53:03Z,1,1,1,85,1,0,0
tonsky/FiraCode,1341,closed,2021-12-20T05:45:54Z,2021-12-20T11:59:32Z,2021-12-20T11:59:32Z,2,0,1,8,1,0,0
tonsky/FiraCode,1340,closed,2021-12-20T05:45:45Z,2021-12-20T11:57:15Z,2021-12-20T11:57:15Z,237,0,1,6,1,0,0
bregman-arie/devops-exercises,10601,closed,2025-09-01T09:49:21Z,2025-09-27T16:26:39Z,,44,1,1,34,0,1,0
bregman-arie/devops-exercises,10545,closed,2025-01-07T00:13:53Z,2025-09-27T16:26:02Z,,34,0,1,0,1,0,0
bregman-arie/devops-exercises,10583,closed,2025-04-29T07:06:48Z,2025-08-07T17:27:38Z,2025-08-07T17:27:38Z,1,2,1,51,1,0,0
bregman-arie/devops-exercises,10585,closed,2025-05-06T05:07:02Z,2025-08-07T17:27:05Z,2025-08-07T17:27:05Z,35,0,2,0,3,1,0
bregman-arie/devops-exercises,10587,closed,2025-05-06T14:47:20Z,2025-08-07T17:26:00Z,2025-08-07T17:26:00Z,0,0,1,0,1,0,0
bregman-arie/devops-exercises,10589,closed,2025-05-08T14:12:25Z,2025-08-07T17:25:37Z,2025-08-07T17:25:37Z,1,1,1,147,1,0,0
bregman-arie/devops-exercises,10591,closed,2025-05-12T09:51:14Z,2025-08-07T17:25:17Z,2025-08-07T17:25:17Z,1,1,1,103,1,0,0
bregman-arie/devops-exercises,10593,closed,2025-06-01T10:22:04Z,2025-08-07T17:24:52Z,,227,0,5,0,2,0,0
bregman-arie/devops-exercises,10595,closed,2025-06-07T02:58:08Z,2025-06-09T00:13:12Z,,1,1,1,0,1,0,0
bregman-arie/devops-exercises,10550,closed,2025-01-07T22:47:21Z,2025-03-26T22:22:23Z,2025-03-26T22:22:23Z,0,2,1,0,1,0,0
bregman-arie/devops-exercises,10546,closed,2025-01-07T01:19:18Z,2025-03-26T22:20:54Z,,38,13,2,0,0,2,0
bregman-arie/devops-exercises,10555,closed,2025-01-12T14:09:07Z,2025-03-26T22:19:49Z,,0,0,0,11,1,0,0
bregman-arie/devops-exercises,10544,closed,2024-12-27T20:04:02Z,2024-12-28T12:02:13Z,,1,0,1,17,0,1,0
bregman-arie/devops-exercises,352,closed,2023-02-23T22:08:23Z,2023-03-25T11:05:56Z,2023-03-25T11:05:56Z,16,16,2,627,3,1,0
bregman-arie/devops-exercises,10300,closed,2024-07-09T21:12:11Z,2024-08-31T08:15:19Z,,3,1,1,60,1,0,0
bregman-arie/devops-exercises,10311,closed,2024-07-10T23:09:39Z,2024-08-31T08:15:03Z,2024-08-31T08:15:03Z,14,0,1,147,2,0,0
bregman-arie/devops-exercises,10322,closed,2024-07-11T14:14:09Z,2024-08-31T08:14:50Z,,125,4069,11,0,1,0,0
spring-projects/spring-boot,47355,closed,2025-09-29T19:50:28Z,2025-10-02T08:05:12Z,,38,3,3,337,5,0,0
spring-projects/spring-boot,34835,closed,2023-04-02T17:11:59Z,2023-06-21T15:15:03Z,,1,5,1,921,18,0,0
spring-projects/spring-boot,47356,closed,2025-09-29T21:25:49Z,2025-09-30T06:07:12Z,,23,51,2,2566,1,0,0
spring-projects/spring-boot,47357,closed,2025-09-29T22:28:38Z,2025-09-30T05:54:51Z,,1,1,1,8597,1,0,0
spring-projects/spring-boot,47353,closed,2025-09-29T15:24:37Z,2025-09-29T19:33:21Z,,28,28,4,438,1,0,0
spring-projects/spring-boot,47300,closed,2025-09-23T00:34:43Z,2025-09-29T08:23:44Z,,23,3,2,1260,1,0,0
spring-projects/spring-boot,47339,closed,2025-09-28T03:31:09Z,2025-09-29T07:46:28Z,,4,1,1,112,1,0,0
spring-projects/spring-boot,47334,closed,2025-09-26T13:34:33Z,2025-09-26T14:42:19Z,,1,0,1,2160,2,0,0
spring-projects/spring-boot,47321,closed,2025-09-25T05:04:39Z,2025-09-25T06:47:06Z,,22,6,1,493,1,0,0
spring-projects/spring-boot,47317,closed,2025-09-24T20:37:54Z,2025-09-24T23:45:30Z,,1,1,1,559,2,0,0
spring-projects/spring-boot,47304,closed,2025-09-23T18:43:16Z,2025-09-24T09:43:47Z,,6,3,3,578,1,0,0
spring-projects/spring-boot,46372,closed,2025-07-09T18:53:03Z,2025-09-24T10:52:31Z,,36,14,4,245,3,3,0
spring-projects/spring-boot,47297,closed,2025-09-22T10:44:50Z,2025-09-24T09:56:09Z,,3,3,2,139,1,0,0
spring-projects/spring-boot,47291,closed,2025-09-21T06:30:52Z,2025-09-22T09:02:13Z,,20,1,2,1842,3,4,0
spring-projects/spring-boot,47286,closed,2025-09-20T06:56:56Z,2025-09-22T18:10:12Z,,3,0,1,1480,1,0,0
spring-projects/spring-boot,47023,closed,2025-09-02T18:50:43Z,2025-09-18T13:00:56Z,,2049,2,26,4792,1,0,0
spring-projects/spring-boot,47121,closed,2025-09-08T12:09:20Z,2025-09-18T12:36:33Z,,247,165,2,1962,3,0,0
spring-projects/spring-boot,47244,closed,2025-09-17T07:06:18Z,2025-09-17T14:17:18Z,,64,20,5,94,1,0,0
spring-projects/spring-boot,47229,closed,2025-09-16T11:29:58Z,2025-09-17T13:06:54Z,,27,0,3,306,1,0,0
spring-projects/spring-boot,47210,closed,2025-09-15T19:02:54Z,2025-09-16T06:56:17Z,,2,2,2,5254,1,0,0
spring-projects/spring-boot,47209,closed,2025-09-15T19:02:50Z,2025-09-16T06:49:56Z,,1,1,1,7897,1,0,0
spring-projects/spring-boot,46533,closed,2025-07-24T14:00:51Z,2025-09-11T08:59:07Z,,231,2,9,2280,6,4,0
spring-projects/spring-boot,46546,closed,2025-07-25T15:40:42Z,2025-09-10T18:54:36Z,,1018,8,23,2257,2,2,0
doocs/advanced-java,324,closed,2025-09-11T06:11:19Z,2025-09-24T00:15:02Z,,4,3,1,5277,1,0,0
doocs/advanced-java,319,closed,2025-04-10T09:17:23Z,2025-04-10T23:36:11Z,2025-04-10T23:36:11Z,1,1,1,17,9,1,0
doocs/advanced-java,315,closed,2025-02-25T05:28:40Z,2025-03-17T06:54:01Z,,78,78,1,37,10,1,0
doocs/advanced-java,316,closed,2025-03-10T22:25:04Z,2025-03-17T06:53:42Z,,4,3,1,4748,2,1,0
doocs/advanced-java,312,closed,2024-09-19T18:03:57Z,2025-01-14T00:32:36Z,,17,8,1,4793,9,0,0
doocs/advanced-java,304,closed,2024-06-18T23:40:39Z,2024-06-19T03:42:41Z,2024-06-19T03:42:41Z,6,6,1,3009,1,0,0
doocs/advanced-java,232,closed,2021-07-24T05:00:13Z,2021-07-24T06:06:35Z,2021-07-24T06:06:35Z,9,0,2,75,3,0,0
doocs/advanced-java,227,closed,2021-06-23T11:17:42Z,2021-07-22T12:17:50Z,,70,17,10,0,1,0,0
doocs/advanced-java,222,closed,2021-04-08T10:11:28Z,2021-04-08T13:08:38Z,,46,0,1,0,1,2,0
doocs/advanced-java,223,closed,2021-04-08T13:17:23Z,2021-04-09T07:36:57Z,2021-04-09T07:36:57Z,45,0,3,12,3,0,0
doocs/advanced-java,208,closed,2020-12-05T20:40:06Z,2020-12-07T01:21:48Z,,2,2,1,0,1,0,0
doocs/advanced-java,203,closed,2020-11-07T07:56:43Z,2020-11-11T03:42:56Z,,88,0,10,33,3,0,0
immich-app/immich,21740,closed,2025-09-09T17:36:58Z,2025-10-01T18:00:58Z,,0,0,0,3107,4,7,0
immich-app/immich,22526,closed,2025-10-01T06:25:00Z,2025-10-01T13:58:24Z,2025-10-01T13:58:24Z,7,6,1,55,1,3,0
immich-app/immich,22478,closed,2025-09-29T12:34:26Z,2025-09-30T05:36:54Z,,24,8,1,1283,8,0,0
immich-app/immich,7045,closed,2024-02-12T00:20:25Z,2024-09-12T02:31:52Z,,237,40,29,613,20,3,0
immich-app/immich,22472,closed,2025-09-29T06:10:27Z,2025-09-29T17:31:09Z,2025-09-29T17:31:09Z,47,7,3,220,2,0,0
immich-app/immich,22360,closed,2025-09-24T14:53:29Z,2025-09-29T15:10:00Z,2025-09-29T15:10:00Z,156,73,14,568,1,0,0
immich-app/immich,22371,closed,2025-09-25T00:18:29Z,2025-09-29T14:53:41Z,2025-09-29T14:53:41Z,7628,16,9,599,2,0,0
immich-app/immich,22458,closed,2025-09-28T13:55:05Z,2025-09-29T09:11:47Z,,1,1,1,1531,3,0,0
immich-app/immich,22417,closed,2025-09-26T14:24:03Z,2025-09-28T08:41:45Z,,1,1,1,1345,2,0,0
immich-app/immich,22452,closed,2025-09-27T21:59:32Z,2025-09-28T02:29:29Z,2025-09-28T02:29:29Z,5,27,2,0,0,2,0
immich-app/immich,22454,closed,2025-09-28T00:08:13Z,2025-09-28T02:27:34Z,2025-09-28T02:27:34Z,33,15,1,0,0,1,0
immich-app/immich,21869,closed,2025-09-12T19:31:00Z,2025-09-28T01:21:39Z,2025-09-28T01:21:39Z,145,18,10,12,0,3,0
immich-app/immich,22311,closed,2025-09-23T04:53:55Z,2025-09-26T12:26:47Z,2025-09-26T12:26:47Z,12,12,9,3358,1,0,0
MunGell/awesome-for-beginners,1723,closed,2025-09-17T18:37:20Z,2025-09-19T12:08:26Z,,7,0,1,124,1,0,0
MunGell/awesome-for-beginners,1693,closed,2025-08-21T09:14:51Z,2025-09-22T16:29:13Z,,10,0,1,0,1,0,0
MunGell/awesome-for-beginners,1706,closed,2025-08-29T15:07:38Z,2025-09-03T16:33:49Z,,7,0,1,114,1,0,0
MunGell/awesome-for-beginners,1683,closed,2025-08-13T15:08:44Z,2025-08-18T10:46:51Z,2025-08-18T10:46:51Z,1,1,1,0,0,1,0
MunGell/awesome-for-beginners,1609,closed,2025-04-20T22:51:50Z,2025-06-29T19:09:20Z,2025-06-29T19:09:20Z,10,0,1,190,2,2,0
MunGell/awesome-for-beginners,1645,closed,2025-06-18T14:11:10Z,2025-06-27T18:27:21Z,2025-06-27T18:27:21Z,9,0,1,92,5,0,0
MunGell/awesome-for-beginners,1647,closed,2025-06-20T06:09:37Z,2025-06-27T18:36:50Z,,11,1,1,83,1,0,0
MunGell/awesome-for-beginners,1641,closed,2025-06-11T06:39:43Z,2025-06-13T18:51:28Z,2025-06-13T18:51:28Z,4,4,1,531,1,0,0
MunGell/awesome-for-beginners,1634,closed,2025-05-29T20:22:08Z,2025-06-13T19:00:07Z,2025-06-13T19:00:07Z,9,0,1,171,1,0,0
MunGell/awesome-for-beginners,1624,closed,2025-05-10T07:06:39Z,2025-06-12T07:28:57Z,,67,46,2,636,1,0,0
MunGell/awesome-for-beginners,1615,closed,2025-04-28T11:51:36Z,2025-05-26T22:28:54Z,2025-05-26T22:28:54Z,7,0,1,52,0,2,0
MunGell/awesome-for-beginners,1619,closed,2025-05-03T08:56:46Z,2025-05-10T07:03:18Z,,67,46,2,304,0,4,0
microsoft/ML-For-Beginners,871,closed,2025-09-13T05:49:30Z,2025-09-13T12:50:44Z,,1,1,1,0,1,0,0
microsoft/ML-For-Beginners,823,closed,2025-06-14T17:44:53Z,2025-08-22T08:40:50Z,,8,8,1,389,3,0,0
microsoft/ML-For-Beginners,683,closed,2023-10-05T04:06:15Z,2025-09-06T08:37:12Z,,8313,15478,2,35600,2,0,0
microsoft/ML-For-Beginners,772,closed,2024-10-24T23:21:40Z,2025-08-29T16:57:31Z,2025-08-29T16:57:31Z,243,162,2,15108,2,0,0
microsoft/ML-For-Beginners,748,closed,2024-06-18T05:07:43Z,2025-08-29T16:43:24Z,2025-08-29T16:43:24Z,34,28,1,3016,3,0,0
microsoft/ML-For-Beginners,790,closed,2025-02-14T18:38:03Z,2025-08-29T16:40:24Z,,1362,749,1,36713,1,0,0
microsoft/ML-For-Beginners,833,closed,2025-07-17T06:28:57Z,2025-08-29T16:10:18Z,,1,0,1,0,1,0,0
microsoft/ML-For-Beginners,824,closed,2025-06-16T13:29:08Z,2025-08-24T08:38:22Z,,2,0,1,38,1,0,0
microsoft/ML-For-Beginners,822,closed,2025-06-06T21:16:18Z,2025-08-14T08:43:11Z,,0,2230,1,0,1,0,0
microsoft/ML-For-Beginners,807,closed,2025-05-29T16:29:53Z,2025-08-05T08:45:02Z,,457,175,1,14232,2,0,0
microsoft/playwright,37671,closed,2025-10-01T20:31:43Z,2025-10-02T08:26:28Z,2025-10-02T08:26:28Z,1,1,1,0,3,0,0
microsoft/playwright,37673,closed,2025-10-01T21:15:56Z,2025-10-02T08:25:37Z,2025-10-02T08:25:37Z,1,1,1,0,3,0,0
microsoft/playwright,37665,closed,2025-10-01T16:03:39Z,2025-10-02T08:25:17Z,,1,1,1,0,3,0,0
microsoft/playwright,36710,closed,2025-07-18T09:32:02Z,2025-07-18T12:23:50Z,,27,0,3,714,4,0,0
microsoft/playwright,37674,closed,2025-10-01T21:33:06Z,2025-10-01T23:20:00Z,2025-10-01T23:20:00Z,172,167,27,0,4,0,0
microsoft/playwright,37636,closed,2025-09-29T14:37:10Z,2025-10-01T23:17:53Z,,2,0,1,271,2,0,0
microsoft/playwright,37668,closed,2025-10-01T19:35:43Z,2025-10-01T21:31:51Z,2025-10-01T21:31:51Z,135,22,6,0,2,0,0
microsoft/playwright,37659,closed,2025-10-01T02:36:52Z,2025-10-01T19:28:50Z,2025-10-01T19:28:50Z,69,84,4,0,0,1,0
microsoft/playwright,37667,closed,2025-10-01T17:02:17Z,2025-10-01T18:18:33Z,2025-10-01T18:18:33Z,0,6,1,212,2,0,0
microsoft/playwright,37649,closed,2025-09-30T13:40:47Z,2025-10-01T17:09:23Z,2025-10-01T17:09:23Z,2,47,2,1020,1,0,0
microsoft/playwright,37589,closed,2025-09-25T21:07:46Z,2025-10-01T15:51:57Z,,1,0,1,0,2,0,0
microsoft/playwright,37652,closed,2025-09-30T16:05:58Z,2025-10-01T13:39:16Z,,1,1,1,0,4,0,0
microsoft/playwright,37661,closed,2025-10-01T08:21:45Z,2025-10-01T11:27:07Z,2025-10-01T11:27:07Z,38,739,24,71,4,0,0
microsoft/playwright,37655,closed,2025-09-30T17:49:53Z,2025-09-30T23:00:00Z,2025-09-30T23:00:00Z,2,4,1,240,3,0,0
microsoft/playwright,37656,closed,2025-09-30T20:16:19Z,2025-09-30T22:25:23Z,2025-09-30T22:25:23Z,42,21,2,0,2,3,0
microsoft/playwright,37644,closed,2025-09-29T23:50:56Z,2025-09-30T20:30:53Z,2025-09-30T20:30:53Z,727,251,17,0,4,0,0
microsoft/playwright,37618,closed,2025-09-27T01:00:45Z,2025-09-30T20:31:18Z,2025-09-30T20:31:18Z,55,12,5,0,0,3,0
microsoft/playwright,37617,closed,2025-09-27T00:32:06Z,2025-09-30T19:57:00Z,2025-09-30T19:57:00Z,28,0,1,0,0,1,0
microsoft/playwright,37641,closed,2025-09-29T21:28:49Z,2025-09-30T19:40:26Z,,240,123,12,0,2,0,0
microsoft/playwright,37651,closed,2025-09-30T15:33:37Z,2025-09-30T17:14:44Z,2025-09-30T17:14:44Z,13,148,7,98,4,1,0
microsoft/playwright,37648,closed,2025-09-30T12:31:21Z,2025-09-30T17:40:16Z,2025-09-30T17:40:15Z,2,2,2,0,4,0,0
microsoft/playwright,37634,closed,2025-09-29T12:08:19Z,2025-09-30T17:06:41Z,2025-09-30T17:06:41Z,408,185,3,439,1,0,0
microsoft/playwright,37580,closed,2025-09-25T12:59:51Z,2025-09-30T15:06:49Z,2025-09-30T15:06:49Z,4,1,2,0,9,1,0
microsoft/playwright,37619,closed,2025-09-27T13:56:15Z,2025-09-30T12:11:13Z,2025-09-30T12:11:13Z,66,96,6,365,2,4,0
microsoft/playwright,37021,closed,2025-08-13T19:02:21Z,2025-08-13T20:35:21Z,2025-08-13T20:35:21Z,1,251,11,39,2,0,0
microsoft/playwright,37629,closed,2025-09-29T04:57:29Z,2025-09-29T12:43:41Z,,10,0,2,486,5,0,0
microsoft/playwright,37639,closed,2025-09-29T17:46:52Z,2025-09-29T22:38:11Z,2025-09-29T22:38:11Z,43,15,3,0,2,5,0
microsoft/playwright,37512,closed,2025-09-21T17:39:59Z,2025-09-29T21:27:45Z,2025-09-29T21:27:45Z,61,61,3,0,1,4,0
microsoft/playwright,37522,closed,2025-09-22T13:53:13Z,2025-09-29T18:05:50Z,2025-09-29T18:05:50Z,9,3,2,273,2,0,0
google-gemini/gemini-cli,10255,closed,2025-09-30T18:40:14Z,2025-10-02T02:44:53Z,,4931,3724,130,1678,1,1,0
google-gemini/gemini-cli,10378,closed,2025-10-01T22:30:37Z,2025-10-02T01:36:50Z,2025-10-02T01:36:50Z,71,4,6,574,2,2,0
google-gemini/gemini-cli,10192,closed,2025-09-29T21:24:29Z,2025-10-01T23:35:06Z,2025-10-01T23:35:06Z,1256,623,37,1395,1,54,0
google-gemini/gemini-cli,9284,closed,2025-09-24T02:17:37Z,2025-10-01T22:23:03Z,2025-10-01T22:23:03Z,125,39,2,776,2,9,0
google-gemini/gemini-cli,9285,closed,2025-09-24T02:26:20Z,2025-10-01T22:11:53Z,,546,72,2,1494,2,1,0
google-gemini/gemini-cli,10345,closed,2025-10-01T15:12:38Z,2025-10-01T22:03:21Z,2025-10-01T22:03:21Z,76,6,7,1382,3,4,0
google-gemini/gemini-cli,10280,closed,2025-10-01T01:14:30Z,2025-10-01T22:01:19Z,2025-10-01T22:01:19Z,597,359,13,1060,2,21,0
google-gemini/gemini-cli,10248,closed,2025-09-30T16:23:03Z,2025-10-01T21:36:34Z,2025-10-01T21:36:34Z,116,48,2,843,4,6,0
google-gemini/gemini-cli,6818,closed,2025-08-22T11:37:34Z,2025-09-17T00:14:03Z,,23,20,2,139,1,1,0
google-gemini/gemini-cli,9988,closed,2025-09-26T20:09:02Z,2025-10-01T20:55:55Z,2025-10-01T20:55:55Z,351,38,14,2883,2,8,0
google-gemini/gemini-cli,10343,closed,2025-10-01T14:43:28Z,2025-10-01T20:33:13Z,2025-10-01T20:33:13Z,517,28,6,2124,3,12,0
google-gemini/gemini-cli,10282,closed,2025-10-01T02:11:34Z,2025-10-01T20:30:16Z,2025-10-01T20:30:16Z,272,34,4,1519,1,1,0
tensorflow/models,13543,closed,2025-02-27T06:03:11Z,2025-04-22T16:26:35Z,,38,0,7,1752,3,0,0
tensorflow/models,13547,closed,2025-03-07T17:25:52Z,2025-04-09T17:15:06Z,,572,305,2,8715,1,0,0
tensorflow/models,11238,closed,2024-07-31T18:04:36Z,2025-03-07T17:25:57Z,,68,161,2,7995,1,0,0
tensorflow/models,13513,closed,2024-12-19T08:55:47Z,2025-03-05T04:52:31Z,2025-03-05T04:52:31Z,4,4,1,588,1,0,0
tensorflow/models,9600,closed,2021-01-01T23:44:10Z,2025-02-28T15:53:41Z,,1,1,1,38,2,0,0
tensorflow/models,13534,closed,2025-02-17T12:22:17Z,2025-02-18T17:05:56Z,2025-02-18T17:05:56Z,2,2,1,2018,1,0,0
tensorflow/models,13533,closed,2025-02-12T18:29:03Z,2025-02-17T21:28:18Z,,4,0,2,156,1,0,0
tensorflow/models,11488,closed,2024-11-28T08:37:28Z,2025-02-10T06:00:29Z,,2282,2282,3,1752,2,0,0
tensorflow/models,13491,closed,2024-12-11T00:11:31Z,2025-01-20T04:39:30Z,,2,2,1,870,4,0,0
tensorflow/models,10584,closed,2022-04-07T14:16:20Z,2025-01-20T04:31:03Z,,52,4,2,2153,3,8,0
tensorflow/models,11164,closed,2024-02-19T18:33:04Z,2025-01-17T16:42:48Z,,3,0,1,1061,1,0,0
tensorflow/models,11489,closed,2024-11-28T09:10:35Z,2025-01-10T15:20:51Z,2025-01-10T15:20:51Z,5,5,1,1752,1,0,0
tensorflow/models,11219,closed,2024-06-04T19:32:20Z,2025-01-07T17:54:12Z,2025-01-07T17:54:11Z,1,13,1,1032,1,2,0
tensorflow/models,11202,closed,2024-05-03T22:04:24Z,2024-11-26T11:57:27Z,,78,300,4,1752,1,0,0
tensorflow/models,11187,closed,2024-04-04T18:50:22Z,2024-10-23T18:06:53Z,2024-10-23T18:06:53Z,1,1,1,154,6,0,0
tensorflow/models,11244,closed,2024-07-31T18:57:17Z,2024-10-14T17:35:26Z,2024-10-14T17:35:26Z,2,2,1,73,1,0,0
tensorflow/models,11246,closed,2024-08-03T09:30:04Z,2024-10-08T21:02:08Z,,18,0,1,1050,2,0,0
tensorflow/models,11191,closed,2024-04-17T21:11:01Z,2024-10-03T23:51:10Z,2024-10-03T23:51:10Z,821,0,1,918,2,0,0
tensorflow/models,11178,closed,2024-03-01T07:44:33Z,2024-10-03T21:17:41Z,2024-10-03T21:17:41Z,14,13,11,136,1,0,0
tensorflow/models,11254,closed,2024-08-30T21:54:00Z,2024-10-02T23:05:50Z,,202,232,2,6449,1,0,0
DopplerHQ/awesome-interview-questions,261,closed,2022-07-04T06:23:31Z,2025-07-04T11:18:23Z,,8,0,1,89,2,0,0
DopplerHQ/awesome-interview-questions,315,closed,2024-05-13T05:05:09Z,2025-01-05T13:52:32Z,,1,0,1,383,3,0,0
DopplerHQ/awesome-interview-questions,201,closed,2020-07-25T17:21:53Z,2021-04-13T07:27:50Z,2021-04-13T07:27:50Z,2,0,1,0,1,0,0
DopplerHQ/awesome-interview-questions,252,closed,2021-11-21T04:12:31Z,2023-05-05T14:14:09Z,,3,1,2,66,4,0,0
DopplerHQ/awesome-interview-questions,235,closed,2021-06-08T16:28:34Z,2021-08-04T03:32:32Z,2021-08-04T03:32:32Z,4,0,1,119,0,2,0
DopplerHQ/awesome-interview-questions,202,closed,2020-08-12T05:46:49Z,2021-04-19T02:52:01Z,,4,0,1,40,1,4,0
DopplerHQ/awesome-interview-questions,158,closed,2019-05-20T21:09:32Z,2021-04-19T02:51:32Z,,1,0,1,37,2,0,0
DopplerHQ/awesome-interview-questions,197,closed,2020-07-07T12:34:20Z,2021-04-19T02:46:40Z,,1,0,1,83,1,0,0
DopplerHQ/awesome-interview-questions,199,closed,2020-07-24T08:28:05Z,2021-04-19T02:42:42Z,2021-04-19T02:42:42Z,1,0,1,0,2,0,0
DopplerHQ/awesome-interview-questions,203,closed,2020-08-14T04:24:06Z,2021-04-19T02:33:04Z,2021-04-19T02:33:04Z,2,0,1,77,0,1,0
DopplerHQ/awesome-interview-questions,212,closed,2020-09-30T20:57:51Z,2021-04-19T02:30:01Z,2021-04-19T02:30:01Z,7,7,1,0,0,1,0
DopplerHQ/awesome-interview-questions,214,closed,2020-10-01T17:39:08Z,2021-04-13T07:15:03Z,,1,0,1,40,2,0,0
DopplerHQ/awesome-interview-questions,215,closed,2020-10-01T17:54:32Z,2021-03-22T07:11:42Z,2021-03-22T07:11:42Z,0,1,1,67,1,0,0
DopplerHQ/awesome-interview-questions,196,closed,2020-05-19T19:12:23Z,2021-03-02T03:20:22Z,2021-03-02T03:20:22Z,0,4,1,505,3,0,0
DopplerHQ/awesome-interview-questions,198,closed,2020-07-15T15:38:09Z,2021-03-02T03:26:22Z,2021-03-02T03:26:22Z,1,0,1,53,1,0,0
DopplerHQ/awesome-interview-questions,174,closed,2019-10-24T16:16:16Z,2021-03-02T03:25:13Z,,1,0,1,0,2,0,0
DopplerHQ/awesome-interview-questions,165,closed,2019-10-02T11:08:19Z,2021-03-02T03:25:02Z,,1,0,1,0,1,0,0
DopplerHQ/awesome-interview-questions,146,closed,2019-01-20T03:40:58Z,2021-03-02T03:24:26Z,,1,0,1,253,2,0,0
DopplerHQ/awesome-interview-questions,138,closed,2019-01-08T18:24:14Z,2021-03-02T03:24:08Z,,9,0,1,40,1,0,0
DopplerHQ/awesome-interview-questions,120,closed,2018-09-30T18:12:44Z,2021-03-02T03:23:58Z,,1,0,1,0,2,0,0
DopplerHQ/awesome-interview-questions,191,closed,2020-03-02T18:51:07Z,2021-03-02T03:22:49Z,2021-03-02T03:22:49Z,1,0,1,76,1,0,0
DopplerHQ/awesome-interview-questions,216,closed,2020-10-02T05:22:12Z,2021-03-02T03:05:40Z,2021-03-02T03:05:39Z,3,0,1,35,2,0,0
DopplerHQ/awesome-interview-questions,217,closed,2020-10-03T14:48:37Z,2021-03-02T03:05:11Z,2021-03-02T03:05:11Z,1,1,1,77,1,0,0
DopplerHQ/awesome-interview-questions,224,closed,2021-02-03T07:52:57Z,2021-03-02T03:04:37Z,2021-03-02T03:04:37Z,2,0,1,0,1,0,0
DopplerHQ/awesome-interview-questions,218,closed,2020-10-14T08:20:10Z,2020-10-15T11:46:02Z,2020-10-15T11:46:02Z,1,1,1,73,2,0,0
DopplerHQ/awesome-interview-questions,176,closed,2019-10-26T08:18:07Z,2019-10-31T06:54:48Z,2019-10-31T06:54:47Z,0,2,1,122,1,0,0
DopplerHQ/awesome-interview-questions,175,closed,2019-10-24T22:41:02Z,2019-12-13T22:08:15Z,2019-12-13T22:08:15Z,2,1,1,76,1,0,0
DopplerHQ/awesome-interview-questions,181,closed,2019-11-16T05:41:30Z,2019-12-13T22:06:04Z,2019-12-13T22:06:04Z,1,0,1,0,1,0,0
DopplerHQ/awesome-interview-questions,168,closed,2019-10-04T13:51:38Z,2019-10-15T12:58:02Z,2019-10-15T12:58:02Z,2,0,1,0,1,3,0
ByteByteGoHq/system-design-101,23,closed,2023-10-21T18:10:11Z,2024-03-02T17:06:08Z,,93,132,1,427,1,5,0
ByteByteGoHq/system-design-101,33,closed,2023-10-23T05:02:26Z,2023-10-26T04:56:29Z,,0,0,0,0,3,0,0
ByteByteGoHq/system-design-101,10,closed,2023-10-19T18:31:07Z,2023-10-25T23:48:16Z,2023-10-25T23:48:16Z,2,2,1,591,2,0,0
ByteByteGoHq/system-design-101,25,closed,2023-10-22T03:14:26Z,2023-10-22T22:59:44Z,2023-10-22T22:59:44Z,4,4,1,55,0,2,0
ByteByteGoHq/system-design-101,22,closed,2023-10-21T16:53:36Z,2023-10-22T22:59:12Z,2023-10-22T22:59:12Z,6,6,1,39,0,2,0
ByteByteGoHq/system-design-101,11,closed,2023-10-19T18:39:15Z,2023-10-20T16:02:12Z,2023-10-20T16:02:12Z,1,1,1,25,1,0,0
ByteByteGoHq/system-design-101,6,closed,2023-10-18T03:23:56Z,2023-10-18T17:17:09Z,2023-10-18T17:17:09Z,20,13,1,0,0,4,0
ByteByteGoHq/system-design-101,7,closed,2023-10-18T14:10:03Z,2023-10-18T15:15:13Z,,16,9,1,97,1,0,0
nomic-ai/gpt4all,3356,closed,2025-01-01T08:24:43Z,2025-08-01T09:31:13Z,,3462,1,3,710,2,0,0
nomic-ai/gpt4all,3467,closed,2025-02-06T07:41:00Z,2025-02-21T01:44:28Z,2025-02-21T01:44:28Z,175,174,2,758,8,0,0
nomic-ai/gpt4all,3506,closed,2025-02-19T19:01:30Z,2025-02-24T19:59:53Z,2025-02-24T19:59:53Z,474,126,12,0,2,7,0
nomic-ai/gpt4all,2403,closed,2024-06-04T02:43:28Z,2025-02-24T19:31:00Z,,1125,892,28,1893,2,6,0
nomic-ai/gpt4all,3496,closed,2025-02-14T09:17:44Z,2025-02-18T16:47:39Z,2025-02-18T16:47:39Z,4,3,2,750,1,0,0
nomic-ai/gpt4all,3499,closed,2025-02-14T20:11:33Z,2025-02-19T16:27:06Z,2025-02-19T16:27:06Z,5,4,3,372,2,0,0
nomic-ai/gpt4all,3498,closed,2025-02-14T18:58:29Z,2025-02-18T18:59:51Z,2025-02-18T18:59:51Z,261,148,52,861,1,0,0
nomic-ai/gpt4all,3500,closed,2025-02-14T22:35:54Z,2025-02-18T17:02:14Z,2025-02-18T17:02:14Z,124,158,2,1081,1,0,0
nomic-ai/gpt4all,3471,closed,2025-02-06T22:23:55Z,2025-02-12T19:23:46Z,2025-02-12T19:23:46Z,88,1,2,1132,3,1,0
nomic-ai/gpt4all,3224,closed,2024-12-05T19:19:56Z,2024-12-09T19:33:29Z,,52,53,1,820,0,1,0
nomic-ai/gpt4all,3290,closed,2024-12-13T18:27:44Z,2024-12-19T21:06:23Z,,40,0,1,281,1,0,0
nomic-ai/gpt4all,3341,closed,2024-12-21T02:20:05Z,2025-01-07T22:58:05Z,,71,2,1,0,2,0,0
nomic-ai/gpt4all,959,closed,2023-06-12T19:33:56Z,2023-06-28T12:50:06Z,,34,32,1,762,1,0,0
nomic-ai/gpt4all,896,closed,2023-06-07T17:33:03Z,2024-03-06T18:49:41Z,,232,1,5,363,7,0,0
nomic-ai/gpt4all,990,closed,2023-06-15T09:03:30Z,2023-06-16T19:57:25Z,,152,161,23,263,1,0,0
nomic-ai/gpt4all,927,closed,2023-06-09T15:30:57Z,2023-11-21T15:48:14Z,,342,131,18,0,3,0,0
nomic-ai/gpt4all,1002,closed,2023-06-16T15:10:07Z,2023-06-16T18:13:37Z,,74,33,6,602,1,0,0
nomic-ai/gpt4all,992,closed,2023-06-15T11:52:31Z,2023-06-27T14:00:38Z,,55,55,5,787,4,0,0
nomic-ai/gpt4all,1081,closed,2023-06-28T00:43:52Z,2023-06-28T18:39:29Z,,1,1,1,545,1,0,0
nomic-ai/gpt4all,1057,closed,2023-06-25T13:53:39Z,2023-06-27T13:40:12Z,,24,0,1,157,2,0,0
nomic-ai/gpt4all,1161,closed,2023-07-10T15:05:43Z,2023-07-12T18:48:38Z,,435,138,23,725,3,0,0
nomic-ai/gpt4all,1205,closed,2023-07-14T15:17:59Z,2023-09-07T17:02:34Z,,42,36,7,575,1,0,0
nomic-ai/gpt4all,1383,closed,2023-08-30T14:40:37Z,2023-08-31T19:32:08Z,,616,87,21,0,1,7,0
nomic-ai/gpt4all,1439,closed,2023-09-18T23:00:15Z,2023-10-12T15:57:55Z,,48,4,9,2340,1,0,0
nomic-ai/gpt4all,1430,closed,2023-09-15T16:59:16Z,2023-09-18T20:30:13Z,,119,4,8,0,3,0,0
nomic-ai/gpt4all,1461,closed,2023-09-30T01:12:58Z,2023-10-11T17:56:43Z,,187,85,5,323,1,0,0
syncthing/syncthing,10416,closed,2025-09-29T13:18:47Z,2025-09-29T19:20:45Z,2025-09-29T19:20:45Z,17,61,1,239,3,0,0
syncthing/syncthing,5906,closed,2019-07-28T14:33:26Z,2019-07-30T13:23:01Z,2019-07-30T13:23:01Z,4,10,1,148,6,0,0
syncthing/syncthing,4889,closed,2018-04-18T16:07:40Z,2018-05-24T18:59:33Z,2018-05-24T18:59:33Z,8258,3802,59,279,11,4,0
syncthing/syncthing,5084,closed,2018-07-29T17:55:14Z,2018-08-25T10:36:11Z,2018-08-25T10:36:11Z,625,225,15,1148,27,56,0
syncthing/syncthing,5094,closed,2018-08-02T08:45:51Z,2018-08-13T07:14:04Z,2018-08-13T07:14:03Z,21,4,2,496,4,0,0
syncthing/syncthing,5263,closed,2018-10-11T11:54:10Z,2018-10-12T10:24:27Z,2018-10-12T10:24:27Z,4,27,4,65,4,0,0
syncthing/syncthing,5737,closed,2019-05-20T23:26:49Z,2019-05-29T07:56:41Z,2019-05-29T07:56:41Z,1290,128,32,362,59,45,0
syncthing/syncthing,5988,closed,2019-09-01T10:40:05Z,2020-02-04T07:02:33Z,,5,0,3,437,2,4,0
syncthing/syncthing,6244,closed,2019-12-28T15:50:30Z,2020-11-07T07:02:48Z,,114,1,5,2932,6,11,0
syncthing/syncthing,8757,closed,2023-01-23T13:12:42Z,2023-10-06T11:00:58Z,2023-10-06T11:00:58Z,651,212,12,799,65,132,0
syncthing/syncthing,9159,closed,2023-10-08T18:42:29Z,2023-10-10T05:48:36Z,2023-10-10T05:48:36Z,39,10,2,1764,9,3,0
syncthing/syncthing,10200,closed,2025-06-26T20:21:57Z,2025-06-28T08:59:50Z,2025-06-28T08:59:50Z,18,5,4,788,8,1,0
syncthing/syncthing,6588,closed,2020-04-29T08:26:06Z,2020-05-01T07:36:46Z,2020-05-01T07:36:46Z,24,17,4,104,3,1,0
syncthing/syncthing,6626,closed,2020-05-09T17:31:11Z,2020-05-10T15:10:13Z,,96,18,5,248,9,0,0
syncthing/syncthing,6441,closed,2020-03-22T09:10:22Z,2020-03-22T10:38:54Z,2020-03-22T10:38:54Z,3,6,1,104,1,0,0
syncthing/syncthing,6883,closed,2020-08-08T14:07:50Z,2020-08-18T07:26:34Z,2020-08-18T07:26:34Z,403,284,14,321,5,10,0
syncthing/syncthing,7794,closed,2021-06-26T15:25:44Z,2021-06-27T06:30:03Z,2021-06-27T06:30:02Z,45,47,1,426,2,0,0
syncthing/syncthing,8710,closed,2022-12-08T08:28:07Z,2022-12-21T21:01:00Z,2022-12-21T21:01:00Z,6,4,2,92,3,0,0
syncthing/syncthing,9231,closed,2023-11-17T09:56:43Z,2024-06-04T12:01:22Z,,79,16,2,68,3,0,0
syncthing/syncthing,10196,closed,2025-06-25T15:30:05Z,2025-06-25T18:18:12Z,2025-06-25T18:18:12Z,29,12,7,2396,4,4,0
syncthing/syncthing,10204,closed,2025-06-29T11:10:16Z,2025-07-02T18:40:38Z,2025-07-02T18:40:38Z,29,3,2,472,4,3,0
syncthing/syncthing,10211,closed,2025-07-06T19:56:21Z,2025-07-08T06:18:51Z,2025-07-08T06:18:51Z,55,15,7,332,5,0,0
syncthing/syncthing,10380,closed,2025-09-09T10:03:33Z,2025-09-09T12:34:12Z,2025-09-09T12:34:12Z,2,1,1,123,1,0,0
syncthing/syncthing,4999,closed,2018-06-10T21:45:28Z,2018-11-09T11:52:25Z,,969,4,15,824,23,9,0
syncthing/syncthing,5023,closed,2018-06-21T11:26:37Z,2018-12-17T07:02:09Z,,92,53,3,412,3,0,0
syncthing/syncthing,5405,closed,2018-12-25T13:44:33Z,2019-02-02T12:06:02Z,2019-02-02T12:06:02Z,59,56,2,520,15,0,0
syncthing/syncthing,5763,closed,2019-06-06T13:10:37Z,2019-06-06T14:57:39Z,2019-06-06T14:57:39Z,20,32,6,311,5,0,0
syncthing/syncthing,1804,closed,2015-05-12T18:55:31Z,2015-05-14T06:14:29Z,2015-05-14T06:14:29Z,246,61,10,194,47,40,0
syncthing/syncthing,5852,closed,2019-07-12T18:13:43Z,2019-07-23T19:48:54Z,2019-07-23T19:48:54Z,129,27,12,1018,9,21,0
syncthing/syncthing,6158,closed,2019-11-15T02:38:50Z,2020-02-15T07:02:29Z,,20,1,2,470,13,0,0
syncthing/syncthing,4942,closed,2018-05-11T09:33:26Z,2018-05-13T07:58:01Z,2018-05-13T07:58:01Z,18,15,5,713,8,1,0
syncthing/syncthing,8709,closed,2022-12-07T22:42:50Z,2022-12-08T13:35:53Z,,5,0,1,1,3,0,0
syncthing/syncthing,10398,closed,2025-09-17T20:56:15Z,2025-09-19T05:17:10Z,2025-09-19T05:17:10Z,6,2,1,648,5,1,0
syncthing/syncthing,10396,closed,2025-09-17T20:11:45Z,2025-09-18T12:46:07Z,,340,340,62,546,1,0,0
syncthing/syncthing,10397,closed,2025-09-17T20:44:58Z,2025-09-18T12:22:35Z,2025-09-18T12:22:35Z,7,5,1,1684,3,0,0
syncthing/syncthing,10395,closed,2025-09-16T08:15:53Z,2025-09-16T16:01:18Z,2025-09-16T16:01:18Z,7,6,1,334,1,0,0
syncthing/syncthing,10351,closed,2025-09-04T06:24:43Z,2025-09-13T14:16:29Z,2025-09-13T14:16:28Z,447,421,8,563,1,0,0
clash-verge-rev/clash-verge-rev,4890,closed,2025-09-28T13:23:14Z,2025-09-30T06:19:49Z,2025-09-30T06:19:49Z,27,23,8,0,2,0,0
clash-verge-rev/clash-verge-rev,4842,closed,2025-09-23T13:09:32Z,2025-09-28T11:51:25Z,2025-09-28T11:51:25Z,6,6,1,9715,1,0,0
clash-verge-rev/clash-verge-rev,4879,closed,2025-09-27T16:02:46Z,2025-09-28T07:50:36Z,,53,9,5,385,0,2,0
clash-verge-rev/clash-verge-rev,4883,closed,2025-09-28T05:03:05Z,2025-09-28T07:18:11Z,,1,0,1,0,1,0,0
clash-verge-rev/clash-verge-rev,4859,closed,2025-09-26T08:29:39Z,2025-09-27T11:38:51Z,2025-09-27T11:38:51Z,241,196,9,1210,4,0,0
clash-verge-rev/clash-verge-rev,4856,closed,2025-09-25T12:17:45Z,2025-09-27T10:49:01Z,,46,48,4,25,1,0,0
clash-verge-rev/clash-verge-rev,4833,closed,2025-09-22T17:33:49Z,2025-09-24T00:42:15Z,2025-09-24T00:42:15Z,3,2,2,656,1,0,0
clash-verge-rev/clash-verge-rev,4795,closed,2025-09-18T11:21:37Z,2025-09-24T00:38:07Z,2025-09-24T00:38:07Z,22,17,1,5,6,1,0
clash-verge-rev/clash-verge-rev,4815,closed,2025-09-20T20:21:34Z,2025-09-21T01:45:26Z,2025-09-21T01:45:26Z,53,22,1,154,0,3,0
clash-verge-rev/clash-verge-rev,4788,closed,2025-09-17T18:15:38Z,2025-09-18T02:22:43Z,2025-09-18T02:22:43Z,66,315,9,180,1,0,0
clash-verge-rev/clash-verge-rev,4689,closed,2025-09-08T14:04:50Z,2025-09-09T16:38:09Z,2025-09-09T16:38:09Z,782,794,51,404,6,0,0
clash-verge-rev/clash-verge-rev,4674,closed,2025-09-07T14:01:43Z,2025-09-17T14:59:02Z,2025-09-17T14:59:02Z,772,1377,20,0,7,0,0
clash-verge-rev/clash-verge-rev,4753,closed,2025-09-15T02:12:25Z,2025-09-15T04:29:30Z,2025-09-15T04:29:30Z,1,0,3,84,1,0,0
clash-verge-rev/clash-verge-rev,4698,closed,2025-09-09T13:32:18Z,2025-09-13T02:56:07Z,2025-09-13T02:56:07Z,0,0,2,93,5,0,0
MisterBooo/LeetCodeAnimation,145,closed,2023-08-14T12:14:00Z,2023-12-14T19:49:41Z,,9,0,1,70,7,0,0
MisterBooo/LeetCodeAnimation,85,closed,2020-05-08T13:15:22Z,2020-05-09T00:51:42Z,2020-05-09T00:51:42Z,68,0,3,0,1,0,0
MisterBooo/LeetCodeAnimation,28,closed,2019-06-19T15:35:36Z,2019-06-21T03:43:36Z,,2,3,1,0,2,0,0
fighting41love/funNLP,78,closed,2022-09-05T05:44:21Z,2023-05-16T00:54:39Z,,1,0,1,638,2,0,0
fighting41love/funNLP,53,closed,2020-12-22T20:11:32Z,2022-09-03T08:52:58Z,,3,0,1,0,1,0,0
fighting41love/funNLP,52,closed,2020-10-02T02:52:31Z,2022-09-03T08:52:23Z,,36,0,3,33,1,0,0
fighting41love/funNLP,48,closed,2020-08-29T14:58:56Z,2022-09-03T08:52:11Z,,301,1,1,0,1,0,0
fighting41love/funNLP,45,closed,2020-08-03T18:11:00Z,2022-09-03T08:51:10Z,2022-09-03T08:51:10Z,1,1,1,7,1,0,0
fighting41love/funNLP,21,closed,2019-07-14T19:52:58Z,2020-01-08T10:38:42Z,,142,1,1,0,1,0,0
fighting41love/funNLP,20,closed,2019-07-12T11:33:16Z,2019-07-18T08:06:35Z,2019-07-18T08:06:35Z,2,1,1,152,2,0,0
fighting41love/funNLP,18,closed,2019-05-31T00:54:18Z,2019-06-03T01:11:34Z,2019-06-03T01:11:34Z,4,1,1,34,6,0,0
fighting41love/funNLP,12,closed,2019-01-26T01:48:22Z,2019-01-26T12:13:55Z,2019-01-26T12:13:55Z,2,0,1,0,1,0,0
fighting41love/funNLP,3,closed,2018-11-10T22:44:40Z,2018-11-12T01:55:08Z,,5,3,1,0,1,0,0
anuraghazra/github-readme-stats,4468,closed,2025-09-29T02:19:13Z,2025-10-01T19:20:32Z,2025-10-01T19:20:32Z,157,303,8,318,3,1,0
anuraghazra/github-readme-stats,4490,closed,2025-10-01T14:01:21Z,2025-10-01T20:40:26Z,2025-10-01T20:40:26Z,5,5,1,0,2,0,0
anuraghazra/github-readme-stats,4488,closed,2025-10-01T04:31:24Z,2025-10-01T20:35:45Z,2025-10-01T20:35:45Z,6,6,1,79,2,2,0
anuraghazra/github-readme-stats,3987,closed,2024-10-13T01:04:25Z,2025-10-01T20:17:57Z,2025-10-01T20:17:57Z,23,0,2,108,2,2,0
anuraghazra/github-readme-stats,3958,closed,2024-09-30T17:15:08Z,2025-10-01T19:56:59Z,2025-10-01T19:56:59Z,23,0,2,97,3,0,0
anuraghazra/github-readme-stats,4345,closed,2025-07-24T16:13:58Z,2025-10-01T19:41:08Z,2025-10-01T19:41:08Z,13,6,1,483,2,2,0
anuraghazra/github-readme-stats,3845,closed,2024-07-15T02:13:29Z,2025-09-30T21:15:08Z,,1,1,1,272,1,0,0
anuraghazra/github-readme-stats,4482,closed,2025-09-30T18:11:37Z,2025-09-30T20:56:07Z,,1099,0,5,131,1,0,0
anuraghazra/github-readme-stats,1333,closed,2021-09-28T05:49:23Z,2025-09-30T20:47:33Z,,16,16,1,0,1,0,0
anuraghazra/github-readme-stats,3957,closed,2024-09-29T11:07:03Z,2025-09-30T20:43:58Z,2025-09-30T20:43:58Z,23,0,2,0,2,1,0
anuraghazra/github-readme-stats,3800,closed,2024-06-10T12:45:45Z,2025-09-30T20:01:52Z,2025-09-30T20:01:52Z,23,0,2,66,2,2,0
anuraghazra/github-readme-stats,3962,closed,2024-10-01T07:25:00Z,2025-09-30T16:28:36Z,,32,26,2,1479,2,0,0
anuraghazra/github-readme-stats,4134,closed,2025-02-05T17:37:04Z,2025-09-29T20:46:11Z,2025-09-29T20:46:11Z,25,2,2,25,2,1,0
anuraghazra/github-readme-stats,4457,closed,2025-09-22T18:21:33Z,2025-09-26T15:51:55Z,2025-09-26T15:51:55Z,2,2,2,3412,1,0,0
anuraghazra/github-readme-stats,4456,closed,2025-09-22T18:19:52Z,2025-09-26T15:48:50Z,2025-09-26T15:48:50Z,165,267,2,17138,1,0,0
anuraghazra/github-readme-stats,4453,closed,2025-09-22T18:17:24Z,2025-09-26T15:45:15Z,2025-09-26T15:45:15Z,8,8,2,7854,1,0,0
anuraghazra/github-readme-stats,4455,closed,2025-09-22T18:19:18Z,2025-09-26T15:42:23Z,2025-09-26T15:42:23Z,10,10,2,16834,1,0,0
anuraghazra/github-readme-stats,4454,closed,2025-09-22T18:17:53Z,2025-09-26T15:39:24Z,2025-09-26T15:39:24Z,26,8,2,15540,1,0,0
anuraghazra/github-readme-stats,1022,closed,2021-04-26T19:29:51Z,2025-09-25T19:49:35Z,,5,15,1,0,1,0,0
anuraghazra/github-readme-stats,1034,closed,2021-04-29T23:03:12Z,2025-09-25T19:46:14Z,,2,2,1,88,1,0,0
anuraghazra/github-readme-stats,4461,closed,2025-09-24T07:37:33Z,2025-09-24T19:52:32Z,,7,0,1,371,3,0,0
anuraghazra/github-readme-stats,3961,closed,2024-10-01T06:24:43Z,2025-09-24T23:12:29Z,,32,26,2,1346,2,0,0
anuraghazra/github-readme-stats,4448,closed,2025-09-19T18:08:30Z,2025-09-24T20:21:26Z,2025-09-24T20:21:26Z,33,9,3,1106,3,1,0
anuraghazra/github-readme-stats,4462,closed,2025-09-24T10:39:37Z,2025-09-24T20:03:55Z,,4,3,2,0,1,0,0
anuraghazra/github-readme-stats,4452,closed,2025-09-21T00:43:26Z,2025-09-24T19:55:50Z,2025-09-24T19:55:49Z,45,1,2,92,2,1,0
ruanyf/weekly,5920,closed,2025-01-13T03:04:17Z,2025-01-15T15:40:40Z,,6,0,1,23,1,0,0
ruanyf/weekly,5177,closed,2024-09-20T01:41:25Z,2024-09-20T03:06:37Z,2024-09-20T03:06:37Z,1,1,1,8,1,0,0
ruanyf/weekly,4733,closed,2024-06-28T07:04:51Z,2024-06-28T10:50:05Z,,18,18,1,7,1,0,0
ruanyf/weekly,4729,closed,2024-06-28T01:45:59Z,2024-06-28T10:45:53Z,2024-06-28T10:45:53Z,1,1,1,8,1,0,0
ruanyf/weekly,4680,closed,2024-06-21T00:32:09Z,2024-06-21T05:34:37Z,2024-06-21T05:34:37Z,1,1,1,10,1,0,0
ruanyf/weekly,3933,closed,2024-01-19T04:51:00Z,2024-01-20T01:25:29Z,,2,2,1,9,2,0,0
ruanyf/weekly,3711,closed,2023-12-05T03:35:29Z,2023-12-05T09:06:31Z,2023-12-05T09:06:31Z,1,1,1,11,1,0,0
ruanyf/weekly,2855,closed,2023-01-18T12:39:55Z,2023-01-19T16:46:25Z,2023-01-19T16:46:25Z,1,1,1,417,1,0,0
ruanyf/weekly,2850,closed,2023-01-15T06:38:38Z,2023-01-15T14:14:57Z,2023-01-15T14:14:57Z,2,2,1,0,1,0,0
ruanyf/weekly,2710,closed,2022-10-28T03:50:43Z,2022-10-28T10:17:59Z,,0,4,1,126,4,0,0
ruanyf/weekly,2689,closed,2022-10-17T07:03:40Z,2022-10-17T09:04:15Z,,201,199,8,123,1,0,0
ruanyf/weekly,2451,closed,2022-06-15T08:07:04Z,2022-06-22T03:25:21Z,,67,0,4,106,3,0,0
ruanyf/weekly,1893,closed,2021-08-13T13:05:02Z,2021-08-14T13:01:48Z,,1,1,1,10,1,0,0
ruanyf/weekly,1863,closed,2021-07-23T02:48:03Z,2021-07-23T07:56:28Z,,1,1,1,197,2,0,0
ruanyf/weekly,1705,closed,2021-03-29T16:04:52Z,2021-04-03T08:17:44Z,2021-04-03T08:17:44Z,7,7,3,8,1,0,0
ruanyf/weekly,1560,closed,2020-12-18T09:03:12Z,2020-12-19T13:11:52Z,2020-12-19T13:11:52Z,1,1,1,111,1,0,0
ruanyf/weekly,1410,closed,2020-09-13T03:34:15Z,2020-09-15T03:39:23Z,2020-09-15T03:39:23Z,1,1,1,0,1,0,0
netdata/netdata,21084,closed,2025-10-01T21:30:32Z,2025-10-02T05:49:38Z,2025-10-02T05:49:37Z,30,10,1,378,0,1,0
netdata/netdata,21051,closed,2025-09-25T15:15:56Z,2025-10-01T11:42:58Z,2025-10-01T11:42:58Z,1,1,1,1483,1,0,0
netdata/netdata,21081,closed,2025-10-01T01:40:11Z,2025-10-01T12:47:53Z,2025-10-01T12:47:53Z,12,15,2,1235,0,4,0
netdata/netdata,20821,closed,2025-08-14T12:15:44Z,2025-10-01T11:08:22Z,2025-10-01T11:08:22Z,99,103,8,1424,1,1,0
netdata/netdata,20981,closed,2025-09-14T21:26:14Z,2025-09-15T05:25:21Z,2025-09-15T05:25:21Z,52,2,1,1467,0,3,0
netdata/netdata,20903,closed,2025-08-29T20:59:04Z,2025-09-30T16:02:52Z,,5,12,1,7041,1,0,0
netdata/netdata,21067,closed,2025-09-29T12:28:11Z,2025-09-30T15:36:14Z,2025-09-30T15:36:14Z,361,748,52,211,0,6,0
netdata/netdata,21070,closed,2025-09-29T19:17:12Z,2025-09-30T11:23:01Z,2025-09-30T11:23:01Z,9,2,2,1139,10,3,0
netdata/netdata,21068,closed,2025-09-29T12:36:19Z,2025-09-29T14:16:15Z,2025-09-29T14:16:15Z,1,0,1,42,7,0,0
netdata/netdata,20990,closed,2025-09-16T12:17:48Z,2025-09-29T12:19:49Z,2025-09-29T12:19:49Z,404,48,11,2065,4,12,0
netdata/netdata,21064,closed,2025-09-28T13:15:06Z,2025-09-28T14:28:51Z,2025-09-28T14:28:51Z,99,30,9,1267,0,2,0
netdata/netdata,20572,closed,2025-06-24T21:14:39Z,2025-09-28T15:05:37Z,,106949,127,353,54,5,0,0
netdata/netdata,21063,closed,2025-09-27T15:59:59Z,2025-09-27T19:51:19Z,,3,3,2,7752,1,0,0
netdata/netdata,21062,closed,2025-09-27T12:00:30Z,2025-09-27T13:07:04Z,2025-09-27T13:07:04Z,412,1204,26,860,0,5,0
netdata/netdata,21056,closed,2025-09-26T11:12:48Z,2025-09-26T13:46:11Z,2025-09-26T13:46:11Z,207,669,13,973,0,3,0
netdata/netdata,21054,closed,2025-09-26T10:05:42Z,2025-09-26T11:06:15Z,2025-09-26T11:06:15Z,114,73,7,1288,0,1,0
netdata/netdata,21043,closed,2025-09-24T08:34:49Z,2025-09-25T18:59:37Z,2025-09-25T18:59:37Z,685,447,16,21,2,4,0
netdata/netdata,21049,closed,2025-09-25T12:06:54Z,2025-09-25T16:28:03Z,2025-09-25T16:28:03Z,31,3,2,1142,0,1,0
FortAwesome/Font-Awesome,20726,closed,2025-07-24T09:24:50Z,2025-07-24T14:27:19Z,2025-07-24T14:27:19Z,2,2,1,306,1,0,0
FortAwesome/Font-Awesome,20793,closed,2025-09-08T19:19:37Z,2025-09-09T15:26:09Z,,21,0,1,317,0,3,0
FortAwesome/Font-Awesome,20557,closed,2025-02-08T18:12:23Z,2025-08-02T07:38:34Z,,1,1,1,284,5,0,0
FortAwesome/Font-Awesome,15677,closed,2019-10-11T12:01:42Z,2025-05-01T18:23:49Z,,2,0,1,306,6,0,0
FortAwesome/Font-Awesome,20295,closed,2024-07-15T16:32:22Z,2024-07-16T17:13:31Z,2024-07-16T17:13:31Z,87418,76050,5579,0,1,2,0
FortAwesome/Font-Awesome,20483,closed,2024-11-27T18:24:14Z,2024-12-17T15:23:30Z,,1,1,1,748,1,0,0
FortAwesome/Font-Awesome,20378,closed,2024-10-09T15:01:22Z,2024-11-23T21:40:52Z,,13487,10676,11,921,3,0,0
FortAwesome/Font-Awesome,20432,closed,2024-11-22T16:01:58Z,2024-11-22T18:04:16Z,2024-11-22T18:04:16Z,1,1,1,306,1,0,0
FortAwesome/Font-Awesome,15674,closed,2019-10-10T23:39:40Z,2024-09-30T14:22:54Z,,1,1,1,306,3,0,0
FortAwesome/Font-Awesome,15651,closed,2019-10-04T07:19:22Z,2024-09-25T05:44:20Z,,1,1,1,306,1,0,0
FortAwesome/Font-Awesome,19117,closed,2022-06-10T14:41:24Z,2024-07-31T15:00:41Z,,10,4,3,492,3,0,0
FortAwesome/Font-Awesome,19578,closed,2023-02-24T11:00:59Z,2024-07-21T09:54:56Z,,9,51,12,306,1,0,0
louislam/uptime-kuma,6156,closed,2025-10-01T07:40:10Z,2025-10-01T17:20:32Z,2025-10-01T17:20:32Z,20,467,3,2012,3,0,0
louislam/uptime-kuma,6125,closed,2025-09-17T13:01:15Z,2025-09-30T10:50:37Z,2025-09-30T10:50:37Z,627,80,75,2037,9,10,0
louislam/uptime-kuma,6150,closed,2025-09-29T06:52:24Z,2025-09-29T12:11:58Z,2025-09-29T12:11:58Z,136,0,6,2325,1,1,0
louislam/uptime-kuma,6137,closed,2025-09-25T04:39:19Z,2025-09-25T10:17:31Z,,170,715,16,3698,2,0,0
louislam/uptime-kuma,6135,closed,2025-09-23T20:49:47Z,2025-09-24T07:08:57Z,2025-09-24T07:08:57Z,87,0,6,1600,0,2,0
louislam/uptime-kuma,5489,closed,2025-01-01T21:05:08Z,2025-05-18T20:35:55Z,2025-05-18T20:35:55Z,70,3,7,1028,4,5,0
louislam/uptime-kuma,6122,closed,2025-09-14T17:45:29Z,2025-09-14T19:31:26Z,,7,5,1,1988,2,0,0
louislam/uptime-kuma,6114,closed,2025-09-08T19:59:31Z,2025-09-09T08:09:35Z,,537,5,4,4169,3,0,0
louislam/uptime-kuma,6113,closed,2025-09-07T14:28:45Z,2025-09-09T08:09:04Z,2025-09-09T08:09:04Z,14,11,1,2881,1,1,0
louislam/uptime-kuma,6111,closed,2025-09-06T17:51:36Z,2025-09-06T21:14:12Z,2025-09-06T21:14:12Z,1,0,1,120,0,1,0
louislam/uptime-kuma,6080,closed,2025-08-23T15:13:25Z,2025-08-25T00:31:30Z,2025-08-25T00:31:30Z,1,0,1,4358,2,0,0
louislam/uptime-kuma,6076,closed,2025-08-22T13:49:43Z,2025-08-30T10:24:15Z,,102,29,4,1066,4,1,0
louislam/uptime-kuma,5948,closed,2025-06-23T14:26:44Z,2025-09-05T05:01:18Z,2025-09-05T05:01:18Z,203,45,3,654,3,1,0
louislam/uptime-kuma,6101,closed,2025-09-04T10:04:31Z,2025-09-04T12:03:36Z,2025-09-04T12:03:36Z,2,0,1,1931,1,0,0
louislam/uptime-kuma,6100,closed,2025-09-03T18:49:54Z,2025-09-04T09:51:38Z,,150,384,2,1923,4,0,0
vitejs/vite,20865,closed,2025-10-01T05:11:49Z,2025-10-02T02:10:57Z,2025-10-02T02:10:57Z,2,2,2,112,2,0,0
vitejs/vite,20847,closed,2025-09-26T18:05:28Z,2025-10-02T04:43:22Z,2025-10-02T04:43:22Z,12,3,2,2033,1,6,0
vitejs/vite,20869,closed,2025-10-01T18:42:01Z,2025-10-02T04:41:58Z,,12,20,2,334,2,0,0
vitejs/vite,20866,closed,2025-10-01T06:26:12Z,2025-10-02T03:39:54Z,2025-10-02T03:39:54Z,32,1,3,892,3,4,0
vitejs/vite,20808,closed,2025-09-20T13:03:53Z,2025-10-01T11:46:32Z,2025-10-01T11:46:32Z,27,1,4,1546,3,2,0
vitejs/vite,3671,closed,2021-06-04T01:53:24Z,2025-10-01T11:45:18Z,,63,14,3,1129,20,2,0
vitejs/vite,4679,closed,2021-08-21T16:29:02Z,2025-10-01T11:22:30Z,,78,21,3,1245,6,0,0
vitejs/vite,2808,closed,2021-03-31T15:18:14Z,2025-10-01T07:44:57Z,,200,11,8,1267,9,5,0
vitejs/vite,20837,closed,2025-09-25T00:03:13Z,2025-09-30T23:52:08Z,2025-09-30T23:52:08Z,6,0,1,1004,2,0,0
vitejs/vite,18653,closed,2024-11-13T08:14:21Z,2025-09-25T08:03:33Z,,26,1,1,634,1,4,0
vitejs/vite,18642,closed,2024-11-11T17:33:55Z,2025-09-25T08:00:32Z,2025-09-25T08:00:32Z,12,6,12,50,7,0,0
vitejs/vite,20830,closed,2025-09-24T01:49:43Z,2025-09-25T00:42:24Z,2025-09-25T00:42:24Z,63,13,8,4670,2,0,0
vitejs/vite,20747,closed,2025-09-10T13:37:12Z,2025-09-24T11:00:57Z,2025-09-24T11:00:57Z,10,1,2,83,1,2,0
vitejs/vite,18678,closed,2024-11-15T13:57:33Z,2025-09-24T02:10:13Z,,3,2,1,1004,2,0,0
vitejs/vite,19005,closed,2024-12-18T20:35:54Z,2025-09-24T02:04:12Z,,1,0,1,969,7,0,0
vitejs/vite,19228,closed,2025-01-19T10:59:16Z,2025-09-24T02:01:45Z,,104,157,15,1214,7,0,0
vitejs/vite,19642,closed,2025-03-15T10:36:55Z,2025-09-24T01:56:21Z,,0,26,1,359,5,0,0
vitejs/vite,20478,closed,2025-07-25T21:15:00Z,2025-09-24T01:35:39Z,,15,2,1,1024,1,2,0
vitejs/vite,2576,closed,2021-03-18T07:36:38Z,2021-03-23T09:49:36Z,,6,2,1,0,5,2,0
vitejs/vite,20826,closed,2025-09-23T10:43:50Z,2025-09-23T14:00:06Z,2025-09-23T14:00:06Z,6,5,1,1393,4,3,0
vitejs/vite,20810,closed,2025-09-22T00:47:24Z,2025-09-23T05:26:18Z,2025-09-23T05:26:18Z,95,284,4,32816,1,0,0
vitejs/vite,20821,closed,2025-09-23T03:45:04Z,2025-09-23T04:46:34Z,2025-09-23T04:46:33Z,24,12,1,1035,2,0,0
vitejs/vite,20819,closed,2025-09-23T03:27:03Z,2025-09-23T04:45:55Z,,5,1,1,1004,2,1,0
typicode/json-server,1650,closed,2025-09-15T08:03:33Z,2025-09-15T12:28:23Z,2025-09-15T12:28:23Z,2,0,1,982,1,0,0
typicode/json-server,1639,closed,2025-05-12T08:34:27Z,2025-09-01T16:27:16Z,2025-09-01T16:27:16Z,20,15,1,2077,1,0,0
typicode/json-server,1640,closed,2025-05-12T13:12:55Z,2025-09-01T16:19:35Z,,277,1485,25,0,1,0,0
typicode/json-server,1645,closed,2025-08-05T23:47:35Z,2025-09-01T16:16:38Z,,24,0,3,0,1,0,0
typicode/json-server,1488,closed,2024-01-14T14:07:10Z,2024-02-17T12:53:32Z,,31,3,2,208,2,0,0
typicode/json-server,1597,closed,2024-08-12T23:54:51Z,2024-08-19T13:15:05Z,,9,3,1,414,2,0,0
typicode/json-server,1552,closed,2024-05-30T05:52:57Z,2024-06-03T11:22:40Z,2024-06-03T11:22:40Z,1,1,1,0,1,0,0
typicode/json-server,1511,closed,2024-01-31T07:15:06Z,2024-01-31T12:38:08Z,2024-01-31T12:38:08Z,4,0,1,104,1,7,0
typicode/json-server,1507,closed,2024-01-29T07:38:41Z,2024-01-30T13:02:57Z,2024-01-30T13:02:57Z,1,1,1,0,1,0,0
typicode/json-server,1505,closed,2024-01-27T22:19:48Z,2024-01-28T14:24:17Z,,3,3,1,70,4,0,0
typicode/json-server,1487,closed,2024-01-13T20:40:09Z,2024-01-13T23:00:02Z,,4,0,1,127,2,0,0
typicode/json-server,1478,closed,2024-01-10T12:10:59Z,2024-01-10T20:47:32Z,2024-01-10T20:47:32Z,3,0,1,873,1,0,0
typicode/json-server,1174,closed,2020-09-16T17:43:22Z,2024-01-09T15:30:09Z,,35,8,5,1709,3,0,0
typicode/json-server,1442,closed,2023-08-09T06:53:02Z,2023-12-30T13:55:56Z,,3783,4292,1,526,1,0,0
typicode/json-server,626,closed,2017-08-31T13:27:11Z,2023-11-27T21:53:43Z,,1469,41,8,123,2,0,0
typicode/json-server,451,closed,2017-01-09T13:37:36Z,2023-11-27T21:53:42Z,,6,5,3,973,3,0,0
elastic/elasticsearch,135776,closed,2025-10-01T13:54:35Z,2025-10-01T15:30:35Z,2025-10-01T15:30:35Z,50,4,4,499,8,4,0
elastic/elasticsearch,135788,closed,2025-10-01T16:50:11Z,2025-10-02T08:26:36Z,2025-10-02T08:26:36Z,74,12,1,247,5,0,0
elastic/elasticsearch,134788,closed,2025-09-16T09:18:47Z,2025-10-02T08:26:46Z,2025-10-02T08:26:46Z,179,0,1,389,1,2,0
elastic/elasticsearch,132817,closed,2025-08-13T13:51:42Z,2025-10-02T08:08:38Z,,39,38,6,0,2,0,0
elastic/elasticsearch,130893,closed,2025-07-09T09:54:28Z,2025-10-02T07:59:21Z,,237,179,26,258,10,11,0
elastic/elasticsearch,135632,closed,2025-09-29T14:26:21Z,2025-10-02T07:53:11Z,2025-10-02T07:53:11Z,46,0,2,649,1,8,0
hoppscotch/hoppscotch,5418,closed,2025-09-30T06:17:46Z,2025-09-30T12:13:13Z,2025-09-30T12:13:13Z,24,53,2,164,0,2,0
hoppscotch/hoppscotch,4785,closed,2025-02-25T01:20:35Z,2025-09-29T10:05:48Z,,107,1,5,1286,3,0,0
hoppscotch/hoppscotch,5409,closed,2025-09-27T14:14:12Z,2025-09-29T07:59:58Z,2025-09-29T07:59:58Z,16,11,4,857,0,1,0
hoppscotch/hoppscotch,5412,closed,2025-09-29T06:52:37Z,2025-09-29T07:55:40Z,2025-09-29T07:55:40Z,32,29,12,120,0,1,0
hoppscotch/hoppscotch,5184,closed,2025-06-22T01:38:37Z,2025-09-26T12:23:19Z,2025-09-26T12:23:19Z,35,6,2,1329,6,8,0
hoppscotch/hoppscotch,5403,closed,2025-09-25T06:42:46Z,2025-09-26T06:52:11Z,2025-09-26T06:52:11Z,2,6,4,613,1,0,0
hoppscotch/hoppscotch,5401,closed,2025-09-24T11:51:35Z,2025-09-25T15:33:14Z,2025-09-25T15:33:14Z,52,49,7,369,0,1,0
hoppscotch/hoppscotch,5388,closed,2025-09-17T06:55:01Z,2025-09-24T11:39:55Z,2025-09-24T11:39:55Z,10494,822,76,13316,0,11,0
hoppscotch/hoppscotch,5397,closed,2025-09-22T09:16:02Z,2025-09-24T03:43:51Z,2025-09-24T03:43:51Z,3,3,1,1610,0,1,0
hoppscotch/hoppscotch,5394,closed,2025-09-21T14:14:26Z,2025-09-23T11:44:29Z,2025-09-23T11:44:29Z,76,15,8,4796,0,6,0
hoppscotch/hoppscotch,5383,closed,2025-09-10T15:05:01Z,2025-09-23T09:16:23Z,2025-09-23T09:16:23Z,3476,339,63,4260,0,19,0
hoppscotch/hoppscotch,5249,closed,2025-07-15T16:20:42Z,2025-09-22T13:36:40Z,2025-09-22T13:36:40Z,340,58,19,1693,11,25,0
hoppscotch/hoppscotch,5381,closed,2025-09-09T06:17:06Z,2025-09-22T09:25:53Z,2025-09-22T09:25:53Z,56,19,3,2729,0,6,0
hoppscotch/hoppscotch,5384,closed,2025-09-11T02:52:50Z,2025-09-18T08:43:33Z,2025-09-18T08:43:33Z,316,0,9,1257,1,5,0
hoppscotch/hoppscotch,3715,closed,2024-01-03T17:16:49Z,2024-01-24T03:12:53Z,,17,27,13,1621,3,0,0
hoppscotch/hoppscotch,5156,closed,2025-06-16T11:51:46Z,2025-09-09T14:00:53Z,,46,19,3,1528,1,0,0
hoppscotch/hoppscotch,5370,closed,2025-09-02T12:34:39Z,2025-09-08T10:56:55Z,2025-09-08T10:56:55Z,7,7,2,269,5,2,0
hoppscotch/hoppscotch,5325,closed,2025-08-12T17:28:50Z,2025-08-22T09:09:43Z,2025-08-22T09:09:43Z,2688,765,77,641,2,37,0
hoppscotch/hoppscotch,5368,closed,2025-09-02T08:23:38Z,2025-09-02T09:50:03Z,2025-09-02T09:50:03Z,58,35,3,263,0,1,0
hoppscotch/hoppscotch,5348,closed,2025-08-25T11:01:26Z,2025-08-26T11:54:24Z,2025-08-26T11:54:24Z,610,539,18,532,1,9,0
hoppscotch/hoppscotch,5287,closed,2025-07-29T00:02:49Z,2025-08-27T07:35:37Z,2025-08-27T07:35:37Z,1676,1396,9,1907,1,19,0
hoppscotch/hoppscotch,5350,closed,2025-08-26T15:45:08Z,2025-08-27T04:38:12Z,2025-08-27T04:38:12Z,17,13,2,75,0,7,0
hoppscotch/hoppscotch,5323,closed,2025-08-12T10:44:14Z,2025-08-18T16:22:18Z,2025-08-18T16:22:18Z,12,2,2,303,0,3,0
hoppscotch/hoppscotch,5228,closed,2025-07-07T20:48:55Z,2025-08-28T04:31:30Z,,39,15,1,724,13,2,0
hoppscotch/hoppscotch,5338,closed,2025-08-19T04:47:54Z,2025-08-27T08:03:28Z,2025-08-27T08:03:28Z,1763,1438,36,1602,1,18,0
hoppscotch/hoppscotch,5211,closed,2025-06-30T06:12:46Z,2025-08-27T04:54:21Z,2025-08-27T04:54:21Z,1559,51,15,334,0,2,0
hoppscotch/hoppscotch,5341,closed,2025-08-21T04:29:17Z,2025-08-26T15:18:31Z,2025-08-26T15:18:31Z,2909,1022,44,18842,0,10,0
hoppscotch/hoppscotch,5349,closed,2025-08-25T17:34:49Z,2025-08-26T09:26:48Z,2025-08-26T09:26:48Z,1080,1381,13,1028,0,2,0
hoppscotch/hoppscotch,5347,closed,2025-08-23T09:31:52Z,2025-08-26T09:04:25Z,2025-08-26T09:04:25Z,139,0,1,634,3,3,0
hoppscotch/hoppscotch,5330,closed,2025-08-14T12:34:01Z,2025-08-26T05:41:02Z,,6,1,1,881,1,1,0
unionlabs/union,5214,closed,2025-10-01T20:29:42Z,2025-10-01T21:44:55Z,2025-10-01T21:44:55Z,6,1,2,0,2,0,0
unionlabs/union,5209,closed,2025-09-29T11:37:51Z,2025-10-01T10:25:17Z,2025-10-01T10:25:17Z,18,3,3,0,1,0,0
unionlabs/union,5183,closed,2025-09-23T11:17:04Z,2025-09-30T10:56:10Z,2025-09-30T10:56:10Z,25,31856,334,0,1,0,0
unionlabs/union,5208,closed,2025-09-29T10:59:58Z,2025-09-29T13:02:25Z,2025-09-29T13:02:24Z,178,18,2,131,2,0,0
unionlabs/union,5191,closed,2025-09-25T02:54:33Z,2025-09-29T12:00:46Z,2025-09-29T12:00:46Z,772,70,18,0,1,0,0
unionlabs/union,5206,closed,2025-09-28T15:43:31Z,2025-09-29T11:46:21Z,2025-09-29T11:46:21Z,669,329,10,0,1,0,0
unionlabs/union,5207,closed,2025-09-29T09:17:17Z,2025-09-29T11:36:56Z,2025-09-29T11:36:56Z,2,2,1,0,1,0,0
unionlabs/union,5205,closed,2025-09-27T20:00:57Z,2025-09-28T09:52:48Z,,1,1,1,143,1,0,0
unionlabs/union,5182,closed,2025-09-22T23:01:50Z,2025-09-26T19:27:55Z,2025-09-26T19:27:55Z,560,8,4,58,2,15,0
unionlabs/union,5150,closed,2025-09-12T10:13:41Z,2025-09-26T09:48:46Z,2025-09-26T09:48:46Z,8508,4760,88,0,5,0,0
unionlabs/union,5179,closed,2025-09-22T11:35:07Z,2025-09-25T16:06:25Z,2025-09-25T16:06:25Z,2,2,1,0,1,0,0
unionlabs/union,5192,closed,2025-09-25T14:16:33Z,2025-09-25T15:49:06Z,2025-09-25T15:49:06Z,143,3,4,0,1,0,0
unionlabs/union,5175,closed,2025-09-19T21:15:15Z,2025-09-25T13:40:50Z,2025-09-25T13:40:50Z,4840,37,29,0,1,1,0
unionlabs/union,5190,closed,2025-09-25T02:28:31Z,2025-09-25T09:53:57Z,2025-09-25T09:53:57Z,2,2,1,0,2,0,0
unionlabs/union,5178,closed,2025-09-21T18:32:59Z,2025-09-25T02:28:14Z,,1,0,1,0,1,0,0
unionlabs/union,5177,closed,2025-09-21T18:12:16Z,2025-09-25T02:27:55Z,,1,0,1,0,1,0,0
unionlabs/union,5189,closed,2025-09-24T17:43:21Z,2025-09-24T23:06:13Z,2025-09-24T23:06:13Z,2,2,1,0,1,0,0
unionlabs/union,5188,closed,2025-09-24T14:45:43Z,2025-09-24T17:43:10Z,2025-09-24T17:43:09Z,33,26,3,0,2,0,0
unionlabs/union,5187,closed,2025-09-24T11:45:50Z,2025-09-24T13:03:05Z,2025-09-24T13:03:05Z,26,33,3,0,2,0,0
unionlabs/union,5181,closed,2025-09-22T21:19:28Z,2025-09-23T13:52:49Z,2025-09-23T13:52:49Z,1,1,1,0,1,0,0
unionlabs/union,5180,closed,2025-09-22T20:29:40Z,2025-09-23T09:10:32Z,2025-09-23T09:10:32Z,134,130,12,0,5,0,0
unionlabs/union,5171,closed,2025-09-18T16:04:18Z,2025-09-20T08:05:39Z,2025-09-20T08:05:39Z,262,208,17,0,1,0,0
unionlabs/union,5173,closed,2025-09-19T07:54:00Z,2025-09-19T09:12:36Z,2025-09-19T09:12:36Z,63,52,13,0,1,0,0
unionlabs/union,5165,closed,2025-09-17T13:17:13Z,2025-09-18T11:54:55Z,2025-09-18T11:54:55Z,10,6,3,0,2,0,0
unionlabs/union,4644,closed,2025-06-02T20:09:13Z,2025-09-17T16:59:18Z,2025-09-17T16:59:18Z,7216,3266,70,0,2,7,0
rasbt/LLMs-from-scratch,859,closed,2025-09-30T15:04:11Z,2025-10-01T15:47:11Z,,54,44,3,542,8,0,0
rasbt/LLMs-from-scratch,862,closed,2025-10-01T13:43:28Z,2025-10-01T15:47:04Z,2025-10-01T15:47:04Z,26,2,1,0,1,0,0
rasbt/LLMs-from-scratch,858,closed,2025-09-30T12:01:04Z,2025-09-30T16:18:03Z,2025-09-30T16:18:03Z,5,5,4,207,1,0,0
rasbt/LLMs-from-scratch,849,closed,2025-09-27T02:38:47Z,2025-09-27T03:42:44Z,2025-09-27T03:42:44Z,35,2,8,121,1,0,0
rasbt/LLMs-from-scratch,828,closed,2025-09-15T14:57:51Z,2025-09-17T13:14:11Z,2025-09-17T13:14:11Z,125,15,7,920,19,1,0
rasbt/LLMs-from-scratch,830,closed,2025-09-16T02:19:39Z,2025-09-16T03:23:34Z,2025-09-16T03:23:34Z,11,11,11,45,1,0,0
rasbt/LLMs-from-scratch,820,closed,2025-09-13T16:40:24Z,2025-09-13T17:48:06Z,2025-09-13T17:48:06Z,834,813,2,12,1,0,0
rasbt/LLMs-from-scratch,819,closed,2025-09-13T02:48:31Z,2025-09-13T16:48:59Z,,128,110,2,321,2,0,0
rasbt/LLMs-from-scratch,403,closed,2024-10-17T16:16:23Z,2024-10-19T21:10:31Z,,2,0,1,210,16,0,0
rasbt/LLMs-from-scratch,810,closed,2025-09-06T15:25:47Z,2025-09-06T16:46:50Z,2025-09-06T16:46:50Z,49,16,4,0,1,0,0
rasbt/LLMs-from-scratch,811,closed,2025-09-06T15:56:10Z,2025-09-06T17:04:47Z,2025-09-06T17:04:47Z,12,12,5,0,1,0,0
rasbt/LLMs-from-scratch,802,closed,2025-09-02T04:34:18Z,2025-09-02T15:14:36Z,2025-09-02T15:14:36Z,4,1,1,1763,2,0,0
rasbt/LLMs-from-scratch,799,closed,2025-08-30T14:04:41Z,2025-08-31T16:46:36Z,2025-08-31T16:46:36Z,22,12,2,8,1,0,0
rasbt/LLMs-from-scratch,788,closed,2025-08-22T16:38:22Z,2025-08-22T20:03:47Z,2025-08-22T20:03:47Z,7,6,3,187,1,0,0
rasbt/LLMs-from-scratch,781,closed,2025-08-20T07:13:46Z,2025-08-22T20:12:26Z,2025-08-22T20:12:26Z,1,1,1,50,2,0,0
rasbt/LLMs-from-scratch,771,closed,2025-08-17T00:54:36Z,2025-08-17T13:23:06Z,2025-08-17T13:23:05Z,1394,0,8,0,1,0,0
junegunn/fzf,3359,closed,2023-07-09T05:45:11Z,2025-10-01T03:11:56Z,,2,0,1,441,1,0,0
junegunn/fzf,4518,closed,2025-09-11T09:39:19Z,2025-09-29T09:11:19Z,2025-09-29T09:11:19Z,6,11,3,157,1,2,0
junegunn/fzf,4525,closed,2025-09-21T08:47:21Z,2025-09-24T13:41:54Z,2025-09-24T13:41:54Z,319,240,16,1918,15,9,0
junegunn/fzf,4528,closed,2025-09-23T10:31:17Z,2025-09-23T14:33:41Z,2025-09-23T14:33:41Z,3,0,1,557,1,0,0
junegunn/fzf,4531,closed,2025-09-26T18:32:12Z,2025-09-27T00:01:13Z,2025-09-27T00:01:13Z,1,1,1,11,1,0,0
junegunn/fzf,4526,closed,2025-09-21T09:22:42Z,2025-09-24T13:43:35Z,,221,212,8,104,1,0,0
junegunn/fzf,4501,closed,2025-08-24T06:41:24Z,2025-09-17T10:38:50Z,2025-09-17T10:38:49Z,21,12,4,660,9,3,0
junegunn/fzf,4492,closed,2025-08-16T12:50:05Z,2025-08-17T02:54:32Z,2025-08-17T02:54:32Z,1,1,1,473,6,0,0
junegunn/fzf,3996,closed,2024-09-13T12:29:58Z,2025-09-05T05:56:51Z,2025-09-05T05:56:51Z,1228,117,9,756,25,13,0
junegunn/fzf,3997,closed,2024-09-13T12:36:20Z,2025-09-05T10:38:22Z,2025-09-05T10:38:22Z,221,145,5,612,4,2,0
junegunn/fzf,4484,closed,2025-08-11T18:13:47Z,2025-09-05T05:40:35Z,,4,4,2,3876,1,0,0
junegunn/fzf,4486,closed,2025-08-11T20:07:04Z,2025-09-05T05:40:33Z,,7,7,2,3922,1,0,0
junegunn/fzf,4508,closed,2025-09-02T22:07:22Z,2025-09-04T13:04:53Z,2025-09-04T13:04:52Z,6,6,4,459,2,0,0
junegunn/fzf,4507,closed,2025-08-28T06:06:17Z,2025-08-31T13:01:35Z,2025-08-31T13:01:35Z,2,2,1,170,1,0,0
junegunn/fzf,4400,closed,2025-05-24T19:13:15Z,2025-08-22T10:24:44Z,,21,14,3,303,2,0,0
junegunn/fzf,4495,closed,2025-08-19T05:53:45Z,2025-08-19T14:25:57Z,2025-08-19T14:25:57Z,1,1,1,113,1,0,0
junegunn/fzf,4496,closed,2025-08-19T06:40:09Z,2025-08-19T14:31:03Z,2025-08-19T14:31:03Z,2,2,1,0,1,0,0
junegunn/fzf,4488,closed,2025-08-13T05:49:01Z,2025-08-15T12:16:42Z,2025-08-15T12:16:42Z,3,3,1,49,1,5,0
junegunn/fzf,4490,closed,2025-08-13T14:16:15Z,2025-08-14T04:26:29Z,2025-08-14T04:26:29Z,1,1,1,32,1,0,0
junegunn/fzf,4455,closed,2025-07-14T16:38:06Z,2025-08-11T20:07:08Z,,7,7,2,3376,1,0,0
junegunn/fzf,4454,closed,2025-07-14T16:37:14Z,2025-08-11T18:13:51Z,,4,4,2,3922,1,0,0
junegunn/fzf,4377,closed,2025-05-09T06:45:58Z,2025-05-10T06:29:27Z,2025-05-10T06:29:27Z,3,3,1,736,4,2,0
junegunn/fzf,4468,closed,2025-07-24T17:28:26Z,2025-07-25T08:33:18Z,2025-07-25T08:33:18Z,11,11,5,2054,8,4,0
junegunn/fzf,4451,closed,2025-07-10T10:37:23Z,2025-07-22T10:46:19Z,,2,1,1,609,1,0,0
junegunn/fzf,4384,closed,2025-05-12T13:30:45Z,2025-07-14T16:38:10Z,,7,7,2,3229,1,0,0
junegunn/fzf,4385,closed,2025-05-12T13:33:56Z,2025-07-14T16:37:18Z,,4,4,2,3954,1,0,0
junegunn/fzf,4305,closed,2025-03-10T13:24:40Z,2025-05-12T13:34:00Z,,3,3,2,2382,1,0,0
junegunn/fzf,4444,closed,2025-07-03T06:15:31Z,2025-07-04T02:08:36Z,,1,0,1,81,3,0,0
junegunn/fzf,4442,closed,2025-07-01T20:01:25Z,2025-07-02T12:40:40Z,,1,1,1,800,6,0,0
junegunn/fzf,4433,closed,2025-06-24T11:52:00Z,2025-06-25T01:31:46Z,,2,2,1,309,1,0,0
junegunn/fzf,4393,closed,2025-05-19T13:51:43Z,2025-06-23T15:28:12Z,,3,3,2,4641,1,0,0
coder/code-server,7449,closed,2025-08-01T11:18:15Z,2025-10-01T11:03:08Z,,26,456,2,11859,1,0,0
coder/code-server,7495,closed,2025-09-18T05:55:24Z,2025-09-19T18:01:30Z,2025-09-19T18:01:30Z,2,2,2,19,2,0,0
coder/code-server,7488,closed,2025-09-11T17:59:48Z,2025-09-12T20:41:54Z,2025-09-12T20:41:54Z,57,57,15,54,5,0,0
coder/code-server,7479,closed,2025-09-06T09:33:23Z,2025-09-11T22:26:49Z,2025-09-11T22:26:49Z,2,1,1,640,4,0,0
coder/code-server,7173,closed,2025-01-19T23:59:54Z,2025-08-04T19:37:32Z,,77,3,6,54,5,2,0
coder/code-server,7143,closed,2024-12-29T04:49:53Z,2025-01-20T00:00:22Z,,257,5,15,13,1,24,0
coder/code-server,7459,closed,2025-08-15T14:00:16Z,2025-08-15T20:31:17Z,2025-08-15T20:31:17Z,1,1,1,16,1,0,0
coder/code-server,7458,closed,2025-08-08T04:52:51Z,2025-08-09T01:10:23Z,2025-08-09T01:10:23Z,27,27,16,56,1,0,0
coder/code-server,7422,closed,2025-07-15T20:41:26Z,2025-08-05T02:36:37Z,,25,9,2,23623,1,0,0
coder/code-server,7407,closed,2025-07-01T12:34:16Z,2025-08-04T20:46:32Z,2025-08-04T20:46:32Z,7,9,5,8044,1,0,0
coder/code-server,7327,closed,2025-04-26T03:23:49Z,2025-08-04T19:38:32Z,,69,31,5,24,1,7,0
coder/code-server,7175,closed,2025-01-20T02:43:54Z,2025-08-04T19:38:09Z,,208,3,9,13,1,0,0
coder/code-server,7177,closed,2025-01-21T00:53:45Z,2025-08-04T19:37:44Z,,40,1,4,411,3,0,0
coder/code-server,7334,closed,2025-05-01T11:38:04Z,2025-08-01T11:18:17Z,,26,456,2,11058,1,0,0
coder/code-server,7436,closed,2025-07-23T17:47:37Z,2025-07-24T20:07:28Z,2025-07-24T20:07:28Z,1,1,1,19,2,0,0
coder/code-server,7328,closed,2025-04-26T19:07:00Z,2025-07-23T19:58:55Z,,71,31,4,413,1,0,0
coder/code-server,7405,closed,2025-07-01T11:59:40Z,2025-07-15T20:41:22Z,,15,4,1,26044,1,0,0
coder/code-server,7374,closed,2025-06-12T17:19:56Z,2025-07-15T20:38:27Z,2025-07-15T20:38:27Z,471,23,8,2747,6,19,0
coder/code-server,7418,closed,2025-07-11T05:01:08Z,2025-07-15T20:04:46Z,2025-07-15T20:04:46Z,53,63,14,56,9,0,0
sdmg15/Best-websites-a-programmer-should-visit,1932,closed,2024-09-08T16:51:34Z,2024-09-11T13:15:28Z,2024-09-11T13:15:28Z,1,0,1,508,2,0,0
sdmg15/Best-websites-a-programmer-should-visit,240,closed,2017-09-14T19:16:15Z,2017-09-14T20:38:07Z,2017-09-14T20:38:07Z,6,0,1,42,0,4,0
sdmg15/Best-websites-a-programmer-should-visit,2003,closed,2024-10-30T21:12:20Z,2025-06-02T12:14:09Z,,37,0,1,738,1,0,0
sdmg15/Best-websites-a-programmer-should-visit,1984,closed,2024-10-16T17:41:17Z,2025-05-03T10:05:20Z,,4,3,1,614,1,0,0
sdmg15/Best-websites-a-programmer-should-visit,1312,closed,2022-10-01T18:43:19Z,2025-04-29T10:09:15Z,,2,0,1,157,1,0,0
sdmg15/Best-websites-a-programmer-should-visit,1712,closed,2023-10-02T12:22:11Z,2025-02-25T12:17:33Z,,2,0,1,1375,3,0,0
sdmg15/Best-websites-a-programmer-should-visit,1681,closed,2023-09-28T18:18:30Z,2024-12-15T22:36:34Z,,14,13,1,580,1,0,0
sdmg15/Best-websites-a-programmer-should-visit,1983,closed,2024-10-16T15:26:48Z,2024-10-19T12:05:11Z,2024-10-19T12:05:11Z,2,0,1,634,1,0,0
sdmg15/Best-websites-a-programmer-should-visit,1578,closed,2022-10-23T11:01:04Z,2024-11-21T03:54:07Z,,3,1,1,576,1,0,0
sdmg15/Best-websites-a-programmer-should-visit,1576,closed,2022-10-23T09:22:47Z,2024-11-21T03:54:06Z,,1,0,1,623,1,0,0
hacksider/Deep-Live-Cam,1387,closed,2025-06-27T17:09:09Z,2025-09-13T20:50:51Z,,1,1,1,138,1,1,0
hacksider/Deep-Live-Cam,1494,closed,2025-09-09T22:08:51Z,2025-09-10T02:37:12Z,,1,1,1,128,4,0,0
hacksider/Deep-Live-Cam,1435,closed,2025-08-06T13:43:58Z,2025-08-07T18:26:51Z,2025-08-07T18:26:51Z,1,0,1,143,5,0,0
hacksider/Deep-Live-Cam,1275,closed,2025-05-13T19:17:53Z,2025-08-07T18:29:47Z,,12,2,2,445,1,1,0
hacksider/Deep-Live-Cam,1376,closed,2025-06-20T18:52:08Z,2025-08-04T14:50:59Z,,88,23,3,783,1,2,0
hacksider/Deep-Live-Cam,1361,closed,2025-06-17T04:08:14Z,2025-06-21T08:30:01Z,,1,1,1,4471,2,0,0
hacksider/Deep-Live-Cam,1340,closed,2025-06-08T21:51:22Z,2025-06-10T17:57:42Z,,147,413,5,831,2,5,0
hacksider/Deep-Live-Cam,1335,closed,2025-06-07T09:33:42Z,2025-06-07T11:44:02Z,,1,0,1,102,1,0,0
hacksider/Deep-Live-Cam,1332,closed,2025-06-04T05:40:24Z,2025-06-04T07:11:45Z,,132,14,6,767,1,5,0
hacksider/Deep-Live-Cam,1327,closed,2025-05-31T16:42:07Z,2025-06-01T04:05:04Z,2025-06-01T04:05:04Z,4,1,1,1068,1,1,0
hacksider/Deep-Live-Cam,1324,closed,2025-05-30T20:35:53Z,2025-05-31T04:42:33Z,,1,1,1,2226,2,0,0
hacksider/Deep-Live-Cam,1307,closed,2025-05-25T05:52:19Z,2025-05-28T02:39:02Z,2025-05-28T02:39:02Z,45,0,1,122,1,0,0
hacksider/Deep-Live-Cam,1310,closed,2025-05-25T19:38:03Z,2025-05-25T21:04:03Z,2025-05-25T21:04:03Z,45,0,1,150,1,0,0
hacksider/Deep-Live-Cam,1284,closed,2025-05-16T03:36:42Z,2025-05-18T17:33:20Z,2025-05-18T17:33:20Z,45,0,1,138,1,0,0
hacksider/Deep-Live-Cam,1291,closed,2025-05-18T05:36:14Z,2025-05-18T17:33:53Z,2025-05-18T17:33:53Z,45,0,1,170,1,0,0
hacksider/Deep-Live-Cam,1281,closed,2025-05-14T22:26:29Z,2025-05-18T17:31:00Z,2025-05-18T17:31:00Z,46,0,1,110,1,0,0
hacksider/Deep-Live-Cam,1232,closed,2025-05-07T11:31:30Z,2025-05-12T07:14:32Z,2025-05-12T07:14:32Z,57,11,3,276,1,0,0
hacksider/Deep-Live-Cam,1210,closed,2025-05-05T13:01:16Z,2025-05-12T07:14:59Z,2025-05-12T07:14:58Z,18,0,1,1828,3,9,0
hacksider/Deep-Live-Cam,1224,closed,2025-05-06T12:42:10Z,2025-05-07T02:57:39Z,,1,1,1,315,3,0,0
hacksider/Deep-Live-Cam,1218,closed,2025-05-05T22:15:42Z,2025-05-05T23:18:35Z,,1,0,1,226,3,0,0
vuejs/awesome-vue,4287,closed,2025-08-12T13:01:27Z,2025-09-12T08:29:20Z,2025-09-12T08:29:19Z,1,0,1,1864,2,0,0
vuejs/awesome-vue,4290,closed,2025-08-22T11:32:10Z,2025-09-10T19:23:47Z,,1,0,1,1864,1,0,0
vuejs/awesome-vue,4295,closed,2025-09-08T08:52:08Z,2025-09-10T19:16:17Z,2025-09-10T19:16:17Z,1,0,1,1864,1,0,0
vuejs/awesome-vue,4270,closed,2025-06-09T21:00:20Z,2025-06-11T10:16:08Z,2025-06-11T10:16:08Z,3,4,1,2078,1,0,0
vuejs/awesome-vue,4264,closed,2025-05-27T08:43:14Z,2025-06-07T10:09:48Z,2025-06-07T10:09:48Z,1,0,1,1907,2,0,0
vuejs/awesome-vue,4265,closed,2025-05-30T13:23:48Z,2025-06-07T09:19:26Z,2025-06-07T09:19:26Z,1,0,1,1864,1,0,0
vuejs/awesome-vue,4262,closed,2025-05-22T02:53:54Z,2025-06-07T09:19:15Z,2025-06-07T09:19:15Z,2,0,1,1864,1,0,0
vuejs/awesome-vue,4252,closed,2025-04-13T02:11:39Z,2025-04-16T15:38:54Z,2025-04-16T15:38:54Z,2,0,1,1943,3,0,0
vuejs/awesome-vue,4251,closed,2025-04-08T10:32:20Z,2025-04-08T22:08:31Z,2025-04-08T22:08:31Z,1,1,1,1864,1,0,0
vuejs/awesome-vue,4242,closed,2025-03-07T12:16:48Z,2025-03-19T07:02:44Z,2025-03-19T07:02:44Z,1,0,1,1994,5,0,0
nestjs/nest,15711,closed,2025-10-01T22:24:18Z,2025-10-02T08:12:56Z,2025-10-02T08:12:56Z,2,2,2,1677,2,0,0
nestjs/nest,15710,closed,2025-10-01T10:56:55Z,2025-10-02T08:12:08Z,2025-10-02T08:12:08Z,3,3,3,3678,1,0,0
nestjs/nest,15715,closed,2025-10-02T00:02:32Z,2025-10-02T08:12:34Z,2025-10-02T08:12:34Z,54,72,2,7607,1,0,0
nestjs/nest,15713,closed,2025-10-02T00:01:24Z,2025-10-02T08:12:24Z,2025-10-02T08:12:24Z,13,13,2,2256,1,0,0
nestjs/nest,15716,closed,2025-10-02T00:02:58Z,2025-10-02T08:11:59Z,2025-10-02T08:11:59Z,16,5,2,5295,1,0,0
nestjs/nest,15698,closed,2025-10-01T00:02:52Z,2025-10-01T10:55:26Z,2025-10-01T10:55:26Z,63,63,2,4822,1,0,0
nestjs/nest,15695,closed,2025-09-30T09:35:33Z,2025-10-01T09:44:37Z,,1,1,1,2112,2,0,0
nestjs/nest,15704,closed,2025-10-01T00:04:38Z,2025-10-01T09:42:45Z,2025-10-01T09:42:45Z,10,22,2,4767,1,0,0
nestjs/nest,15702,closed,2025-10-01T00:04:27Z,2025-10-01T09:37:39Z,,1,1,1,3223,2,0,0
nestjs/nest,15703,closed,2025-10-01T00:04:37Z,2025-10-01T09:34:43Z,2025-10-01T09:34:43Z,1,1,1,3923,1,0,0
nestjs/nest,15706,closed,2025-10-01T03:05:33Z,2025-10-01T09:37:37Z,,73,73,37,7108,2,0,0
nestjs/nest,15697,closed,2025-10-01T00:02:22Z,2025-10-01T09:35:24Z,2025-10-01T09:35:24Z,9,22,2,8345,1,0,0
nestjs/nest,15696,closed,2025-10-01T00:01:51Z,2025-10-01T09:35:14Z,2025-10-01T09:35:14Z,9,22,2,5540,1,0,0
nestjs/nest,15699,closed,2025-10-01T00:03:15Z,2025-10-01T09:35:08Z,2025-10-01T09:35:08Z,9,22,2,6973,1,0,0
nestjs/nest,15700,closed,2025-10-01T00:03:45Z,2025-10-01T09:35:01Z,2025-10-01T09:35:01Z,17,30,2,4578,1,0,0
nestjs/nest,15701,closed,2025-10-01T00:04:12Z,2025-10-01T09:34:54Z,2025-10-01T09:34:54Z,13,26,2,2256,1,0,0
nestjs/nest,15694,closed,2025-09-30T09:35:13Z,2025-10-01T09:26:55Z,2025-10-01T09:26:55Z,36,36,36,1663,1,0,0
nestjs/nest,15684,closed,2025-09-26T00:05:13Z,2025-09-30T09:35:57Z,,1,1,1,2458,2,0,0
nestjs/nest,15693,closed,2025-09-30T08:17:25Z,2025-09-30T09:33:12Z,2025-09-30T09:33:12Z,1,1,1,1147,1,0,0
nestjs/nest,15692,closed,2025-09-30T08:17:20Z,2025-09-30T09:33:19Z,2025-09-30T09:33:19Z,1,1,1,1143,1,0,0
nestjs/nest,15679,closed,2025-09-26T00:01:41Z,2025-09-30T09:33:03Z,2025-09-30T09:33:03Z,92,91,2,6893,1,0,0
nestjs/nest,15676,closed,2025-09-24T21:36:42Z,2025-09-30T08:13:45Z,2025-09-30T08:13:45Z,3,3,3,2152,2,0,0
nestjs/nest,15633,closed,2025-09-16T10:21:44Z,2025-09-30T08:14:01Z,2025-09-30T08:14:01Z,73,73,37,7803,2,0,0
nestjs/nest,15683,closed,2025-09-26T00:04:27Z,2025-09-30T08:13:25Z,2025-09-30T08:13:25Z,1,1,1,6235,2,0,0
nestjs/nest,15649,closed,2025-09-18T17:16:35Z,2025-09-30T08:13:15Z,2025-09-30T08:13:15Z,1,1,1,2753,2,0,0
nestjs/nest,15687,closed,2025-09-29T00:02:14Z,2025-09-30T08:14:12Z,,6,58,2,8224,1,0,0
nestjs/nest,15680,closed,2025-09-26T00:02:05Z,2025-09-30T08:13:01Z,2025-09-30T08:13:01Z,358,298,2,2195,1,0,0
nestjs/nest,15682,closed,2025-09-26T00:03:02Z,2025-09-30T08:12:36Z,2025-09-30T08:12:35Z,9,9,2,6992,1,0,0
nestjs/nest,15688,closed,2025-09-29T00:02:40Z,2025-09-30T08:12:30Z,2025-09-30T08:12:30Z,12,12,2,14345,1,0,0
nestjs/nest,15690,closed,2025-09-30T01:49:45Z,2025-09-30T08:11:47Z,2025-09-30T08:11:46Z,5,5,2,6847,1,0,0
nestjs/nest,15691,closed,2025-09-30T03:31:10Z,2025-09-30T08:11:38Z,2025-09-30T08:11:38Z,11,9,2,10568,1,0,0
nestjs/nest,15686,closed,2025-09-29T00:01:49Z,2025-09-30T03:31:13Z,,11,9,2,10454,2,0,0
nestjs/nest,15665,closed,2025-09-23T00:02:31Z,2025-09-30T01:49:49Z,,89,168,2,6889,1,0,0
nestjs/nest,15681,closed,2025-09-26T00:02:22Z,2025-09-29T00:02:43Z,,12,12,2,10352,2,0,0
nestjs/nest,15678,closed,2025-09-25T09:04:58Z,2025-09-25T11:01:37Z,2025-09-25T11:01:37Z,1,1,1,5009,1,0,0
nestjs/nest,15674,closed,2025-09-24T00:05:05Z,2025-09-24T10:35:13Z,,1,1,1,2866,2,0,0
nestjs/nest,15667,closed,2025-09-23T00:03:19Z,2025-09-24T10:29:14Z,2025-09-24T10:29:14Z,38,38,36,5473,2,0,0
d2l-ai/d2l-zh,1235,closed,2022-12-29T08:00:49Z,2025-05-27T06:51:22Z,,92,2,1,46,3,0,0
d2l-ai/d2l-zh,1344,closed,2024-07-26T14:53:06Z,2025-02-03T03:15:56Z,,3,3,3,209,2,0,0
d2l-ai/d2l-zh,1345,closed,2024-07-30T09:32:19Z,2024-11-29T06:00:39Z,,2,2,1,556,1,0,0
d2l-ai/d2l-zh,1315,closed,2023-12-21T03:21:59Z,2024-08-14T14:48:17Z,,1,1,1,192,2,0,0
d2l-ai/d2l-zh,1319,closed,2024-02-04T11:56:55Z,2024-05-08T09:38:58Z,,1,1,1,18,1,0,0
d2l-ai/d2l-zh,1312,closed,2023-12-04T04:11:21Z,2024-04-29T01:33:10Z,,1,1,1,0,4,0,0
d2l-ai/d2l-zh,1275,closed,2023-06-29T11:58:26Z,2024-04-17T07:48:05Z,,1,1,1,17,2,0,0
d2l-ai/d2l-zh,1321,closed,2024-02-12T07:01:36Z,2024-02-12T08:51:12Z,,1,1,1,42,1,0,0
d2l-ai/d2l-zh,1320,closed,2024-02-12T02:57:07Z,2024-02-12T06:37:06Z,,1,1,1,51,2,0,0
d2l-ai/d2l-zh,1295,closed,2023-09-11T07:54:31Z,2024-01-24T09:11:50Z,,2,2,2,116,1,0,0
d2l-ai/d2l-zh,1276,closed,2023-07-18T07:25:17Z,2024-01-04T02:40:06Z,,1,1,1,0,1,0,0
d2l-ai/d2l-zh,745,closed,2021-04-16T03:45:04Z,2021-04-18T18:29:49Z,2021-04-18T18:29:49Z,4,5,2,18,3,1,0
punkpeye/awesome-mcp-servers,1377,closed,2025-09-30T09:09:36Z,2025-09-30T11:01:25Z,2025-09-30T11:01:25Z,1,0,1,105,2,0,0
punkpeye/awesome-mcp-servers,1378,closed,2025-09-30T11:07:49Z,2025-09-30T13:40:40Z,2025-09-30T13:40:40Z,1,0,1,60,4,0,0
punkpeye/awesome-mcp-servers,1344,closed,2025-09-13T12:25:06Z,2025-09-23T17:56:50Z,2025-09-23T17:56:50Z,1,0,1,92,1,0,0
punkpeye/awesome-mcp-servers,1342,closed,2025-09-12T12:44:59Z,2025-09-23T17:57:37Z,2025-09-23T17:57:37Z,1,0,1,241,2,0,0
punkpeye/awesome-mcp-servers,1350,closed,2025-09-16T19:52:02Z,2025-09-23T17:55:53Z,2025-09-23T17:55:53Z,1,0,1,400,2,0,0
punkpeye/awesome-mcp-servers,1366,closed,2025-09-25T02:40:26Z,2025-09-25T11:42:12Z,2025-09-25T11:42:12Z,1,0,1,77,1,0,0
punkpeye/awesome-mcp-servers,1347,closed,2025-09-14T15:34:01Z,2025-09-23T17:56:12Z,2025-09-23T17:56:12Z,1,0,1,1290,2,0,0
punkpeye/awesome-mcp-servers,1362,closed,2025-09-22T18:41:33Z,2025-09-23T17:53:32Z,2025-09-23T17:53:32Z,7,0,7,82,1,0,0
punkpeye/awesome-mcp-servers,1355,closed,2025-09-17T21:21:17Z,2025-09-23T17:54:25Z,2025-09-23T17:54:25Z,1,0,1,287,4,0,0
punkpeye/awesome-mcp-servers,1351,closed,2025-09-16T20:33:32Z,2025-09-23T17:55:23Z,2025-09-23T17:55:23Z,1,0,1,1540,2,0,0
punkpeye/awesome-mcp-servers,1329,closed,2025-09-06T07:09:00Z,2025-09-23T17:58:51Z,2025-09-23T17:58:51Z,1,0,1,159,1,0,0
punkpeye/awesome-mcp-servers,1331,closed,2025-09-06T12:52:50Z,2025-09-23T17:58:13Z,,1,0,1,846,1,0,0
punkpeye/awesome-mcp-servers,1345,closed,2025-09-14T13:30:08Z,2025-09-23T17:56:37Z,2025-09-23T17:56:37Z,1,0,1,67,1,0,0
punkpeye/awesome-mcp-servers,1346,closed,2025-09-14T13:52:05Z,2025-09-23T17:56:24Z,2025-09-23T17:56:24Z,1,0,1,812,1,0,0
punkpeye/awesome-mcp-servers,1348,closed,2025-09-15T09:59:44Z,2025-09-23T17:56:01Z,2025-09-23T17:56:01Z,1,0,1,808,1,0,0
punkpeye/awesome-mcp-servers,1352,closed,2025-09-17T05:26:50Z,2025-09-23T17:54:52Z,2025-09-23T17:54:52Z,7,0,7,982,1,0,0
punkpeye/awesome-mcp-servers,1353,closed,2025-09-17T06:42:43Z,2025-09-23T17:54:35Z,2025-09-23T17:54:34Z,1,0,1,335,1,0,0
punkpeye/awesome-mcp-servers,1361,closed,2025-09-22T10:52:36Z,2025-09-23T17:54:09Z,2025-09-23T17:54:09Z,1,1,1,0,1,0,0
punkpeye/awesome-mcp-servers,1364,closed,2025-09-23T16:11:30Z,2025-09-23T17:52:44Z,2025-09-23T17:52:44Z,1,0,1,0,1,0,0
punkpeye/awesome-mcp-servers,1356,closed,2025-09-18T07:32:18Z,2025-09-23T00:02:09Z,2025-09-23T00:02:09Z,1,0,1,303,3,0,0
punkpeye/awesome-mcp-servers,1357,closed,2025-09-19T00:30:05Z,2025-09-21T18:32:32Z,2025-09-21T18:32:32Z,2,0,1,1495,2,0,0
punkpeye/awesome-mcp-servers,1359,closed,2025-09-20T04:44:47Z,2025-09-20T13:20:08Z,2025-09-20T13:20:08Z,1,0,1,691,1,0,0
punkpeye/awesome-mcp-servers,1358,closed,2025-09-19T11:26:04Z,2025-09-19T14:52:06Z,2025-09-19T14:52:06Z,1,0,1,382,2,0,0
punkpeye/awesome-mcp-servers,1354,closed,2025-09-17T13:44:18Z,2025-09-18T10:37:16Z,2025-09-18T10:37:16Z,1,0,1,696,2,0,0
punkpeye/awesome-mcp-servers,1349,closed,2025-09-16T01:46:17Z,2025-09-16T03:18:22Z,2025-09-16T03:18:22Z,1,0,1,967,1,0,0
punkpeye/awesome-mcp-servers,1304,closed,2025-08-27T14:01:29Z,2025-09-08T01:34:32Z,2025-09-08T01:34:32Z,1,0,1,429,2,0,0
CompVis/stable-diffusion,36,closed,2022-08-19T16:02:29Z,2022-08-22T17:54:33Z,2022-08-22T17:54:33Z,28,2,1,402,7,4,0
CompVis/stable-diffusion,652,closed,2023-03-08T10:11:10Z,2023-12-26T17:03:33Z,,19,11,1,106,0,1,0
CompVis/stable-diffusion,600,closed,2023-02-02T12:52:45Z,2023-04-06T12:04:27Z,,1,0,1,14,4,0,0
CompVis/stable-diffusion,437,closed,2022-10-28T12:25:29Z,2023-03-31T14:32:15Z,,7,0,1,47,0,1,0
CompVis/stable-diffusion,163,closed,2022-09-02T02:14:27Z,2023-02-11T07:47:18Z,,8,0,1,0,1,1,0
CompVis/stable-diffusion,533,closed,2022-12-10T18:25:55Z,2023-01-25T06:52:57Z,,1,1,1,1229,1,0,0
CompVis/stable-diffusion,440,closed,2022-10-28T17:13:39Z,2022-11-16T11:51:43Z,2022-11-16T11:51:43Z,1276,1,4,320,4,0,0
CompVis/stable-diffusion,257,closed,2022-09-10T12:41:15Z,2022-10-02T21:23:14Z,,1287,548,144,570,2,0,0
CompVis/stable-diffusion,286,closed,2022-09-16T05:03:16Z,2022-09-18T03:10:49Z,,5,5,1,33,2,0,0
CompVis/stable-diffusion,164,closed,2022-09-02T02:33:20Z,2022-09-07T23:16:23Z,,2,0,1,508,2,0,0
CompVis/stable-diffusion,41,closed,2022-08-20T02:02:24Z,2022-09-05T19:42:31Z,,11,1,2,448,2,0,0
CompVis/stable-diffusion,150,closed,2022-08-31T19:20:22Z,2022-09-04T12:52:32Z,,1,0,1,0,2,0,0
CompVis/stable-diffusion,168,closed,2022-09-02T19:40:26Z,2022-09-02T21:16:46Z,,1,0,1,0,1,0,0
CompVis/stable-diffusion,47,closed,2022-08-21T01:25:28Z,2022-08-23T18:26:17Z,2022-08-23T18:26:17Z,0,0,0,470,4,7,0
thedaviddias/Front-End-Checklist,682,closed,2025-04-08T07:25:05Z,2025-06-07T02:12:36Z,,5,0,1,747,3,0,0
thedaviddias/Front-End-Checklist,679,closed,2025-01-24T06:10:45Z,2025-05-24T02:09:25Z,,1,1,1,815,4,0,0
thedaviddias/Front-End-Checklist,519,closed,2024-01-09T17:46:37Z,2024-05-08T22:37:16Z,2024-05-08T22:37:16Z,1,1,1,26,4,0,0
thedaviddias/Front-End-Checklist,524,closed,2024-04-10T18:07:06Z,2024-04-29T15:22:28Z,,1,3,1,697,1,0,0
thedaviddias/Front-End-Checklist,505,closed,2022-12-24T02:25:54Z,2024-03-25T13:41:29Z,2024-03-25T13:41:29Z,2,0,1,570,3,0,0
thedaviddias/Front-End-Checklist,515,closed,2023-11-13T08:00:21Z,2024-03-09T01:45:27Z,,1,0,1,1131,4,0,0
thedaviddias/Front-End-Checklist,517,closed,2024-01-01T11:59:26Z,2024-03-02T01:46:02Z,,0,2,1,26,2,0,0
thedaviddias/Front-End-Checklist,516,closed,2023-12-08T14:30:29Z,2024-02-10T01:45:57Z,,2207,2,1,156,3,0,0
thedaviddias/Front-End-Checklist,512,closed,2023-08-14T08:28:38Z,2023-12-09T01:48:25Z,,7,7,2,697,3,3,0
thedaviddias/Front-End-Checklist,493,closed,2022-10-09T08:29:56Z,2023-04-02T05:20:41Z,,1,1,1,1044,2,0,0
thedaviddias/Front-End-Checklist,497,closed,2022-10-27T15:02:10Z,2023-01-21T20:07:22Z,,3,3,3,697,1,0,0
thedaviddias/Front-End-Checklist,484,closed,2022-06-15T08:18:48Z,2023-01-07T15:44:24Z,,7,7,2,852,2,0,0
thedaviddias/Front-End-Checklist,496,closed,2022-10-15T03:55:43Z,2022-12-20T03:59:43Z,,32,4,3,697,1,0,0
thedaviddias/Front-End-Checklist,462,closed,2021-10-29T04:30:13Z,2021-10-29T19:21:23Z,2021-10-29T19:21:22Z,1,1,1,119,2,0,0
thedaviddias/Front-End-Checklist,459,closed,2021-07-31T10:36:48Z,2022-06-03T19:59:48Z,2022-06-03T19:59:48Z,1,1,1,67,8,0,0
thedaviddias/Front-End-Checklist,481,closed,2022-05-06T13:48:34Z,2022-06-03T19:59:11Z,,352,301,1,0,1,0,0
thedaviddias/Front-End-Checklist,474,closed,2022-02-05T01:25:42Z,2022-04-30T19:43:19Z,,2,2,1,18,2,0,0
thedaviddias/Front-End-Checklist,473,closed,2022-01-20T03:12:46Z,2022-04-16T18:07:21Z,,1,0,1,697,1,0,0
thedaviddias/Front-End-Checklist,472,closed,2021-12-03T04:03:36Z,2022-02-20T04:39:18Z,,1,1,1,734,1,0,0
thedaviddias/Front-End-Checklist,471,closed,2021-11-18T10:35:53Z,2022-02-05T16:01:49Z,,1,1,1,767,1,0,0
thedaviddias/Front-End-Checklist,470,closed,2021-11-17T17:22:57Z,2022-01-31T06:18:57Z,,5,1,1,869,1,0,0
thedaviddias/Front-End-Checklist,467,closed,2021-11-13T10:43:50Z,2022-01-29T08:31:55Z,,31,15,1,855,1,0,0
thedaviddias/Front-End-Checklist,463,closed,2021-11-07T09:52:29Z,2022-01-22T14:33:20Z,,12,12,1,823,1,0,0
thedaviddias/Front-End-Checklist,458,closed,2021-07-26T08:58:02Z,2021-08-11T21:27:05Z,,1,1,1,903,2,0,0
thedaviddias/Front-End-Checklist,454,closed,2021-07-17T02:41:35Z,2021-08-11T21:31:49Z,2021-08-11T21:31:49Z,1,1,1,850,13,0,0
thedaviddias/Front-End-Checklist,453,closed,2021-06-16T16:47:02Z,2021-06-16T22:37:20Z,2021-06-16T22:37:20Z,0,12,1,403,2,0,0
thedaviddias/Front-End-Checklist,452,closed,2021-05-25T17:27:29Z,2021-05-26T04:31:52Z,2021-05-26T04:31:52Z,1,0,1,135,1,0,0
thedaviddias/Front-End-Checklist,451,closed,2021-05-24T08:52:10Z,2021-05-25T17:09:14Z,,229,209,1,780,1,0,0
thedaviddias/Front-End-Checklist,443,closed,2021-04-15T17:33:42Z,2021-05-21T03:14:36Z,2021-05-21T03:14:36Z,1,1,1,263,4,0,0
thedaviddias/Front-End-Checklist,435,closed,2020-12-26T10:34:06Z,2021-03-21T15:49:58Z,,1,1,1,697,1,0,0
thedaviddias/Front-End-Checklist,437,closed,2021-01-08T16:16:56Z,2021-02-04T15:18:43Z,2021-02-04T15:18:43Z,1,1,1,297,1,0,0
thedaviddias/Front-End-Checklist,425,closed,2020-09-30T21:07:53Z,2021-01-07T00:36:55Z,,1,1,1,697,2,0,0
thedaviddias/Front-End-Checklist,415,closed,2020-07-10T06:14:38Z,2020-12-14T13:33:50Z,,435,809,1,911,2,0,0
thedaviddias/Front-End-Checklist,428,closed,2020-10-01T20:40:30Z,2020-12-10T16:48:10Z,,1,0,1,697,1,0,0
thedaviddias/Front-End-Checklist,429,closed,2020-10-02T15:10:14Z,2020-12-03T22:22:47Z,2020-12-03T22:22:47Z,4,0,1,697,1,0,0
redis/redis,13806,closed,2025-02-16T12:39:37Z,2025-05-12T07:15:17Z,2025-05-12T07:15:17Z,2340,1754,44,8096,7,142,0
redis/redis,13923,closed,2025-04-06T10:20:20Z,2025-05-08T07:59:12Z,2025-05-08T07:59:12Z,364,137,15,799,10,21,0
redis/redis,14388,closed,2025-09-28T17:51:36Z,2025-09-28T19:32:45Z,2025-09-28T19:32:45Z,1,1,1,1068,3,0,0
redis/redis,14385,closed,2025-09-28T07:25:16Z,2025-09-28T19:28:31Z,2025-09-28T19:28:31Z,1,1,1,86,3,0,0
redis/redis,14386,closed,2025-09-28T07:31:46Z,2025-09-28T19:28:02Z,2025-09-28T19:28:02Z,1,1,1,121,1,0,0
redis/redis,14354,closed,2025-09-14T11:07:00Z,2025-09-28T14:09:50Z,2025-09-28T14:09:50Z,4,4,3,111,2,0,0
redis/redis,14351,closed,2025-09-12T11:22:52Z,2025-09-28T05:28:22Z,2025-09-28T05:28:22Z,27,7,1,130,1,10,0
redis/redis,14347,closed,2025-09-10T16:42:42Z,2025-09-25T14:23:03Z,,83,5,1,687,6,8,0
redis/redis,14368,closed,2025-09-18T13:46:53Z,2025-09-19T07:05:12Z,,36,2,2,346,2,0,0
redis/redis,14369,closed,2025-09-18T19:02:39Z,2025-09-19T03:54:35Z,2025-09-19T03:54:35Z,3,2,1,841,3,0,0
redis/redis,14367,closed,2025-09-18T13:38:19Z,2025-09-18T15:41:58Z,,1,1,1,165,2,3,0
Shubhamsaboo/awesome-llm-apps,351,closed,2025-09-26T12:16:41Z,2025-09-28T02:46:43Z,,2274,0,20,313,1,0,0
Shubhamsaboo/awesome-llm-apps,348,closed,2025-09-23T06:00:49Z,2025-09-23T23:53:44Z,,651,363,18,103,1,0,0
Shubhamsaboo/awesome-llm-apps,336,closed,2025-09-12T22:33:41Z,2025-09-15T05:14:35Z,,684,14,8,1158,1,0,0
Shubhamsaboo/awesome-llm-apps,339,closed,2025-09-14T19:10:44Z,2025-09-15T05:13:17Z,,1,0,1,1020,1,0,0
Shubhamsaboo/awesome-llm-apps,330,closed,2025-09-05T09:13:12Z,2025-09-07T07:39:23Z,2025-09-07T07:39:23Z,395,0,4,601,3,0,0
Shubhamsaboo/awesome-llm-apps,328,closed,2025-09-02T11:32:44Z,2025-09-03T02:57:35Z,2025-09-03T02:57:35Z,117,0,3,495,3,0,0
Shubhamsaboo/awesome-llm-apps,326,closed,2025-09-02T10:15:14Z,2025-09-02T16:33:06Z,,110,0,3,365,1,0,0
Shubhamsaboo/awesome-llm-apps,319,closed,2025-08-27T12:15:27Z,2025-08-28T03:16:17Z,,590,0,8,0,3,0,0
Shubhamsaboo/awesome-llm-apps,317,closed,2025-08-24T22:01:51Z,2025-08-27T19:59:56Z,2025-08-27T19:59:56Z,270,0,3,319,7,3,0
Shubhamsaboo/awesome-llm-apps,316,closed,2025-08-22T08:36:16Z,2025-08-27T19:52:03Z,,285,0,5,1215,2,0,0
Shubhamsaboo/awesome-llm-apps,295,closed,2025-07-30T13:22:55Z,2025-08-24T19:15:02Z,,14534,0,145,1845,1,0,0
Shubhamsaboo/awesome-llm-apps,307,closed,2025-08-11T14:02:05Z,2025-08-18T02:14:06Z,2025-08-18T02:14:06Z,6449,0,7,2263,2,0,0
Shubhamsaboo/awesome-llm-apps,306,closed,2025-08-10T09:33:53Z,2025-08-18T02:07:54Z,,598934,0,436,497,1,0,0
Shubhamsaboo/awesome-llm-apps,305,closed,2025-08-07T22:33:53Z,2025-08-08T16:31:56Z,,1621,850,7,0,1,0,0
Shubhamsaboo/awesome-llm-apps,294,closed,2025-07-29T03:59:17Z,2025-08-05T22:42:57Z,,3,3,1,0,1,0,0
Shubhamsaboo/awesome-llm-apps,291,closed,2025-07-28T13:46:58Z,2025-08-01T03:07:00Z,,629,1,8,84,1,0,0
Shubhamsaboo/awesome-llm-apps,284,closed,2025-07-21T17:44:41Z,2025-08-01T03:05:35Z,,1,0,1,150,1,0,0
Shubhamsaboo/awesome-llm-apps,257,closed,2025-06-24T08:09:36Z,2025-08-01T03:04:20Z,2025-08-01T03:04:20Z,206,30,4,507,1,0,0
Shubhamsaboo/awesome-llm-apps,281,closed,2025-07-20T15:13:01Z,2025-07-21T15:31:20Z,,1,0,1,72,1,0,0
ventoy/Ventoy,593,closed,2020-11-17T13:11:33Z,2025-08-06T20:45:25Z,,91,94,1,1809,5,0,0
ventoy/Ventoy,3279,closed,2025-06-25T14:32:09Z,2025-07-07T17:45:43Z,,1,1,1,174,1,0,0
ventoy/Ventoy,3284,closed,2025-07-01T15:58:01Z,2025-07-07T01:21:53Z,2025-07-07T01:21:53Z,239,45,1,386,3,0,0
ventoy/Ventoy,2522,closed,2023-08-12T20:57:37Z,2025-03-30T19:40:41Z,,28,88,1,537,1,0,0
ventoy/Ventoy,3105,closed,2025-02-09T15:57:47Z,2025-02-22T22:04:41Z,,6,6,6,82,7,0,0
ventoy/Ventoy,3058,closed,2024-12-24T13:19:06Z,2025-01-22T11:40:43Z,,16,16,1,408,1,0,0
ventoy/Ventoy,2488,closed,2023-07-19T15:39:40Z,2023-07-20T02:56:55Z,2023-07-20T02:56:55Z,3,1,1,573,8,0,0
ventoy/Ventoy,2816,closed,2024-04-27T07:36:43Z,2024-06-13T12:54:21Z,,34,34,1,47,2,0,0
ventoy/Ventoy,2679,closed,2023-12-15T16:28:12Z,2024-05-19T08:39:58Z,,1349,0,5,83,5,0,0
ventoy/Ventoy,2752,closed,2024-02-23T08:08:19Z,2024-05-19T08:41:38Z,2024-05-19T08:41:38Z,64,64,2,37,1,0,0
ventoy/Ventoy,2633,closed,2023-10-27T03:50:59Z,2024-05-19T08:35:22Z,2024-05-19T08:35:22Z,8,2,1,282,1,0,0
ventoy/Ventoy,1731,closed,2022-07-13T19:41:11Z,2024-05-19T08:15:13Z,,46,46,1,64,1,1,0
ventoy/Ventoy,1480,closed,2022-02-26T16:46:27Z,2024-05-12T08:28:52Z,,7062,7063,723,0,1,0,0
abi/screenshot-to-code,516,closed,2025-07-08T05:24:14Z,2025-07-08T14:58:59Z,,18860,5,19,27,1,0,0
abi/screenshot-to-code,501,closed,2025-03-15T14:56:50Z,2025-03-17T16:32:24Z,2025-03-17T16:32:24Z,15,15,4,361,2,0,0
abi/screenshot-to-code,489,closed,2025-02-10T10:50:15Z,2025-02-10T12:20:07Z,,1,0,1,0,1,0,0
abi/screenshot-to-code,473,closed,2025-01-03T20:22:48Z,2025-01-08T22:09:11Z,,44,31,4,545,1,0,0
abi/screenshot-to-code,415,closed,2024-10-17T19:38:13Z,2025-01-08T22:10:25Z,,1395,1869,48,1396,2,1,0
abi/screenshot-to-code,349,closed,2024-05-30T06:47:51Z,2025-01-08T22:10:10Z,,449,3,7,0,5,0,0
abi/screenshot-to-code,439,closed,2024-11-24T14:12:00Z,2025-01-08T22:09:36Z,,74,0,1,0,1,0,0
abi/screenshot-to-code,465,closed,2024-12-24T04:43:33Z,2025-01-08T22:08:36Z,,2,2,1,277,2,0,0
abi/screenshot-to-code,471,closed,2025-01-02T08:01:49Z,2025-01-08T22:04:48Z,2025-01-08T22:04:48Z,1,1,1,887,1,0,0
abi/screenshot-to-code,422,closed,2024-10-30T09:51:00Z,2024-10-30T14:56:48Z,,1,1,1,263,1,0,0
abi/screenshot-to-code,394,closed,2024-08-30T12:08:23Z,2024-09-06T15:43:45Z,2024-09-06T15:43:45Z,1614,706,28,0,1,0,0
abi/screenshot-to-code,227,closed,2024-02-02T17:09:45Z,2024-06-27T08:25:46Z,2024-06-27T08:25:46Z,118,13,7,27,1,0,0
abi/screenshot-to-code,358,closed,2024-06-11T12:59:13Z,2024-06-23T09:48:44Z,2024-06-23T09:48:44Z,1,1,1,105,3,0,0
abi/screenshot-to-code,317,closed,2024-04-30T23:40:34Z,2024-06-05T19:47:44Z,2024-06-05T19:47:44Z,1,1,1,0,1,0,0
abi/screenshot-to-code,93,closed,2023-11-24T02:26:44Z,2024-06-05T19:45:15Z,,265,8,6,4069,6,0,0
abi/screenshot-to-code,171,closed,2023-12-08T03:55:01Z,2024-06-05T19:42:59Z,,215,79,9,1028,4,0,0
abi/screenshot-to-code,353,closed,2024-06-04T19:02:42Z,2024-06-05T19:26:34Z,2024-06-05T19:26:33Z,3,0,1,0,1,0,0
abi/screenshot-to-code,348,closed,2024-05-29T17:56:51Z,2024-06-05T19:21:41Z,2024-06-05T19:21:41Z,24,23,2,0,1,0,0
moby/moby,51076,closed,2025-10-01T10:58:13Z,2025-10-01T18:17:06Z,2025-10-01T18:17:06Z,34,18,6,1038,0,2,0
moby/moby,51075,closed,2025-10-01T09:53:37Z,2025-10-01T15:26:18Z,2025-10-01T15:26:18Z,35,865,6,272,4,0,0
moby/moby,51074,closed,2025-09-30T20:44:48Z,2025-10-01T12:11:17Z,2025-10-01T12:11:17Z,37,13,6,217,2,1,0
moby/moby,51066,closed,2025-09-29T19:09:36Z,2025-09-30T08:29:20Z,2025-09-30T08:29:20Z,27,76,14,660,0,2,0
moby/moby,50661,closed,2025-08-07T18:35:32Z,2025-09-30T12:22:56Z,,551,110,17,1215,1,0,0
moby/moby,51064,closed,2025-09-29T13:17:38Z,2025-09-29T15:21:27Z,2025-09-29T15:21:27Z,8,9,1,798,1,0,0
moby/moby,51058,closed,2025-09-29T08:27:25Z,2025-09-29T14:47:31Z,2025-09-29T14:47:31Z,242,89,9,897,1,0,0
moby/moby,51062,closed,2025-09-29T10:41:17Z,2025-09-29T13:15:07Z,2025-09-29T13:15:07Z,8,9,1,750,2,0,0
moby/moby,51055,closed,2025-09-26T17:40:17Z,2025-09-29T13:06:07Z,2025-09-29T13:06:07Z,58,6,3,1257,0,1,0
moby/moby,50857,closed,2025-08-29T21:56:43Z,2025-09-26T22:49:07Z,2025-09-26T22:49:07Z,213,8,14,535,1,25,0
moby/moby,50869,closed,2025-09-01T14:14:50Z,2025-09-25T11:13:40Z,2025-09-25T11:13:40Z,10,6,2,4827,8,1,0
moby/moby,51051,closed,2025-09-26T14:46:02Z,2025-09-26T17:27:03Z,2025-09-26T17:27:03Z,3,0,1,1675,0,1,0
moby/moby,51050,closed,2025-09-26T13:27:55Z,2025-09-26T16:43:07Z,2025-09-26T16:43:07Z,30,24,6,221,2,0,0
moby/moby,51045,closed,2025-09-25T17:30:47Z,2025-09-26T09:09:02Z,2025-09-26T09:09:02Z,87,94,25,471,0,1,0
browser-use/browser-use,3095,closed,2025-09-12T19:07:43Z,2025-09-23T01:22:20Z,,183,12,4,2239,2,2,0
browser-use/browser-use,3084,closed,2025-09-11T20:01:42Z,2025-09-12T19:08:21Z,,171,0,4,2340,2,3,0
browser-use/browser-use,3203,closed,2025-09-27T02:17:55Z,2025-09-27T05:10:54Z,2025-09-27T05:10:54Z,8,0,1,615,1,5,0
browser-use/browser-use,1613,closed,2025-05-08T09:19:38Z,2025-05-21T08:36:14Z,,14670,5894,178,710,3,150,0
browser-use/browser-use,3186,closed,2025-09-24T02:59:33Z,2025-09-24T04:45:10Z,2025-09-24T04:45:10Z,2,0,1,467,1,2,0
browser-use/browser-use,3030,closed,2025-09-08T17:38:20Z,2025-09-23T08:27:51Z,2025-09-23T08:27:51Z,12,21,5,712,3,4,0
browser-use/browser-use,2876,closed,2025-08-30T07:42:15Z,2025-09-23T01:18:50Z,,17,6,1,1801,2,0,0
browser-use/browser-use,2913,closed,2025-09-02T05:52:39Z,2025-09-23T01:18:29Z,2025-09-23T01:18:29Z,7,2,1,1521,2,2,0
browser-use/browser-use,2593,closed,2025-08-03T07:35:41Z,2025-09-23T01:16:18Z,,132,13,1,1716,3,0,0
browser-use/browser-use,1675,closed,2025-05-14T03:00:06Z,2025-09-23T01:14:54Z,2025-09-23T01:14:54Z,61,0,2,1072,12,2,0
browser-use/browser-use,3106,closed,2025-09-13T15:33:38Z,2025-09-23T01:09:20Z,2025-09-23T01:09:20Z,312,0,1,1888,2,1,0
browser-use/browser-use,3178,closed,2025-09-22T09:50:16Z,2025-09-23T01:06:38Z,2025-09-23T01:06:38Z,1,1,1,563,1,0,0
browser-use/browser-use,3110,closed,2025-09-14T09:47:03Z,2025-09-23T01:05:56Z,2025-09-23T01:05:56Z,4,1,1,427,2,1,0
browser-use/browser-use,2673,closed,2025-08-13T19:08:06Z,2025-08-14T19:39:32Z,2025-08-14T19:39:32Z,70,14,1,1017,4,0,0
browser-use/browser-use,3176,closed,2025-09-22T04:40:22Z,2025-09-22T18:59:45Z,2025-09-22T18:59:45Z,31,40,12,755,2,0,0
pallets/flask,5821,closed,2025-09-26T16:13:37Z,2025-09-28T23:00:05Z,,26,17,4,1069,5,0,0
pallets/flask,5806,closed,2025-09-06T15:30:59Z,2025-09-06T16:34:50Z,,1,1,1,200,2,0,0
pallets/flask,5229,closed,2023-08-20T20:40:21Z,2025-09-20T00:47:59Z,,80,43,5,748,6,0,0
pallets/flask,5812,closed,2025-09-12T22:45:00Z,2025-09-19T23:45:27Z,2025-09-19T23:45:27Z,779,1007,36,3517,3,0,0
pallets/flask,5735,closed,2025-05-16T22:20:48Z,2025-08-19T17:12:58Z,,17,0,2,1075,5,0,0
pallets/flask,5736,closed,2025-05-17T04:29:30Z,2025-08-19T19:36:01Z,2025-08-19T19:36:01Z,410,112,6,1957,5,0,0
pallets/flask,5795,closed,2025-08-07T04:47:00Z,2025-08-19T20:56:49Z,2025-08-19T20:56:49Z,16,3,1,1433,2,0,0
pallets/flask,5742,closed,2025-05-21T18:37:43Z,2025-08-18T17:20:07Z,2025-08-18T17:20:07Z,6,8,1,472,4,0,0
pallets/flask,5777,closed,2025-07-16T10:07:40Z,2025-08-18T17:26:13Z,2025-08-18T17:26:12Z,2,1,2,141,2,0,0
pallets/flask,5722,closed,2025-04-27T08:07:28Z,2025-08-18T18:36:23Z,,24,0,1,721,3,6,0
pallets/flask,5790,closed,2025-08-01T21:46:31Z,2025-08-01T23:38:26Z,,3,3,3,168,1,0,0
pallets/flask,5781,closed,2025-07-23T11:24:07Z,2025-07-23T13:08:33Z,,35,1,3,1471,1,0,0
pallets/flask,5775,closed,2025-07-16T07:57:14Z,2025-07-16T13:42:47Z,,23,9,1,374,1,6,0
pallets/flask,5761,closed,2025-06-17T17:15:00Z,2025-06-17T18:27:56Z,,4,2,1,392,1,0,0
swisskyrepo/PayloadsAllTheThings,796,closed,2025-10-01T14:45:04Z,2025-10-01T17:29:23Z,,137,0,1,183,1,0,0
swisskyrepo/PayloadsAllTheThings,794,closed,2025-09-19T09:48:16Z,2025-10-01T17:28:05Z,,28,23,3,382,1,3,0
swisskyrepo/PayloadsAllTheThings,792,closed,2025-09-12T12:40:51Z,2025-09-13T12:15:02Z,2025-09-13T12:15:02Z,1,1,1,346,2,0,0
swisskyrepo/PayloadsAllTheThings,786,closed,2025-07-21T17:49:07Z,2025-08-13T18:39:34Z,2025-08-13T18:39:34Z,37,2,1,293,6,0,0
swisskyrepo/PayloadsAllTheThings,788,closed,2025-08-03T19:20:05Z,2025-08-13T18:34:24Z,,1208,4,4,293,1,0,0
swisskyrepo/PayloadsAllTheThings,787,closed,2025-07-29T13:41:49Z,2025-07-29T17:09:56Z,2025-07-29T17:09:56Z,8,8,4,108,2,0,0
swisskyrepo/PayloadsAllTheThings,774,closed,2025-04-03T16:20:59Z,2025-08-13T14:04:43Z,2025-08-13T14:04:43Z,13,0,1,0,2,1,0
swisskyrepo/PayloadsAllTheThings,778,closed,2025-05-01T10:23:33Z,2025-08-13T14:03:14Z,,9,0,1,0,1,0,0
swisskyrepo/PayloadsAllTheThings,785,closed,2025-07-16T16:26:25Z,2025-08-13T13:58:51Z,,23,0,1,49,1,0,0
swisskyrepo/PayloadsAllTheThings,770,closed,2025-02-22T10:57:58Z,2025-08-12T20:06:55Z,,5,1,1,53,1,0,0
swisskyrepo/PayloadsAllTheThings,761,closed,2024-12-24T16:48:25Z,2025-02-09T20:22:13Z,,2,2,1,38,1,0,0
swisskyrepo/PayloadsAllTheThings,756,closed,2024-11-08T14:09:39Z,2024-11-08T21:20:45Z,2024-11-08T21:20:45Z,2,1,1,122,1,0,0
swisskyrepo/PayloadsAllTheThings,724,closed,2024-06-03T04:01:31Z,2024-11-02T14:12:41Z,,728,1,4,649,4,0,0
swisskyrepo/PayloadsAllTheThings,729,closed,2024-06-19T12:54:31Z,2024-11-02T10:21:27Z,2024-11-02T10:21:27Z,62,0,1,0,2,0,0
swisskyrepo/PayloadsAllTheThings,732,closed,2024-07-15T06:31:33Z,2024-11-02T14:21:38Z,2024-11-02T14:21:38Z,24,0,1,24,1,0,0
swisskyrepo/PayloadsAllTheThings,726,closed,2024-06-12T12:33:07Z,2024-11-02T14:13:53Z,,3,0,1,551,1,0,0
swisskyrepo/PayloadsAllTheThings,750,closed,2024-10-20T06:53:20Z,2024-11-02T10:51:56Z,,7,1,1,192,1,0,0
grafana/grafana,111896,closed,2025-10-01T16:52:34Z,2025-10-02T08:29:11Z,2025-10-02T08:29:11Z,17,14,2,1092,1,0,0
grafana/grafana,111875,closed,2025-10-01T13:10:01Z,2025-10-02T07:54:26Z,2025-10-02T07:54:26Z,27,1,2,2587,1,0,0
grafana/grafana,111768,closed,2025-09-29T17:07:01Z,2025-10-01T20:34:30Z,2025-10-01T20:34:30Z,25,3,4,215,22,1,0
grafana/grafana,111918,closed,2025-10-02T04:00:02Z,2025-10-02T06:04:56Z,2025-10-02T06:04:56Z,57,2,5,776,1,0,0
grafana/grafana,111917,closed,2025-10-02T03:51:08Z,2025-10-02T05:34:16Z,2025-10-02T05:34:16Z,1,1,1,54,1,0,0
grafana/grafana,111898,closed,2025-10-01T17:35:35Z,2025-10-01T21:02:45Z,2025-10-01T21:02:45Z,12,0,1,97,1,0,0
grafana/grafana,111900,closed,2025-10-01T17:43:56Z,2025-10-01T19:21:33Z,2025-10-01T19:21:33Z,188,371,16,218,1,1,0
grafana/grafana,111902,closed,2025-10-01T17:57:51Z,2025-10-01T19:04:35Z,2025-10-01T19:04:34Z,39,7,3,512,1,0,0
grafana/grafana,111893,closed,2025-10-01T15:34:48Z,2025-10-01T16:45:37Z,2025-10-01T16:45:37Z,360,89,12,418,1,2,0
grafana/grafana,111883,closed,2025-10-01T14:32:40Z,2025-10-01T16:18:45Z,2025-10-01T16:18:45Z,1,1,1,807,1,0,0
grafana/grafana,111888,closed,2025-10-01T14:51:49Z,2025-10-01T16:07:18Z,2025-10-01T16:07:18Z,56,8,5,1101,2,0,0
grafana/grafana,111518,closed,2025-09-23T23:25:14Z,2025-09-25T18:27:35Z,2025-09-25T18:27:35Z,17,3,2,685,2,2,0
grafana/grafana,111774,closed,2025-09-29T19:52:22Z,2025-10-01T15:32:56Z,2025-10-01T15:32:56Z,5,35,4,171,1,0,0
grafana/grafana,111866,closed,2025-10-01T06:20:50Z,2025-10-01T15:00:03Z,2025-10-01T15:00:03Z,182,79,21,218,1,7,0
grafana/grafana,111800,closed,2025-09-30T09:22:50Z,2025-10-01T14:40:28Z,2025-10-01T14:40:28Z,181,178,61,64,6,1,0
grafana/grafana,111789,closed,2025-09-30T02:00:50Z,2025-10-01T14:31:42Z,2025-10-01T14:31:42Z,62,18,2,882,16,4,0
grafana/grafana,110724,closed,2025-09-05T20:13:58Z,2025-10-01T14:04:25Z,,51,63,7,774,1,5,0
grafana/grafana,111549,closed,2025-09-24T14:33:46Z,2025-10-01T13:04:22Z,2025-10-01T13:04:22Z,1014,23,12,537,3,3,0
grafana/grafana,111872,closed,2025-10-01T10:18:39Z,2025-10-01T13:03:46Z,2025-10-01T13:03:46Z,51,7,4,567,1,4,0
grafana/grafana,110882,closed,2025-09-10T13:53:10Z,2025-10-01T12:48:10Z,,416,21,7,4015,1,0,0
enaqx/awesome-react,1497,closed,2025-09-19T12:18:44Z,2025-09-23T05:28:33Z,,1,0,1,493,1,0,0
enaqx/awesome-react,1484,closed,2025-07-20T11:26:46Z,2025-09-18T10:12:11Z,,1,0,1,650,2,0,0
enaqx/awesome-react,1487,closed,2025-07-31T09:25:16Z,2025-09-16T04:24:36Z,,1,0,1,363,3,0,0
enaqx/awesome-react,1495,closed,2025-08-29T10:55:38Z,2025-09-16T04:30:31Z,,1,0,1,0,1,0,0
enaqx/awesome-react,1492,closed,2025-08-22T19:58:40Z,2025-09-16T04:28:50Z,,3,0,1,449,1,0,0
enaqx/awesome-react,1489,closed,2025-08-15T14:36:33Z,2025-09-16T04:25:12Z,,1,0,1,0,1,0,0
enaqx/awesome-react,1480,closed,2025-07-01T10:38:59Z,2025-09-16T04:19:58Z,2025-09-16T04:19:58Z,1,0,1,33,1,0,0
enaqx/awesome-react,1479,closed,2025-06-28T13:01:15Z,2025-09-16T04:17:20Z,,31,29,1,16,1,0,0
enaqx/awesome-react,1478,closed,2025-06-10T11:56:33Z,2025-09-16T04:06:34Z,,1,0,1,169,1,0,0
enaqx/awesome-react,1476,closed,2025-05-22T05:20:19Z,2025-09-16T04:03:27Z,2025-09-16T04:03:27Z,2,1,1,843,1,0,0
enaqx/awesome-react,1459,closed,2025-04-25T00:01:50Z,2025-09-16T03:57:52Z,2025-09-16T03:57:52Z,1,0,1,960,1,1,0
enaqx/awesome-react,1456,closed,2025-04-24T16:25:29Z,2025-09-16T03:55:20Z,2025-09-16T03:55:20Z,1,0,1,1258,2,0,0
enaqx/awesome-react,1455,closed,2025-04-16T08:38:19Z,2025-09-16T03:52:52Z,2025-09-16T03:52:52Z,1,0,1,608,2,0,0
enaqx/awesome-react,1453,closed,2025-04-07T09:33:36Z,2025-09-16T03:39:22Z,,1,0,1,412,2,0,0
enaqx/awesome-react,1482,closed,2025-07-14T01:11:48Z,2025-09-16T01:08:35Z,,2,0,1,93,2,0,0
enaqx/awesome-react,1450,closed,2025-03-26T09:52:05Z,2025-08-29T20:37:42Z,,1,0,1,332,1,0,0
enaqx/awesome-react,1448,closed,2025-03-06T19:11:50Z,2025-08-29T20:35:31Z,,1,0,1,54,1,0,0
enaqx/awesome-react,1439,closed,2025-01-18T10:06:42Z,2025-08-29T20:19:54Z,2025-08-29T20:19:54Z,1,0,1,257,2,0,0
enaqx/awesome-react,1437,closed,2024-12-17T09:19:36Z,2025-08-29T20:17:33Z,,2,0,1,1134,2,0,0
enaqx/awesome-react,1435,closed,2024-12-10T06:32:01Z,2025-08-29T20:06:58Z,,1,0,1,77,1,0,0
enaqx/awesome-react,1428,closed,2024-09-21T20:31:39Z,2024-09-26T04:33:39Z,,2,0,1,0,4,0,0
tesseract-ocr/tesseract,4452,closed,2025-08-10T20:27:02Z,2025-08-15T21:00:54Z,2025-08-15T21:00:54Z,867,46,10,665,4,0,0
tesseract-ocr/tesseract,4450,closed,2025-08-10T03:28:20Z,2025-08-10T12:15:27Z,,542,0,1,1621,5,0,0
tesseract-ocr/tesseract,4063,closed,2023-04-27T08:10:16Z,2025-08-11T15:33:40Z,,52,1,4,0,3,0,0
tesseract-ocr/tesseract,3026,closed,2020-06-17T15:30:14Z,2020-06-17T17:42:50Z,2020-06-17T17:42:50Z,96,3,2,112,1,0,0
tesseract-ocr/tesseract,4438,closed,2025-07-06T10:19:34Z,2025-07-06T20:03:25Z,2025-07-06T20:03:25Z,32,30,4,0,1,3,0
tesseract-ocr/tesseract,1960,closed,2018-10-06T20:33:34Z,2018-10-07T09:23:31Z,2018-10-07T09:23:31Z,9,7,2,173,3,0,0
tesseract-ocr/tesseract,4423,closed,2025-05-25T07:10:43Z,2025-05-25T09:22:34Z,2025-05-25T09:22:34Z,4,463,1,0,1,0,0
tesseract-ocr/tesseract,4386,closed,2025-01-25T13:17:56Z,2025-05-01T08:02:02Z,2025-05-01T08:02:02Z,20,6,1,619,3,2,0
tesseract-ocr/tesseract,4365,closed,2024-12-02T19:31:34Z,2025-04-27T12:14:36Z,,4,0,1,88,0,10,0
tesseract-ocr/tesseract,4171,closed,2023-12-19T00:05:21Z,2025-02-26T21:02:50Z,,247,4,6,814,13,1,0
tesseract-ocr/tesseract,4376,closed,2024-12-26T13:32:45Z,2025-01-16T11:56:59Z,2025-01-16T11:56:59Z,7,3,2,0,8,0,0
tesseract-ocr/tesseract,4363,closed,2024-11-27T08:18:39Z,2024-11-27T12:04:30Z,2024-11-27T12:04:30Z,10,31,1,9,7,0,0
tesseract-ocr/tesseract,4357,closed,2024-11-22T19:39:26Z,2024-11-22T20:46:44Z,2024-11-22T20:46:44Z,7,2,1,91,26,0,0
tesseract-ocr/tesseract,4356,closed,2024-11-22T00:54:49Z,2024-11-22T21:25:29Z,2024-11-22T21:25:29Z,2900,3440,49,866,16,10,0
tesseract-ocr/tesseract,4355,closed,2024-11-21T17:10:57Z,2024-11-22T20:47:53Z,,12,2,1,215,10,0,0
tesseract-ocr/tesseract,4214,closed,2024-03-20T11:31:33Z,2024-04-19T19:09:47Z,2024-04-19T19:09:47Z,1220,2,13,1052,7,29,0
tesseract-ocr/tesseract,4346,closed,2024-11-05T08:03:40Z,2024-11-07T21:13:58Z,2024-11-07T21:13:58Z,149,0,7,186,7,16,0
tesseract-ocr/tesseract,4350,closed,2024-11-07T10:45:44Z,2024-11-07T12:40:43Z,2024-11-07T12:40:43Z,3,2050,13,52,2,2,0
josephmisiti/awesome-machine-learning,1045,closed,2025-05-29T11:47:20Z,2025-06-16T19:06:49Z,2025-06-16T19:06:49Z,4,4,2,371,0,1,0
josephmisiti/awesome-machine-learning,1030,closed,2025-03-27T21:50:16Z,2025-04-12T20:30:19Z,2025-04-12T20:30:19Z,1,0,1,0,1,0,0
josephmisiti/awesome-machine-learning,1025,closed,2025-02-15T03:02:16Z,2025-04-12T20:29:09Z,,6,0,1,117,1,0,0
josephmisiti/awesome-machine-learning,1023,closed,2025-02-13T08:35:33Z,2025-02-13T13:51:42Z,,1,0,1,0,1,0,0
josephmisiti/awesome-machine-learning,1022,closed,2025-02-13T08:01:00Z,2025-02-13T13:51:23Z,,1,0,1,0,1,0,0
josephmisiti/awesome-machine-learning,1008,closed,2024-10-03T11:52:15Z,2024-12-16T21:23:11Z,2024-12-16T21:23:11Z,1,0,1,130,1,0,0
josephmisiti/awesome-machine-learning,1017,closed,2024-12-11T10:36:03Z,2024-12-16T21:26:40Z,,0,0,1,0,1,0,0
josephmisiti/awesome-machine-learning,980,closed,2024-03-22T18:28:30Z,2024-03-23T15:09:11Z,2024-03-23T15:09:11Z,1,0,1,54,1,0,0
josephmisiti/awesome-machine-learning,976,closed,2024-02-14T13:18:46Z,2024-02-26T15:22:25Z,2024-02-26T15:22:25Z,0,2,1,40,1,0,0
josephmisiti/awesome-machine-learning,966,closed,2023-12-14T15:28:51Z,2024-01-25T03:53:28Z,2024-01-25T03:53:28Z,1,0,1,41,0,1,0
josephmisiti/awesome-machine-learning,963,closed,2023-11-28T15:11:40Z,2023-12-06T19:28:46Z,2023-12-06T19:28:46Z,2,1,1,96,0,1,0
josephmisiti/awesome-machine-learning,961,closed,2023-10-09T07:27:41Z,2023-10-30T15:31:36Z,2023-10-30T15:31:36Z,1,0,1,76,2,0,0
Developer-Y/cs-video-courses,450,closed,2025-08-07T05:13:41Z,2025-08-09T09:16:09Z,2025-08-09T09:16:09Z,2,1,1,151,1,0,0
Developer-Y/cs-video-courses,441,closed,2025-05-24T02:54:37Z,2025-05-24T11:50:00Z,2025-05-24T11:50:00Z,1,0,1,0,1,0,0
Developer-Y/cs-video-courses,386,closed,2025-03-09T15:45:48Z,2025-03-09T18:11:07Z,2025-03-09T18:11:07Z,3,2,1,0,1,0,0
Developer-Y/cs-video-courses,380,closed,2025-02-27T02:50:55Z,2025-02-27T04:08:16Z,2025-02-27T04:08:16Z,3,2,1,0,1,0,0
Developer-Y/cs-video-courses,373,closed,2025-02-17T04:13:31Z,2025-02-17T13:38:10Z,2025-02-17T13:38:10Z,3,0,1,0,1,0,0
Developer-Y/cs-video-courses,369,closed,2025-02-09T04:42:08Z,2025-02-09T08:17:59Z,2025-02-09T08:17:59Z,2,0,1,0,1,0,0
Developer-Y/cs-video-courses,364,closed,2025-02-02T03:00:36Z,2025-02-02T16:47:08Z,2025-02-02T16:47:08Z,3,0,1,0,1,0,0
Developer-Y/cs-video-courses,312,closed,2023-12-19T17:10:59Z,2023-12-25T06:20:11Z,,2,0,1,0,1,0,0
Developer-Y/cs-video-courses,311,closed,2023-12-13T23:47:36Z,2023-12-19T18:32:16Z,2023-12-19T18:32:16Z,1,0,1,0,1,0,0
Developer-Y/cs-video-courses,298,closed,2023-06-10T23:55:43Z,2023-07-06T10:35:05Z,2023-07-06T10:35:05Z,25,25,3,902,1,0,0
Developer-Y/cs-video-courses,287,closed,2023-04-20T09:32:11Z,2023-07-06T10:37:08Z,2023-07-06T10:37:08Z,1,0,1,121,1,0,0
Developer-Y/cs-video-courses,286,closed,2023-04-16T11:47:51Z,2023-04-16T15:53:53Z,,11,0,1,0,1,0,0
Developer-Y/cs-video-courses,277,closed,2023-02-22T16:32:44Z,2023-02-22T19:31:59Z,2023-02-22T19:31:59Z,1,0,1,0,1,0,0
Developer-Y/cs-video-courses,272,closed,2023-02-07T15:40:41Z,2023-02-16T15:41:30Z,2023-02-16T15:41:30Z,1,1,1,0,2,0,0
Developer-Y/cs-video-courses,267,closed,2023-01-23T17:21:11Z,2023-02-03T15:48:48Z,2023-02-03T15:48:48Z,1,1,1,92,1,0,0
Developer-Y/cs-video-courses,271,closed,2023-02-02T19:53:43Z,2023-02-03T15:47:13Z,2023-02-03T15:47:13Z,2,0,1,100,2,0,0
Developer-Y/cs-video-courses,266,closed,2023-01-23T14:38:11Z,2023-01-23T16:28:32Z,2023-01-23T16:28:32Z,1,0,1,0,2,0,0
Developer-Y/cs-video-courses,259,closed,2023-01-16T19:41:39Z,2023-01-21T20:12:03Z,2023-01-21T20:12:03Z,1,0,1,0,1,0,0
Developer-Y/cs-video-courses,252,closed,2023-01-09T09:13:18Z,2023-01-16T01:23:00Z,,817,817,1,0,2,0,0
Developer-Y/cs-video-courses,255,closed,2023-01-10T00:00:45Z,2023-01-15T13:24:20Z,2023-01-15T13:24:20Z,1,0,1,120,1,0,0
Developer-Y/cs-video-courses,247,closed,2022-11-12T16:03:47Z,2022-11-28T18:11:14Z,2022-11-28T18:11:14Z,1,1,1,116,1,0,0
Developer-Y/cs-video-courses,235,closed,2022-10-06T20:02:11Z,2022-11-28T18:10:20Z,2022-11-28T18:10:20Z,1,1,1,0,1,0,0
Developer-Y/cs-video-courses,238,closed,2022-10-08T12:29:02Z,2022-10-19T20:02:10Z,2022-10-19T20:02:10Z,1,1,1,92,2,0,0
strapi/strapi,24477,closed,2025-09-29T22:53:05Z,2025-10-01T23:18:40Z,,108,13,2,1779,2,0,0
strapi/strapi,23481,closed,2025-05-06T19:53:27Z,2025-10-01T17:52:50Z,,62,61,56,902,3,0,0
strapi/strapi,24168,closed,2025-08-12T16:29:44Z,2025-10-01T17:52:38Z,,15,166,3,102,2,0,0
strapi/strapi,24486,closed,2025-10-01T10:02:18Z,2025-10-01T15:05:29Z,2025-10-01T15:05:29Z,123,33,6,1373,2,0,0
strapi/strapi,24468,closed,2025-09-29T08:07:08Z,2025-09-30T12:26:20Z,2025-09-30T12:26:20Z,118,55,12,2010,4,10,0
strapi/strapi,19008,closed,2023-12-07T19:49:33Z,2024-06-25T14:03:41Z,,1,1,1,449,5,0,0
strapi/strapi,24407,closed,2025-09-18T08:35:42Z,2025-09-30T16:38:44Z,2025-09-30T16:38:44Z,1013,56,13,1494,3,0,0
strapi/strapi,24414,closed,2025-09-18T13:36:31Z,2025-09-24T07:02:20Z,2025-09-24T07:02:20Z,245,26,4,1289,4,0,0
strapi/strapi,24358,closed,2025-09-11T13:21:05Z,2025-09-24T14:57:09Z,2025-09-24T14:57:09Z,292,2,7,2148,7,5,0
strapi/strapi,24473,closed,2025-09-29T14:00:53Z,2025-09-29T16:34:04Z,2025-09-29T16:34:04Z,1610,423,57,51,4,0,0
strapi/strapi,24456,closed,2025-09-25T12:51:36Z,2025-09-26T10:05:37Z,2025-09-26T10:05:37Z,108,80,23,246,3,2,0
strapi/strapi,24460,closed,2025-09-26T08:56:56Z,2025-09-29T13:53:29Z,2025-09-29T13:53:29Z,1229,45,11,2914,3,1,0
strapi/strapi,24470,closed,2025-09-29T08:47:15Z,2025-09-29T12:05:52Z,2025-09-29T12:05:52Z,18,15,1,920,2,2,0
strapi/strapi,24453,closed,2025-09-25T07:51:34Z,2025-09-29T12:33:09Z,,23,12,3,2153,2,0,0
strapi/strapi,23707,closed,2025-06-10T10:02:16Z,2025-06-17T13:45:19Z,2025-06-17T13:45:19Z,139,723,24,1085,6,2,0
strapi/strapi,23828,closed,2025-06-26T15:14:50Z,2025-06-27T19:27:49Z,2025-06-27T19:27:48Z,340,0,3,1775,5,0,0
strapi/strapi,23392,closed,2025-04-17T10:55:39Z,2025-05-05T11:37:52Z,2025-05-05T11:37:52Z,36,15,4,92,2,6,0
strapi/strapi,23580,closed,2025-05-23T09:18:37Z,2025-05-23T13:32:01Z,2025-05-23T13:32:00Z,90,75,22,828,3,0,0
strapi/strapi,23046,closed,2025-03-03T09:49:26Z,2025-03-05T16:28:20Z,2025-03-05T16:28:19Z,1487,155,21,154,7,0,0
strapi/strapi,22663,closed,2025-01-17T13:59:33Z,2025-01-23T16:49:48Z,2025-01-23T16:49:48Z,537,484,2,890,6,0,0
strapi/strapi,16302,closed,2023-04-05T08:02:53Z,2023-07-10T10:02:28Z,,3512,2184,132,332,5,58,0
strapi/strapi,18065,closed,2023-09-14T11:08:37Z,2024-06-12T14:20:21Z,,768,4,5,567,1,4,0
strapi/strapi,18926,closed,2023-11-28T13:52:01Z,2024-04-15T10:01:00Z,,10,0,1,644,6,5,0
strapi/strapi,24316,closed,2025-09-05T08:19:45Z,2025-09-23T08:11:48Z,2025-09-23T08:11:48Z,1240,17,7,795,21,6,0
strapi/strapi,24417,closed,2025-09-18T19:00:46Z,2025-09-28T16:58:01Z,,0,1,1,1067,1,0,0
strapi/strapi,24410,closed,2025-09-18T10:52:04Z,2025-09-28T16:58:00Z,,190,27,7,1510,2,0,0
hakimel/reveal.js,3807,closed,2025-07-11T11:19:16Z,2025-09-29T09:25:06Z,2025-09-29T09:25:06Z,1,1,1,151,2,0,0
hakimel/reveal.js,3810,closed,2025-08-05T02:48:20Z,2025-08-28T10:01:21Z,2025-08-28T10:01:21Z,7,1,1,629,2,0,0
hakimel/reveal.js,3395,closed,2023-04-13T09:06:54Z,2025-06-17T09:40:07Z,,29,1,3,404,2,0,0
hakimel/reveal.js,2940,closed,2021-04-23T09:04:52Z,2021-04-28T06:55:30Z,2021-04-28T06:55:30Z,7,1,1,407,3,0,0
hakimel/reveal.js,1849,closed,2017-03-17T13:09:14Z,2025-03-29T08:31:05Z,,29,22,1,665,1,0,0
hakimel/reveal.js,3768,closed,2025-03-21T06:21:59Z,2025-03-24T14:38:27Z,2025-03-24T14:38:27Z,10,10,7,213,2,5,0
hakimel/reveal.js,3780,closed,2025-03-25T20:32:27Z,2025-03-28T13:17:11Z,,10,4,2,12,1,0,0
hakimel/reveal.js,3778,closed,2025-03-25T19:58:14Z,2025-03-28T13:04:03Z,2025-03-28T13:04:02Z,8,2,3,12,1,0,0
hakimel/reveal.js,3776,closed,2025-03-25T07:37:47Z,2025-03-25T09:11:34Z,2025-03-25T09:11:34Z,8,4,5,119,1,0,0
hakimel/reveal.js,3767,closed,2025-03-20T08:43:31Z,2025-03-21T06:19:09Z,,23,9,7,856,7,0,0
hakimel/reveal.js,3630,closed,2024-05-28T19:22:01Z,2025-03-19T09:37:19Z,,26,5,3,440,2,0,0
hakimel/reveal.js,3756,closed,2025-02-26T12:18:08Z,2025-03-19T09:59:25Z,,11,3,4,516,1,0,0
hakimel/reveal.js,3503,closed,2023-10-27T16:36:27Z,2025-03-19T09:39:07Z,,1,1,1,10,2,0,0
hakimel/reveal.js,3558,closed,2024-01-06T21:08:13Z,2025-03-19T09:34:06Z,,2,2,1,8,1,0,0
hakimel/reveal.js,3602,closed,2024-03-29T18:51:43Z,2025-03-19T09:11:48Z,2025-03-19T09:11:48Z,37,6,8,391,1,0,0
hakimel/reveal.js,3758,closed,2025-02-26T18:23:44Z,2025-03-19T09:05:44Z,,7,0,1,210,1,1,0
hakimel/reveal.js,3744,closed,2025-01-31T16:02:29Z,2025-03-19T09:02:18Z,2025-03-19T09:02:18Z,9,9,1,1018,1,0,0
hakimel/reveal.js,1173,closed,2015-03-21T19:14:42Z,2021-09-06T11:38:49Z,,80,10,1,0,5,0,0
hakimel/reveal.js,3595,closed,2024-03-23T08:27:02Z,2024-03-23T11:27:59Z,2024-03-23T11:27:59Z,2,2,1,56,2,0,0
hakimel/reveal.js,954,closed,2014-06-20T15:28:26Z,2025-03-10T22:18:21Z,,33,76,17,1296,0,1,0
hakimel/reveal.js,2656,closed,2020-04-29T04:22:59Z,2025-01-23T17:54:22Z,,333,1,4,278,0,1,0
hakimel/reveal.js,3732,closed,2025-01-09T10:16:56Z,2025-01-13T12:21:23Z,,7,2,2,133,1,0,0
hakimel/reveal.js,3716,closed,2024-11-11T22:10:40Z,2025-01-13T12:13:30Z,2025-01-13T12:13:30Z,7,2,2,141,3,0,0
hakimel/reveal.js,3275,closed,2022-09-08T12:22:37Z,2024-12-18T09:28:52Z,,9,1,2,0,1,0,0
hakimel/reveal.js,3686,closed,2024-10-05T06:49:06Z,2024-12-18T09:20:58Z,,0,0,0,18,1,0,0
modelcontextprotocol/servers,2748,closed,2025-09-22T13:46:04Z,2025-09-29T12:06:29Z,2025-09-29T12:06:29Z,1,0,1,2321,2,1,0
modelcontextprotocol/servers,2698,closed,2025-09-09T16:48:05Z,2025-09-29T12:05:18Z,2025-09-29T12:05:18Z,1,0,1,1746,1,1,0
modelcontextprotocol/servers,2724,closed,2025-09-16T19:31:41Z,2025-09-29T12:02:40Z,2025-09-29T12:02:40Z,1,0,1,2918,1,0,0
modelcontextprotocol/servers,2723,closed,2025-09-16T15:45:11Z,2025-09-29T12:02:18Z,2025-09-29T12:02:18Z,1,0,1,2307,2,1,0
modelcontextprotocol/servers,2786,closed,2025-09-27T02:25:06Z,2025-09-29T00:27:55Z,,1,0,1,1075,2,0,0
modelcontextprotocol/servers,2688,closed,2025-09-06T12:29:19Z,2025-09-14T03:42:00Z,2025-09-14T03:42:00Z,2,0,1,2460,1,0,0
modelcontextprotocol/servers,2747,closed,2025-09-22T10:41:26Z,2025-09-24T14:37:59Z,2025-09-24T14:37:59Z,5,1,1,256,1,0,0
modelcontextprotocol/servers,2757,closed,2025-09-24T04:21:19Z,2025-09-24T14:07:03Z,2025-09-24T14:07:03Z,6,29,2,1418,2,1,0
modelcontextprotocol/servers,2749,closed,2025-09-22T14:54:07Z,2025-09-23T11:34:47Z,2025-09-23T11:34:47Z,1,0,1,1788,1,0,0
modelcontextprotocol/servers,2733,closed,2025-09-18T04:46:59Z,2025-09-23T04:32:59Z,2025-09-23T04:32:59Z,1,0,1,1377,0,2,0
modelcontextprotocol/servers,2745,closed,2025-09-21T13:02:07Z,2025-09-23T04:13:31Z,2025-09-23T04:13:31Z,1,1,1,182,2,1,0
binary-husky/gpt_academic,1782,closed,2024-05-12T06:39:47Z,2024-05-13T15:38:08Z,2024-05-13T15:38:08Z,516,295,5,636,5,0,0
binary-husky/gpt_academic,2131,closed,2025-02-05T07:04:39Z,2025-04-17T13:41:06Z,,111,3,2,290,8,0,0
binary-husky/gpt_academic,2182,closed,2025-03-19T10:20:25Z,2025-03-24T16:11:56Z,2025-03-24T16:11:56Z,51,11,4,45,1,0,0
binary-husky/gpt_academic,2165,closed,2025-02-25T07:10:03Z,2025-03-04T15:58:03Z,2025-03-04T15:58:03Z,143,48,4,235,3,0,0
binary-husky/gpt_academic,2130,closed,2025-02-04T20:37:31Z,2025-03-01T18:16:11Z,2025-03-01T18:16:10Z,620,413,83,1838,2,0,0
binary-husky/gpt_academic,1980,closed,2024-09-22T14:43:27Z,2025-02-26T03:07:39Z,,23,8,2,18,1,0,0
binary-husky/gpt_academic,2136,closed,2025-02-07T13:29:47Z,2025-02-08T12:54:02Z,2025-02-08T12:54:02Z,2,0,1,0,1,0,0
binary-husky/gpt_academic,2129,closed,2025-02-04T19:13:32Z,2025-02-07T13:33:06Z,2025-02-07T13:33:06Z,35,28,1,376,4,0,0
binary-husky/gpt_academic,2118,closed,2025-01-24T06:48:28Z,2025-02-04T08:02:03Z,2025-02-04T08:02:02Z,425,122,15,485,3,0,0
binary-husky/gpt_academic,2086,closed,2024-12-15T16:34:30Z,2024-12-23T02:17:43Z,2024-12-23T02:17:43Z,187,19,22,77,2,0,0
binary-husky/gpt_academic,2058,closed,2024-11-29T08:07:38Z,2024-12-07T15:23:59Z,2024-12-07T15:23:59Z,246,125,4,411,1,0,0
protocolbuffers/protobuf,23637,closed,2025-09-25T15:21:36Z,2025-10-01T14:40:39Z,,0,0,0,16,0,1,0
protocolbuffers/protobuf,23628,closed,2025-09-24T21:30:32Z,2025-10-01T10:07:12Z,,9,9,3,192,1,0,0
protocolbuffers/protobuf,23615,closed,2025-09-23T13:55:36Z,2025-09-30T10:06:54Z,,1,0,1,16,1,0,0
protocolbuffers/protobuf,23616,closed,2025-09-23T16:48:11Z,2025-09-30T10:06:52Z,,0,21,2,49,1,0,0
protocolbuffers/protobuf,23547,closed,2025-09-17T18:58:44Z,2025-09-29T13:18:45Z,2025-09-29T13:18:45Z,1655,0,9,676,0,19,0
protocolbuffers/protobuf,23592,closed,2025-09-21T01:09:17Z,2025-09-29T10:07:24Z,,115,13,2,1391,1,0,0
protocolbuffers/protobuf,23597,closed,2025-09-22T08:34:40Z,2025-09-29T10:07:22Z,,43,15,5,51,1,0,0
protocolbuffers/protobuf,23598,closed,2025-09-22T16:37:02Z,2025-09-29T10:07:19Z,,100,13,10,16,1,0,0
protocolbuffers/protobuf,23593,closed,2025-09-21T05:53:59Z,2025-09-28T10:06:22Z,,280,0,3,60,1,0,0
protocolbuffers/protobuf,23575,closed,2025-09-20T03:09:40Z,2025-09-27T10:06:02Z,,6,6,4,16,1,0,0
protocolbuffers/protobuf,23521,closed,2025-09-16T05:13:54Z,2025-09-26T10:07:07Z,,702,144,18,487,1,0,0
protocolbuffers/protobuf,23563,closed,2025-09-18T16:54:05Z,2025-09-26T10:07:05Z,,1115,135,9,66,1,0,0
protocolbuffers/protobuf,23569,closed,2025-09-19T15:53:26Z,2025-09-26T10:07:03Z,,43,15,5,51,1,0,0
protocolbuffers/protobuf,23570,closed,2025-09-19T15:54:21Z,2025-09-26T10:07:00Z,,43,15,5,19,1,0,0
sherlock-project/sherlock,2277,closed,2024-08-28T02:34:16Z,2024-11-11T22:19:19Z,2024-11-11T22:19:19Z,6,5,2,143,1,2,0
sherlock-project/sherlock,2549,closed,2025-09-20T18:57:19Z,2025-09-20T22:13:30Z,2025-09-20T22:13:30Z,126,8,4,63,7,0,0
sherlock-project/sherlock,2459,closed,2025-04-29T20:28:06Z,2025-09-21T00:47:37Z,2025-09-21T00:47:37Z,8,0,1,142,2,2,0
sherlock-project/sherlock,2370,closed,2024-11-20T10:53:13Z,2025-09-20T22:19:47Z,,94,27,2,24,1,0,0
sherlock-project/sherlock,2546,closed,2025-09-18T06:26:25Z,2025-09-20T17:38:21Z,2025-09-20T17:38:21Z,8,1,1,150,3,0,0
sherlock-project/sherlock,2376,closed,2024-11-30T21:15:46Z,2025-09-17T21:51:42Z,,4,3,2,231,3,0,0
sherlock-project/sherlock,2536,closed,2025-09-14T05:03:14Z,2025-09-16T01:05:35Z,2025-09-16T01:05:35Z,190,12,9,826,1,0,0
sherlock-project/sherlock,2501,closed,2025-07-17T05:44:37Z,2025-09-14T21:24:49Z,2025-09-14T21:24:49Z,15,0,1,23,4,0,0
sherlock-project/sherlock,2420,closed,2025-03-05T09:54:13Z,2025-09-14T06:28:33Z,,74,9,1,1392,4,1,0
sherlock-project/sherlock,2517,closed,2025-08-16T17:39:33Z,2025-09-14T02:46:36Z,,1493,0,4,2893,4,0,0
sherlock-project/sherlock,2493,closed,2025-07-06T21:30:34Z,2025-09-14T01:21:00Z,2025-09-14T01:21:00Z,22,10,3,376,5,0,0
sherlock-project/sherlock,2446,closed,2025-04-08T00:36:17Z,2025-09-13T22:25:56Z,2025-09-13T22:25:55Z,7,0,1,189,1,0,0
sherlock-project/sherlock,2460,closed,2025-04-29T20:56:39Z,2025-09-13T22:08:53Z,2025-09-13T22:08:53Z,2,2,1,419,1,0,0
sherlock-project/sherlock,2483,closed,2025-06-26T19:16:04Z,2025-09-13T22:06:26Z,2025-09-13T22:06:26Z,6,0,1,244,1,0,0
sherlock-project/sherlock,2484,closed,2025-06-26T19:28:52Z,2025-09-13T22:02:12Z,2025-09-13T22:02:12Z,6,0,1,243,1,0,0
sherlock-project/sherlock,2513,closed,2025-08-09T14:15:24Z,2025-09-13T21:49:31Z,2025-09-13T21:49:31Z,7,0,1,70,1,0,0
sherlock-project/sherlock,2516,closed,2025-08-16T13:22:52Z,2025-09-13T21:48:19Z,2025-09-13T21:48:19Z,6,0,1,226,1,0,0
sherlock-project/sherlock,2515,closed,2025-08-16T07:37:25Z,2025-09-13T21:44:36Z,,1,144,2,55,3,0,0
sherlock-project/sherlock,2267,closed,2024-08-23T05:10:52Z,2024-11-05T01:33:42Z,2024-11-05T01:33:42Z,5,9,5,326,3,0,0
sherlock-project/sherlock,2506,closed,2025-07-29T11:26:47Z,2025-07-29T20:01:16Z,,98,81,1,73,7,9,0
python/cpython,129499,closed,2025-01-31T05:12:15Z,2025-01-31T07:42:33Z,,62,0,1,687,3,0,0
python/cpython,139364,closed,2025-09-26T15:40:45Z,2025-10-01T20:18:55Z,2025-10-01T20:18:54Z,627,6,5,137,8,4,0
python/cpython,103655,closed,2023-04-20T22:42:21Z,2025-10-01T17:50:20Z,,3,1,1,702,3,0,0
python/cpython,139474,closed,2025-10-01T12:52:58Z,2025-10-01T17:49:31Z,2025-10-01T17:49:31Z,3,1,1,887,1,0,0
python/cpython,139073,closed,2025-09-17T17:59:33Z,2025-10-01T07:45:58Z,2025-10-01T07:45:58Z,5,48,5,1087,19,0,0
python/cpython,139228,closed,2025-09-22T11:15:47Z,2025-10-01T14:49:35Z,,4,1,1,83,4,0,0
python/cpython,139323,closed,2025-09-25T11:15:07Z,2025-10-01T14:52:01Z,,8668,8194,29,865,8,0,0
python/cpython,139453,closed,2025-09-30T15:53:21Z,2025-10-01T14:42:45Z,2025-10-01T14:42:45Z,653,630,7,928,3,1,0
python/cpython,139410,closed,2025-09-29T08:28:18Z,2025-10-01T13:50:33Z,2025-10-01T13:50:33Z,55,2,4,642,3,0,0
python/cpython,139120,closed,2025-09-18T12:38:14Z,2025-10-01T13:50:13Z,,318,318,12,927,6,0,0
python/cpython,124107,closed,2024-09-15T17:35:30Z,2025-10-01T11:34:48Z,2025-10-01T11:34:48Z,2,3,2,799,13,3,0
python/cpython,139433,closed,2025-09-29T20:01:33Z,2025-09-30T18:18:14Z,2025-09-30T18:18:14Z,58,46,1,279,4,6,0
python/cpython,139457,closed,2025-09-30T18:18:21Z,2025-10-01T09:29:08Z,2025-10-01T09:29:08Z,58,46,1,421,0,3,0
python/cpython,139328,closed,2025-09-25T15:04:01Z,2025-10-01T09:10:13Z,2025-10-01T09:10:13Z,42,32,2,800,4,0,0
swiftlang/swift,84607,closed,2025-10-01T03:30:30Z,2025-10-02T01:52:22Z,2025-10-02T01:52:22Z,1,1,1,192,1,0,0
swiftlang/swift,84605,closed,2025-10-01T02:50:16Z,2025-10-02T01:54:04Z,2025-10-02T01:54:04Z,4,2,2,263,2,0,0
swiftlang/swift,84604,closed,2025-10-01T02:48:54Z,2025-10-02T01:55:11Z,2025-10-02T01:55:11Z,4,4,1,25,1,0,0
swiftlang/swift,84629,closed,2025-10-01T18:57:08Z,2025-10-02T00:31:15Z,2025-10-02T00:31:15Z,1,0,1,307,1,0,0
swiftlang/swift,84628,closed,2025-10-01T18:49:20Z,2025-10-02T00:13:25Z,2025-10-02T00:13:25Z,24,18,5,0,1,0,0
swiftlang/swift,84361,closed,2025-09-17T22:05:42Z,2025-10-01T23:38:30Z,,200,181,1,557,8,0,0
swiftlang/swift,83932,closed,2025-08-27T00:59:54Z,2025-10-01T23:37:51Z,,9,0,1,335,2,0,0
swiftlang/swift,79895,closed,2025-03-10T22:39:35Z,2025-10-01T22:53:43Z,2025-10-01T22:53:43Z,86,79,8,702,9,4,0
swiftlang/swift,84623,closed,2025-10-01T16:31:39Z,2025-10-01T22:48:51Z,2025-10-01T22:48:51Z,42,7,1,0,1,0,0
swiftlang/swift,84616,closed,2025-10-01T16:08:47Z,2025-10-01T22:48:38Z,2025-10-01T22:48:38Z,1,1,1,0,1,0,0
swiftlang/swift,84615,closed,2025-10-01T16:06:30Z,2025-10-01T22:48:22Z,2025-10-01T22:48:22Z,3,3,1,0,1,0,0
swiftlang/swift,84621,closed,2025-10-01T16:27:06Z,2025-10-01T21:56:23Z,2025-10-01T21:56:23Z,41,5,1,275,1,0,0
swiftlang/swift,84577,closed,2025-09-29T23:14:03Z,2025-10-01T21:08:52Z,2025-10-01T21:08:52Z,34,7,2,1162,1,0,0
swiftlang/swift,84544,closed,2025-09-26T21:48:39Z,2025-10-01T21:02:17Z,,26,4,2,29,1,0,0
swiftlang/swift,84594,closed,2025-09-30T17:44:32Z,2025-10-01T20:16:21Z,2025-10-01T20:16:21Z,72,19,3,415,7,0,0
swiftlang/swift,84608,closed,2025-10-01T11:55:30Z,2025-10-01T19:10:05Z,2025-10-01T19:10:05Z,1,0,1,0,1,3,0
swiftlang/swift,84570,closed,2025-09-29T17:36:37Z,2025-10-01T17:04:00Z,2025-10-01T17:04:00Z,26,26,13,174,2,1,0
Alvin9999/new-pac,1267,closed,2022-07-08T13:07:18Z,2022-07-20T03:51:05Z,,3,1,1,107,1,0,0
Alvin9999/new-pac,380,closed,2018-08-31T15:20:42Z,2021-06-30T05:07:38Z,,1,0,1,2,1,0,0
astral-sh/uv,16092,closed,2025-10-01T20:37:51Z,2025-10-02T07:40:25Z,2025-10-02T07:40:25Z,2,2,1,42,0,1,0
astral-sh/uv,16088,closed,2025-10-01T16:27:57Z,2025-10-01T20:57:50Z,2025-10-01T20:57:50Z,15,8,3,255,3,0,0
astral-sh/uv,16082,closed,2025-10-01T08:16:16Z,2025-10-01T20:38:27Z,2025-10-01T20:38:27Z,1,3,1,82,1,0,0
astral-sh/uv,16056,closed,2025-09-29T01:50:12Z,2025-10-01T19:56:49Z,,1,1,1,1305,3,0,0
astral-sh/uv,16057,closed,2025-09-29T01:50:19Z,2025-10-01T19:56:52Z,,1,1,1,1312,2,0,0
astral-sh/uv,16078,closed,2025-09-30T18:59:52Z,2025-10-01T16:01:42Z,2025-10-01T16:01:42Z,354,42,2,1138,1,17,0
astral-sh/uv,15909,closed,2025-09-17T12:58:39Z,2025-10-01T15:03:42Z,2025-10-01T15:03:42Z,47,52,4,99,2,1,0
astral-sh/uv,16047,closed,2025-09-28T00:49:51Z,2025-09-30T00:10:12Z,2025-09-30T00:10:12Z,179,114,13,111,2,0,0
astral-sh/uv,16046,closed,2025-09-28T00:08:30Z,2025-09-29T23:54:26Z,2025-09-29T23:54:26Z,159,101,12,245,0,3,0
astral-sh/uv,16055,closed,2025-09-28T19:05:57Z,2025-09-29T17:23:18Z,2025-09-29T17:23:18Z,197,2,3,178,0,1,0
astral-sh/uv,16027,closed,2025-09-25T16:28:59Z,2025-09-29T15:54:04Z,2025-09-29T15:54:04Z,2,0,1,154,0,4,0
astral-sh/uv,16059,closed,2025-09-29T01:50:30Z,2025-09-29T13:43:46Z,2025-09-29T13:43:46Z,2,2,1,23527,1,0,0
astral-sh/uv,15969,closed,2025-09-21T10:32:09Z,2025-09-29T09:52:18Z,,166,83,5,156,3,0,0
astral-sh/uv,15052,closed,2025-08-04T03:42:29Z,2025-08-06T12:45:04Z,2025-08-06T12:45:04Z,24,20,11,653,1,0,0
astral-sh/uv,15157,closed,2025-08-08T03:46:48Z,2025-08-08T13:01:53Z,2025-08-08T13:01:53Z,83,81,37,245,1,4,0
astral-sh/uv,10234,closed,2024-12-30T07:51:03Z,2024-12-30T16:49:58Z,2024-12-30T16:49:58Z,11,3,4,803,1,5,0
base/node,509,closed,2025-07-18T15:47:38Z,2025-07-18T17:27:10Z,,16,16,2,87,4,0,0
base/node,545,closed,2025-09-19T15:20:32Z,2025-09-23T18:21:48Z,2025-09-23T18:21:48Z,10,10,3,0,2,0,0
base/node,532,closed,2025-08-16T08:21:39Z,2025-09-22T19:29:22Z,2025-09-22T19:29:21Z,1,1,1,240,1,0,0
base/node,519,closed,2025-07-31T13:16:49Z,2025-08-28T08:55:09Z,,4,4,2,122,2,0,0
base/node,484,closed,2025-06-25T12:10:47Z,2025-08-14T09:23:11Z,,2,2,1,270,3,0,0
base/node,521,closed,2025-08-01T20:24:26Z,2025-08-13T17:04:28Z,2025-08-13T17:04:28Z,6,7,1,42,1,6,0
base/node,522,closed,2025-08-06T11:35:00Z,2025-08-06T18:11:43Z,2025-08-06T18:11:43Z,0,1,1,321,2,0,0
base/node,520,closed,2025-08-01T16:01:24Z,2025-08-04T16:45:07Z,2025-08-04T16:45:07Z,4,5,2,78,1,0,0
base/node,516,closed,2025-07-28T23:22:13Z,2025-07-31T19:57:50Z,2025-07-31T19:57:50Z,29,23,2,319,2,0,0
base/node,511,closed,2025-07-22T13:16:44Z,2025-07-23T15:51:17Z,2025-07-23T15:51:17Z,12,12,2,275,2,0,0
base/node,510,closed,2025-07-19T12:17:31Z,2025-07-21T15:23:08Z,2025-07-21T15:23:08Z,2,2,1,498,1,0,0
base/node,506,closed,2025-07-13T14:43:32Z,2025-07-21T15:13:35Z,2025-07-21T15:13:34Z,1,0,1,0,2,0,0
ocornut/imgui,8963,closed,2025-09-26T23:18:05Z,2025-09-29T13:46:02Z,,22,18,1,906,5,0,0
ocornut/imgui,8811,closed,2025-07-16T15:37:07Z,2025-10-01T16:40:11Z,,8,0,1,644,3,0,0
ocornut/imgui,8965,closed,2025-09-27T21:20:02Z,2025-09-29T16:37:07Z,,41,15,2,816,4,0,0
ocornut/imgui,8961,closed,2025-09-26T16:49:00Z,2025-09-29T14:33:15Z,,86,93,2,2315,4,0,0
ocornut/imgui,8969,closed,2025-09-29T11:33:27Z,2025-09-29T14:13:07Z,,2,1,1,416,4,0,0
ocornut/imgui,8946,closed,2025-09-18T15:45:27Z,2025-09-29T13:29:07Z,,21,9,2,588,12,0,0
ocornut/imgui,8110,closed,2024-10-28T21:41:49Z,2025-09-04T16:17:09Z,,105,16,2,972,26,0,0
ocornut/imgui,8686,closed,2025-06-14T12:01:16Z,2025-09-26T16:57:46Z,,27,13,1,1696,2,0,0
ocornut/imgui,8585,closed,2025-04-22T17:06:19Z,2025-09-26T13:44:51Z,,27,4,2,70,4,0,0
ocornut/imgui,4350,closed,2021-07-22T00:47:52Z,2025-09-25T15:36:58Z,,27,0,7,1775,6,0,0
ocornut/imgui,7919,closed,2024-08-26T01:46:09Z,2025-09-24T13:01:01Z,,15,0,1,495,15,0,0
ocornut/imgui,8957,closed,2025-09-22T16:50:36Z,2025-09-24T13:04:14Z,,541,0,5,234,1,0,0
ocornut/imgui,8501,closed,2025-03-19T13:17:42Z,2025-09-23T15:01:04Z,,25,13,1,535,4,0,0
ocornut/imgui,8556,closed,2025-04-07T16:31:05Z,2025-09-23T14:33:06Z,,82,29,1,364,2,0,0
ocornut/imgui,8956,closed,2025-09-22T16:50:17Z,2025-09-22T19:39:25Z,,521,0,5,153,1,0,0
ocornut/imgui,8925,closed,2025-09-08T03:37:34Z,2025-09-22T12:08:07Z,,58,14,3,1109,15,0,0
ocornut/imgui,8884,closed,2025-08-13T16:00:05Z,2025-09-10T18:32:03Z,,39,2,2,488,1,0,0
ocornut/imgui,8931,closed,2025-09-10T04:42:01Z,2025-09-10T17:14:08Z,,2,1,1,176,1,0,0
ocornut/imgui,8922,closed,2025-09-06T08:27:11Z,2025-09-08T09:31:02Z,,36,36,9,276,1,0,0
ocornut/imgui,8924,closed,2025-09-07T23:40:30Z,2025-09-08T09:32:39Z,2025-09-08T09:32:39Z,1,1,1,95,1,0,0
ocornut/imgui,8505,closed,2025-03-21T00:31:45Z,2025-03-21T15:23:09Z,2025-03-21T15:23:09Z,29,29,11,332,1,0,0
ocornut/imgui,8916,closed,2025-09-03T23:14:20Z,2025-09-04T16:35:22Z,,8,4,2,944,4,0,0
ocornut/imgui,8111,closed,2024-10-28T23:26:10Z,2025-09-04T16:10:18Z,,163,18,2,333,9,3,0
ocornut/imgui,8913,closed,2025-09-02T19:09:24Z,2025-09-03T07:17:23Z,2025-09-03T07:17:23Z,1,1,1,0,1,0,0
ocornut/imgui,8821,closed,2025-07-21T15:57:43Z,2025-08-27T14:30:18Z,,15,6,1,172,3,0,0
ocornut/imgui,8906,closed,2025-08-27T04:18:28Z,2025-08-27T12:53:02Z,,4,4,2,860,2,0,0
ocornut/imgui,8892,closed,2025-08-19T10:39:55Z,2025-08-20T16:54:05Z,,8,3,3,3452,1,0,0
ocornut/imgui,8888,closed,2025-08-16T16:35:23Z,2025-08-19T13:23:02Z,,59,48,7,42,3,0,0
awesomedata/awesome-public-datasets,464,closed,2024-10-17T20:47:43Z,2025-08-27T19:26:08Z,,0,2,1,88,1,0,0
awesomedata/awesome-public-datasets,409,closed,2020-10-01T22:53:03Z,2025-04-05T22:47:58Z,,1509,467,2,36,1,0,0
awesomedata/awesome-public-datasets,366,closed,2018-06-14T12:49:40Z,2024-02-15T15:58:22Z,,2,2,1,0,1,0,0
awesomedata/awesome-public-datasets,421,closed,2021-02-17T07:20:23Z,2023-06-16T12:57:59Z,,4,0,1,351,2,0,0
awesomedata/awesome-public-datasets,283,closed,2017-02-14T13:20:50Z,2022-12-16T14:29:47Z,,1,0,1,0,1,0,0
awesomedata/awesome-public-datasets,440,closed,2022-07-24T12:59:59Z,2022-07-27T08:24:06Z,,1,1,1,24,1,0,0
awesomedata/awesome-public-datasets,418,closed,2021-01-05T01:37:55Z,2022-04-21T01:55:47Z,,2,0,1,0,2,0,0
awesomedata/awesome-public-datasets,414,closed,2020-11-08T08:15:26Z,2020-11-25T18:33:55Z,,2,2,1,22,2,0,0
awesomedata/awesome-public-datasets,345,closed,2017-12-26T08:55:57Z,2019-10-28T09:53:22Z,,1,0,1,69,1,0,0
awesomedata/awesome-public-datasets,353,closed,2018-02-14T10:27:22Z,2018-02-14T16:34:22Z,2018-02-14T16:34:22Z,1,1,1,63,2,0,0
awesomedata/awesome-public-datasets,300,closed,2017-06-15T13:49:21Z,2018-01-18T12:42:48Z,,1,0,1,199,2,0,0
awesomedata/awesome-public-datasets,337,closed,2017-11-20T23:31:24Z,2018-01-18T12:37:17Z,,1,0,1,921,3,0,0
awesomedata/awesome-public-datasets,304,closed,2017-07-10T16:18:24Z,2018-01-05T15:46:17Z,,3,1,1,328,7,3,0
awesomedata/awesome-public-datasets,311,closed,2017-08-14T05:46:21Z,2018-01-05T05:47:04Z,,1,0,1,80,1,0,0
apache/superset,35395,closed,2025-10-01T07:06:49Z,2025-10-02T07:10:37Z,,1,1,1,2258,3,0,0
apache/superset,35412,closed,2025-10-01T07:29:07Z,2025-10-01T22:18:51Z,,86,9,2,2219,3,0,0
apache/superset,35370,closed,2025-10-01T07:03:12Z,2025-10-01T21:56:12Z,,1,1,1,16949,3,0,0
apache/superset,35399,closed,2025-10-01T07:08:29Z,2025-10-01T21:55:40Z,,1,1,1,2219,3,0,0
apache/superset,35364,closed,2025-10-01T07:02:40Z,2025-10-01T21:55:41Z,,1,1,1,16923,3,0,0
apache/superset,35421,closed,2025-10-01T18:14:56Z,2025-10-01T21:53:12Z,2025-10-01T21:53:12Z,36,36,2,1178,1,0,0
apache/superset,35307,closed,2025-09-26T12:59:54Z,2025-10-01T14:43:02Z,2025-10-01T14:43:02Z,30,0,2,1452,3,1,0
apache/superset,34842,closed,2025-08-25T12:17:53Z,2025-09-19T16:15:31Z,2025-09-19T16:15:31Z,71,42,4,1431,6,1,0
apache/superset,35420,closed,2025-10-01T16:06:28Z,2025-10-01T17:16:46Z,2025-10-01T17:16:46Z,88,0,2,1480,2,9,0
apache/superset,35341,closed,2025-09-30T14:32:01Z,2025-10-01T11:39:03Z,2025-10-01T11:39:03Z,263,12,3,1353,0,1,0
apache/superset,34925,closed,2025-09-01T12:02:39Z,2025-10-01T17:33:39Z,,1,1,1,9797,4,0,0
apache/superset,34488,closed,2025-08-01T07:50:47Z,2025-10-01T17:30:11Z,,24,9,2,4791,4,0,0
apache/superset,35359,closed,2025-10-01T07:02:11Z,2025-10-01T17:26:07Z,2025-10-01T17:26:07Z,29,26,2,25767,4,0,0
apache/superset,34930,closed,2025-09-01T12:14:12Z,2025-10-01T17:26:48Z,,72,134,2,3949,7,0,0
apache/superset,35366,closed,2025-10-01T07:02:40Z,2025-10-01T17:26:41Z,,38,39,2,25404,3,0,0
apache/superset,35360,closed,2025-10-01T07:02:32Z,2025-10-01T17:26:20Z,,3707,3960,2,9855,3,0,0
localsend/localsend,2718,closed,2025-09-21T20:56:34Z,2025-09-22T00:32:29Z,2025-09-22T00:32:29Z,1,0,1,2284,1,0,0
localsend/localsend,2555,closed,2025-07-03T17:41:07Z,2025-07-09T20:32:59Z,2025-07-09T20:32:59Z,215,1,99,1065,9,0,0
localsend/localsend,2698,closed,2025-09-10T19:23:09Z,2025-09-11T20:15:55Z,,1825,0,14,1938,1,0,0
localsend/localsend,2629,closed,2025-08-05T05:25:17Z,2025-09-06T12:57:37Z,,686,0,8,1551,0,3,0
localsend/localsend,2529,closed,2025-06-23T16:17:56Z,2025-07-15T11:41:10Z,,0,0,0,287,1,0,0
localsend/localsend,2204,closed,2025-01-09T02:18:30Z,2025-07-12T16:59:45Z,2025-07-12T16:59:45Z,31551,1208,171,12,1,0,0
localsend/localsend,2416,closed,2025-04-21T19:22:59Z,2025-05-26T16:49:53Z,2025-05-26T16:49:53Z,995,797,35,1949,5,1,0
localsend/localsend,2457,closed,2025-05-13T17:50:53Z,2025-05-14T01:51:43Z,2025-05-14T01:51:43Z,13,3,1,119,1,0,0
localsend/localsend,2455,closed,2025-05-12T10:00:06Z,2025-05-14T00:12:26Z,2025-05-14T00:12:26Z,13,4,2,158,1,2,0
localsend/localsend,2456,closed,2025-05-12T18:16:46Z,2025-05-13T02:18:58Z,,3,2,1,687,1,0,0
localsend/localsend,2280,closed,2025-02-12T11:17:52Z,2025-02-17T23:59:45Z,,214,202,2,90,3,0,0
localsend/localsend,2432,closed,2025-04-28T02:47:27Z,2025-05-06T19:26:17Z,,31,25,6,1449,1,0,0
openai/openai-cookbook,2151,closed,2025-09-18T00:24:20Z,2025-09-26T09:45:16Z,,647,271,2,2383,0,2,0
openai/openai-cookbook,2152,closed,2025-09-18T03:48:11Z,2025-09-26T09:45:17Z,,75,17,164,3628,0,1,0
openai/openai-cookbook,2143,closed,2025-09-16T04:37:03Z,2025-09-26T09:45:13Z,,1503,1608,178,3239,1,5,0
openai/openai-cookbook,2125,closed,2025-09-09T05:33:53Z,2025-09-26T07:39:35Z,,225,0,4,3058,0,6,0
openai/openai-cookbook,2155,closed,2025-09-23T04:59:23Z,2025-09-24T19:51:39Z,2025-09-24T19:51:39Z,268,0,9,2414,0,4,0
openai/openai-cookbook,1835,closed,2025-05-11T21:03:43Z,2025-09-21T02:12:09Z,,1,13,1,110,4,0,0
openai/openai-cookbook,1941,closed,2025-07-11T18:33:39Z,2025-09-21T02:12:06Z,,1368,0,12,1855,2,0,0
openai/openai-cookbook,2132,closed,2025-09-12T02:34:03Z,2025-09-17T23:36:20Z,,0,0,0,1354,0,1,0
openai/openai-cookbook,2149,closed,2025-09-17T18:30:57Z,2025-09-17T19:59:06Z,2025-09-17T19:59:06Z,4,4,2,70,1,0,0
openai/openai-cookbook,2123,closed,2025-09-08T17:05:29Z,2025-09-10T21:07:35Z,2025-09-10T21:07:35Z,1426,0,6,2934,3,0,0
openai/openai-cookbook,1916,closed,2025-06-23T07:28:26Z,2025-09-09T02:07:33Z,,0,3489,31,2861,3,0,0
openai/openai-cookbook,1930,closed,2025-06-30T18:00:56Z,2025-09-09T02:07:31Z,,211,1,3,2700,2,0,0
Stirling-Tools/Stirling-PDF,4530,closed,2025-09-28T12:04:52Z,2025-10-01T19:22:05Z,2025-10-01T19:22:05Z,1156,132,16,1566,1,6,0
Stirling-Tools/Stirling-PDF,4500,closed,2025-09-25T20:41:17Z,2025-10-01T11:18:31Z,2025-10-01T11:18:31Z,645,7,7,1478,0,9,0
Stirling-Tools/Stirling-PDF,4559,closed,2025-09-30T15:02:14Z,2025-09-30T23:03:26Z,2025-09-30T23:03:26Z,3641,389,8,1566,0,3,0
Stirling-Tools/Stirling-PDF,4543,closed,2025-09-29T16:38:54Z,2025-09-30T16:24:01Z,,8,8,1,1566,1,0,0
Stirling-Tools/Stirling-PDF,4556,closed,2025-09-30T12:15:43Z,2025-09-30T13:36:44Z,2025-09-30T13:36:44Z,7496,941,10,1566,0,5,0
Stirling-Tools/Stirling-PDF,4416,closed,2025-09-08T09:16:56Z,2025-09-30T11:02:13Z,2025-09-30T11:02:13Z,112,108,15,100,0,2,0
Stirling-Tools/Stirling-PDF,4542,closed,2025-09-28T20:43:20Z,2025-09-29T21:11:32Z,2025-09-29T21:11:32Z,869,29,41,1003,1,0,0
Stirling-Tools/Stirling-PDF,4136,closed,2025-08-07T13:06:47Z,2025-09-29T14:37:37Z,2025-09-29T14:37:37Z,35,44,2,4277,2,0,0
Stirling-Tools/Stirling-PDF,4441,closed,2025-09-13T11:55:33Z,2025-09-29T13:46:26Z,2025-09-29T13:46:26Z,62,6,5,2165,5,4,0
Stirling-Tools/Stirling-PDF,4508,closed,2025-09-26T02:19:19Z,2025-09-29T12:54:29Z,,689,2,12,1431,1,0,0
Stirling-Tools/Stirling-PDF,4523,closed,2025-09-27T11:37:24Z,2025-09-29T11:48:35Z,2025-09-29T11:48:35Z,8,4,2,1691,2,0,0
Stirling-Tools/Stirling-PDF,4521,closed,2025-09-27T10:54:52Z,2025-09-29T11:39:16Z,,49,49,29,2297,1,0,0
Stirling-Tools/Stirling-PDF,4208,closed,2025-08-14T13:06:26Z,2025-09-29T11:34:58Z,,88,37,8,1512,2,4,0
Stirling-Tools/Stirling-PDF,4520,closed,2025-09-27T08:26:47Z,2025-09-29T11:21:48Z,2025-09-29T11:21:48Z,8,7,1,1927,1,0,0
Stirling-Tools/Stirling-PDF,4472,closed,2025-09-20T12:53:43Z,2025-09-28T20:41:51Z,2025-09-28T20:41:51Z,737,2,12,3852,1,7,0
Stirling-Tools/Stirling-PDF,4095,closed,2025-08-01T21:07:52Z,2025-09-28T20:40:23Z,2025-09-28T20:40:23Z,80,137,6,1894,1,7,0
Stirling-Tools/Stirling-PDF,4465,closed,2025-09-18T12:44:58Z,2025-09-28T20:31:14Z,2025-09-28T20:31:14Z,256,38,42,1003,1,0,0
Stirling-Tools/Stirling-PDF,4448,closed,2025-09-15T22:04:19Z,2025-09-28T20:30:13Z,,2,2,1,1997,1,0,0
Stirling-Tools/Stirling-PDF,4450,closed,2025-09-15T22:04:49Z,2025-09-28T20:30:05Z,,2,2,1,1991,1,0,0
Stirling-Tools/Stirling-PDF,4132,closed,2025-08-07T10:35:46Z,2025-09-28T19:51:41Z,2025-09-28T19:51:41Z,67,79,24,2739,0,13,0
Stirling-Tools/Stirling-PDF,4449,closed,2025-09-15T22:04:41Z,2025-09-28T16:13:30Z,,1,1,1,15291,1,0,0
Stirling-Tools/Stirling-PDF,4426,closed,2025-09-09T15:59:05Z,2025-09-28T15:57:50Z,2025-09-28T15:57:50Z,36,36,1,27,1,0,0
Stirling-Tools/Stirling-PDF,4218,closed,2025-08-16T11:36:38Z,2025-09-28T15:56:35Z,2025-09-28T15:56:35Z,1946,616,78,4723,13,31,0
Stirling-Tools/Stirling-PDF,4497,closed,2025-09-25T17:06:16Z,2025-09-28T15:41:21Z,2025-09-28T15:41:21Z,242,123,21,2400,0,2,0
Stirling-Tools/Stirling-PDF,4494,closed,2025-09-25T13:05:26Z,2025-09-28T15:39:20Z,2025-09-28T15:39:20Z,139,19,8,3326,2,2,0
Stirling-Tools/Stirling-PDF,4473,closed,2025-09-20T18:46:09Z,2025-09-28T15:35:06Z,,2,2,2,1985,1,0,0
Stirling-Tools/Stirling-PDF,4411,closed,2025-09-07T12:23:17Z,2025-09-28T15:30:30Z,2025-09-28T15:30:30Z,114,114,1,1592,1,0,0
Stirling-Tools/Stirling-PDF,4401,closed,2025-09-05T17:48:07Z,2025-09-28T15:30:21Z,2025-09-28T15:30:21Z,1,1,1,1629,1,0,0
expressjs/express,6780,closed,2025-09-22T06:17:08Z,2025-09-25T05:20:45Z,2025-09-25T05:20:45Z,0,1,1,1919,2,0,0
expressjs/express,5819,closed,2024-08-09T04:50:07Z,2024-10-20T18:06:49Z,2024-10-20T18:06:49Z,50,0,1,0,2,4,0
expressjs/express,6775,closed,2025-09-19T13:13:30Z,2025-09-19T17:42:50Z,,1,1,1,1290,1,0,0
expressjs/express,6754,closed,2025-09-10T07:28:58Z,2025-09-14T14:36:24Z,,55,0,3,1290,1,0,0
expressjs/express,6599,closed,2025-06-27T13:36:23Z,2025-09-03T20:42:15Z,,4,1,1,67,4,0,0
expressjs/express,6588,closed,2025-06-23T02:37:16Z,2025-08-20T13:18:37Z,2025-08-20T13:18:37Z,4,0,1,224,5,2,0
expressjs/express,6276,closed,2025-01-13T18:36:33Z,2025-01-23T15:51:46Z,2025-01-23T15:51:46Z,1,0,1,262,1,0,0
expressjs/express,6710,closed,2025-08-16T07:00:17Z,2025-08-16T14:17:52Z,,1,0,1,1312,1,0,0
expressjs/express,6644,closed,2025-07-17T07:00:27Z,2025-08-12T22:58:13Z,2025-08-12T22:58:13Z,1,0,1,91,2,0,0
expressjs/express,6698,closed,2025-08-09T23:09:13Z,2025-08-10T03:09:07Z,,1,0,1,1290,1,0,0
PKUFlyingPig/cs-self-learning,788,closed,2025-08-30T08:32:31Z,2025-08-31T00:42:32Z,2025-08-31T00:42:32Z,6,2,2,137,1,0,0
PKUFlyingPig/cs-self-learning,784,closed,2025-08-18T16:25:21Z,2025-08-19T14:17:58Z,2025-08-19T14:17:58Z,2,2,2,0,1,0,0
PKUFlyingPig/cs-self-learning,776,closed,2025-07-28T13:51:19Z,2025-07-28T15:09:56Z,2025-07-28T15:09:56Z,2,2,1,764,1,0,0
PKUFlyingPig/cs-self-learning,775,closed,2025-07-26T14:09:42Z,2025-07-28T15:07:57Z,2025-07-28T15:07:57Z,2,2,2,131,3,0,0
PKUFlyingPig/cs-self-learning,774,closed,2025-07-18T10:12:09Z,2025-07-19T12:09:15Z,,3,0,1,17,1,0,0
PKUFlyingPig/cs-self-learning,765,closed,2025-06-23T09:43:31Z,2025-06-24T04:29:14Z,2025-06-24T04:29:14Z,2,2,2,34,1,0,0
PKUFlyingPig/cs-self-learning,759,closed,2025-06-16T10:34:06Z,2025-06-16T13:24:25Z,2025-06-16T13:24:25Z,9,7,2,221,1,0,0
PKUFlyingPig/cs-self-learning,756,closed,2025-06-12T19:27:02Z,2025-06-14T10:02:57Z,2025-06-14T10:02:57Z,2,2,1,471,1,0,0
PKUFlyingPig/cs-self-learning,755,closed,2025-06-12T08:03:29Z,2025-06-14T10:01:54Z,2025-06-14T10:01:54Z,5,5,2,25,1,0,0
PKUFlyingPig/cs-self-learning,751,closed,2025-06-09T06:50:56Z,2025-06-09T11:39:46Z,2025-06-09T11:39:46Z,4,0,2,0,1,0,0
PKUFlyingPig/cs-self-learning,418,closed,2023-03-07T15:56:37Z,2025-06-08T03:11:59Z,,5277,5219,164,32,4,0,0
PKUFlyingPig/cs-self-learning,662,closed,2024-09-20T03:51:00Z,2025-06-08T03:11:08Z,2025-06-08T03:11:08Z,6,6,2,0,1,0,0
PKUFlyingPig/cs-self-learning,728,closed,2025-03-31T15:32:44Z,2025-06-08T03:08:50Z,2025-06-08T03:08:50Z,10,6,2,91,1,2,0
PKUFlyingPig/cs-self-learning,702,closed,2025-01-27T08:56:15Z,2025-06-08T03:07:48Z,,226,95,8,9,3,0,0
PKUFlyingPig/cs-self-learning,717,closed,2025-03-08T16:36:45Z,2025-06-07T16:24:36Z,2025-06-07T16:24:36Z,48,0,2,78,2,0,0
PKUFlyingPig/cs-self-learning,727,closed,2025-03-31T12:49:53Z,2025-06-07T16:23:04Z,2025-06-07T16:23:04Z,63,0,3,28,1,0,0
PKUFlyingPig/cs-self-learning,731,closed,2025-04-02T11:51:21Z,2025-06-07T16:19:13Z,,346,4,7,52,4,0,0
PKUFlyingPig/cs-self-learning,680,closed,2024-11-26T03:08:40Z,2025-06-07T16:17:57Z,,173,0,7,449,2,0,0
PKUFlyingPig/cs-self-learning,693,closed,2025-01-02T02:43:19Z,2025-06-07T16:17:39Z,,65,0,3,0,2,0,0
PKUFlyingPig/cs-self-learning,744,closed,2025-06-07T03:07:38Z,2025-06-07T15:18:04Z,2025-06-07T15:18:04Z,66,8,7,0,1,0,0
PKUFlyingPig/cs-self-learning,673,closed,2024-10-23T13:43:39Z,2025-06-07T15:24:41Z,,0,0,1,60,1,0,0
PKUFlyingPig/cs-self-learning,683,closed,2024-12-01T02:24:16Z,2025-06-07T15:24:17Z,,2,2,1,0,1,0,0
PKUFlyingPig/cs-self-learning,715,closed,2025-03-04T01:03:13Z,2025-06-07T15:19:00Z,,40,0,2,92,10,0,0
PKUFlyingPig/cs-self-learning,742,closed,2025-05-21T18:06:44Z,2025-05-23T12:56:07Z,2025-05-23T12:56:07Z,1,0,1,312,1,0,0
PKUFlyingPig/cs-self-learning,739,closed,2025-05-08T13:13:24Z,2025-05-10T15:57:11Z,2025-05-10T15:57:11Z,3,3,2,849,1,0,0
PKUFlyingPig/cs-self-learning,738,closed,2025-05-03T07:00:47Z,2025-05-10T15:58:31Z,2025-05-10T15:58:31Z,16,8,2,232,2,0,0
PKUFlyingPig/cs-self-learning,729,closed,2025-04-02T05:08:05Z,2025-04-06T07:54:14Z,2025-04-06T07:54:14Z,8,8,2,273,3,0,0
PKUFlyingPig/cs-self-learning,730,closed,2025-04-02T10:40:37Z,2025-04-03T15:57:34Z,2025-04-03T15:57:34Z,2,2,1,13,1,0,0
PKUFlyingPig/cs-self-learning,553,closed,2024-01-12T09:06:07Z,2025-03-24T13:34:32Z,,23,0,2,0,1,0,0
PKUFlyingPig/cs-self-learning,724,closed,2025-03-24T10:55:28Z,2025-03-24T13:34:31Z,2025-03-24T13:34:31Z,49,0,3,129,2,1,0
PKUFlyingPig/cs-self-learning,722,closed,2025-03-22T15:46:31Z,2025-03-23T14:47:23Z,2025-03-23T14:47:23Z,2,2,1,87,1,0,0
PKUFlyingPig/cs-self-learning,721,closed,2025-03-22T03:30:07Z,2025-03-22T09:25:55Z,2025-03-22T09:25:55Z,3,3,1,33,1,0,0
PKUFlyingPig/cs-self-learning,714,closed,2025-03-03T13:40:32Z,2025-03-03T16:34:03Z,2025-03-03T16:34:02Z,2,0,2,2,1,0,0
PKUFlyingPig/cs-self-learning,712,closed,2025-02-26T12:27:40Z,2025-02-27T07:18:35Z,2025-02-27T07:18:35Z,2,2,2,77,1,0,0
PKUFlyingPig/cs-self-learning,709,closed,2025-02-21T08:38:33Z,2025-02-21T12:28:54Z,2025-02-21T12:28:54Z,16,11,2,86,1,0,0
PKUFlyingPig/cs-self-learning,701,closed,2025-01-24T16:46:05Z,2025-02-21T12:31:57Z,2025-02-21T12:31:57Z,4,2,3,45,1,0,0
PKUFlyingPig/cs-self-learning,708,closed,2025-02-21T08:10:05Z,2025-02-21T12:30:07Z,2025-02-21T12:30:06Z,6,6,2,69,1,0,0
twitter/the-algorithm,15990,closed,2025-09-13T20:29:11Z,2025-10-01T18:24:41Z,,7,4,1,816,2,0,0
twitter/the-algorithm,1967,closed,2024-01-23T17:27:37Z,2025-09-24T17:37:02Z,,1,630434,13791,303,17,3,0
twitter/the-algorithm,1674,closed,2023-04-05T10:44:19Z,2023-04-05T19:07:41Z,,0,459366,5362,22,130,1,0
twitter/the-algorithm,640,closed,2023-04-01T03:27:56Z,2023-04-03T13:45:37Z,,1333,0,1,0,55,41,0
twitter/the-algorithm,1685,closed,2023-04-05T18:25:18Z,2025-08-22T07:39:05Z,,2,2,2,128,1,0,0
twitter/the-algorithm,1656,closed,2023-04-04T22:00:11Z,2025-07-08T22:48:36Z,,7,0,1,66,1,0,0
twitter/the-algorithm,514,closed,2023-04-01T00:14:50Z,2025-07-07T05:06:01Z,,2,2,2,200,2,0,0
twitter/the-algorithm,1837,closed,2023-05-23T03:52:49Z,2025-06-16T13:05:47Z,,12,8,1,951,1,0,0
twitter/the-algorithm,335,closed,2023-03-31T21:30:31Z,2023-03-31T22:41:42Z,,0,3,1,41,6,0,0
twitter/the-algorithm,234,closed,2023-03-31T19:28:49Z,2023-03-31T22:42:28Z,,13,0,3,112,11,0,0
twitter/the-algorithm,296,closed,2023-03-31T21:04:06Z,2023-03-31T22:41:33Z,,0,1,1,100,7,1,0
twitter/the-algorithm,160,closed,2023-03-31T19:18:15Z,2023-03-31T22:42:19Z,,2,14,1,33,31,0,0
twitter/the-algorithm,280,closed,2023-03-31T20:52:56Z,2023-03-31T22:41:42Z,,0,460244,5363,0,27,0,0
twitter/the-algorithm,344,closed,2023-03-31T21:39:49Z,2023-03-31T22:41:36Z,,0,5,1,32,8,0,0
twitter/the-algorithm,263,closed,2023-03-31T20:44:07Z,2023-03-31T22:41:45Z,,0,184751,1440,33,23,0,0
twitter/the-algorithm,2026,closed,2024-03-23T23:26:27Z,2025-01-08T05:31:22Z,,19876,19876,2003,0,2,0,0
twitter/the-algorithm,1026,closed,2023-04-01T18:29:19Z,2025-06-01T11:30:46Z,,13,12,1,41,1,1,0
twitter/the-algorithm,1020,closed,2023-04-01T18:26:27Z,2025-06-01T11:30:45Z,,129,121,22,41,1,0,0
twitter/the-algorithm,712,closed,2023-04-01T06:05:14Z,2025-02-07T20:55:12Z,,87,460174,5364,52,4,0,0
twitter/the-algorithm,1730,closed,2023-04-07T09:01:29Z,2024-12-30T07:57:25Z,,22,7,2,160,1,0,0
twitter/the-algorithm,1719,closed,2023-04-06T19:24:24Z,2024-12-30T07:57:25Z,,22,7,2,23,2,1,0
twitter/the-algorithm,13640,closed,2024-11-07T18:51:45Z,2024-12-27T17:54:20Z,,963,957,7,7,2,0,0
twitter/the-algorithm,1418,closed,2023-04-02T10:29:33Z,2023-04-03T13:45:46Z,,0,0,1,24,36,0,0
twitter/the-algorithm,546,closed,2023-04-01T00:50:14Z,2023-04-01T01:55:17Z,,0,460176,5365,165,6,0,0
twitter/the-algorithm,2005,closed,2024-02-29T14:52:26Z,2024-11-20T15:12:07Z,,8,8,1,0,1,0,0
twitter/the-algorithm,843,closed,2023-04-01T11:26:01Z,2024-11-09T08:37:41Z,,59,90,3,3165,2,0,0
obsproject/obs-studio,12534,closed,2025-08-23T15:09:31Z,2025-08-28T20:31:37Z,2025-08-28T20:31:37Z,19,19,1,3503,4,0,0
obsproject/obs-studio,2969,closed,2020-05-21T23:09:35Z,2025-09-27T05:40:04Z,,415,243,21,1114,14,4,0
obsproject/obs-studio,12660,closed,2025-09-25T05:47:08Z,2025-09-26T18:31:08Z,2025-09-26T18:31:08Z,1,1,1,2526,5,0,0
obsproject/obs-studio,12666,closed,2025-09-25T19:10:00Z,2025-09-26T16:12:09Z,2025-09-26T16:12:08Z,10,1,3,1415,3,0,0
obsproject/obs-studio,12665,closed,2025-09-25T18:34:21Z,2025-09-26T05:48:39Z,2025-09-26T05:48:39Z,7,18,3,2678,1,0,0
obsproject/obs-studio,4734,closed,2021-05-20T20:39:29Z,2025-09-26T08:58:50Z,,90,8,5,2507,19,5,0
obsproject/obs-studio,12646,closed,2025-09-23T15:14:02Z,2025-09-26T05:48:40Z,,2,1,1,2432,9,0,0
obsproject/obs-studio,12548,closed,2025-08-28T13:14:53Z,2025-09-15T16:57:25Z,,9,1,1,1806,7,0,0
obsproject/obs-studio,12591,closed,2025-09-05T19:14:35Z,2025-09-22T19:30:09Z,2025-09-22T19:30:09Z,2,2,1,969,2,0,0
obsproject/obs-studio,9442,closed,2023-08-15T19:33:36Z,2025-09-17T23:56:05Z,2025-09-17T23:56:05Z,11,11,6,2056,13,0,0
obsproject/obs-studio,2135,closed,2019-10-21T15:44:36Z,2025-09-16T10:47:09Z,,192,88,3,778,11,0,0
obsproject/obs-studio,2133,closed,2019-10-18T02:59:25Z,2020-08-19T08:37:12Z,,402,76,9,1377,13,0,0
obsproject/obs-studio,12500,closed,2025-08-13T18:14:12Z,2025-09-15T20:06:38Z,2025-09-15T20:06:38Z,20,0,1,2117,3,2,0
obsproject/obs-studio,12605,closed,2025-09-08T11:14:22Z,2025-09-12T17:46:58Z,2025-09-12T17:46:58Z,4,1,1,2930,4,0,0
obsproject/obs-studio,12528,closed,2025-08-22T21:02:32Z,2025-09-12T20:41:48Z,2025-09-12T20:41:48Z,20,1,1,3768,0,2,0
obsproject/obs-studio,12607,closed,2025-09-08T19:18:56Z,2025-09-12T18:18:27Z,2025-09-12T18:18:27Z,517,64,7,1723,2,10,0
obsproject/obs-studio,12603,closed,2025-09-08T00:44:11Z,2025-09-12T17:19:31Z,,2,22,2,428,3,0,0
obsproject/obs-studio,12590,closed,2025-09-05T18:32:16Z,2025-09-08T21:39:39Z,2025-09-08T21:39:39Z,9,7,3,2987,0,2,0
obsproject/obs-studio,12562,closed,2025-08-30T11:35:54Z,2025-09-04T19:14:46Z,2025-09-04T19:14:46Z,10,10,2,2394,4,0,0
obsproject/obs-studio,12566,closed,2025-08-30T18:09:01Z,2025-09-04T20:29:17Z,2025-09-04T20:29:17Z,4,26,1,2554,2,0,0
obsproject/obs-studio,12306,closed,2025-06-22T01:09:38Z,2025-09-04T21:58:27Z,2025-09-04T21:58:27Z,8610,21,47,5284,5,28,0
obsproject/obs-studio,12161,closed,2025-05-14T20:56:39Z,2025-08-20T19:15:08Z,2025-08-20T19:15:08Z,169,24,2,7851,2,0,0
obsproject/obs-studio,12527,closed,2025-08-22T13:59:11Z,2025-08-28T19:11:59Z,2025-08-28T19:11:59Z,2,2,1,2773,1,0,0
obsproject/obs-studio,12583,closed,2025-09-04T00:48:01Z,2025-09-04T20:57:07Z,2025-09-04T20:57:07Z,8,134,4,2829,2,0,0
obsproject/obs-studio,12578,closed,2025-09-03T14:10:56Z,2025-09-04T19:50:25Z,,8,2,2,2689,1,0,0
obsproject/obs-studio,12572,closed,2025-09-01T10:24:12Z,2025-09-04T18:17:02Z,2025-09-04T18:17:02Z,47,28,7,3300,0,3,0
obsproject/obs-studio,12575,closed,2025-09-02T09:41:57Z,2025-09-03T20:01:58Z,2025-09-03T20:01:58Z,3,3,1,4166,13,0,0
obsproject/obs-studio,12558,closed,2025-08-29T23:00:50Z,2025-09-03T19:34:26Z,2025-09-03T19:34:26Z,10,18,7,3841,2,0,0
obsproject/obs-studio,12550,closed,2025-08-28T20:37:21Z,2025-09-03T18:14:49Z,2025-09-03T18:14:49Z,19,1,4,999,0,2,0
obsproject/obs-studio,12573,closed,2025-09-01T12:59:47Z,2025-09-03T17:34:51Z,2025-09-03T17:34:51Z,8,4,4,1278,0,1,0
obsproject/obs-studio,12560,closed,2025-08-30T11:04:01Z,2025-09-02T19:28:33Z,2025-09-02T19:28:33Z,9,1,2,2598,6,1,0
caddyserver/caddy,7258,closed,2025-09-14T06:46:05Z,2025-09-26T16:50:15Z,2025-09-26T16:50:15Z,167,20,7,1859,5,10,0
caddyserver/caddy,7275,closed,2025-09-26T04:40:05Z,2025-09-26T07:14:48Z,2025-09-26T07:14:48Z,48,48,14,49,2,0,0
caddyserver/caddy,7274,closed,2025-09-26T00:47:37Z,2025-09-26T16:46:19Z,2025-09-26T16:46:19Z,3,1,1,2797,2,0,0
caddyserver/caddy,7276,closed,2025-09-26T08:13:00Z,2025-09-26T16:44:58Z,2025-09-26T16:44:58Z,0,1,1,248,1,0,0
caddyserver/caddy,7273,closed,2025-09-25T15:22:05Z,2025-09-26T01:24:26Z,2025-09-26T01:24:26Z,3,3,2,0,2,0,0
caddyserver/caddy,7268,closed,2025-09-20T08:22:39Z,2025-09-23T03:12:06Z,2025-09-23T03:12:06Z,6,6,2,1532,1,0,0
caddyserver/caddy,7257,closed,2025-09-14T03:44:49Z,2025-09-15T15:29:50Z,2025-09-15T15:29:50Z,37,6,3,922,1,0,0
caddyserver/caddy,7253,closed,2025-09-11T09:46:23Z,2025-09-11T16:15:09Z,2025-09-11T16:15:09Z,2,4,1,918,1,0,0
caddyserver/caddy,7251,closed,2025-09-11T01:06:47Z,2025-09-11T04:48:04Z,2025-09-11T04:48:04Z,5,5,1,110,2,1,0
caddyserver/caddy,7206,closed,2025-08-23T18:55:07Z,2025-09-12T20:29:10Z,2025-09-12T20:29:10Z,120,11,3,405,1,0,0
caddyserver/caddy,7189,closed,2025-08-20T20:16:55Z,2025-08-22T21:29:35Z,2025-08-22T21:29:35Z,214,23,6,286,7,2,0
caddyserver/caddy,7238,closed,2025-09-04T07:09:58Z,2025-09-05T15:41:06Z,2025-09-05T15:41:06Z,29,1,2,2101,1,0,0
caddyserver/caddy,7235,closed,2025-09-02T17:04:20Z,2025-09-02T21:34:56Z,2025-09-02T21:34:56Z,19,1,1,1447,2,1,0
caddyserver/caddy,7217,closed,2025-08-26T21:04:44Z,2025-09-01T15:30:34Z,2025-09-01T15:30:34Z,2,14,1,75,6,0,0
caddyserver/caddy,7214,closed,2025-08-26T10:18:45Z,2025-08-27T20:58:15Z,2025-08-27T20:58:14Z,1,0,1,466,4,0,0
caddyserver/caddy,7215,closed,2025-08-26T19:53:08Z,2025-08-26T21:13:54Z,2025-08-26T21:13:54Z,17,2,2,367,2,0,0
caddyserver/caddy,7212,closed,2025-08-25T15:49:46Z,2025-08-25T18:50:26Z,2025-08-25T18:50:26Z,60,2,3,588,0,3,0
caddyserver/caddy,7181,closed,2025-08-13T19:16:46Z,2025-08-25T15:07:51Z,2025-08-25T15:07:51Z,46,1,3,269,4,4,0
caddyserver/caddy,6984,closed,2025-04-24T08:57:01Z,2025-04-28T14:31:10Z,2025-04-28T14:31:10Z,2,2,1,189,2,0,0
fffaraz/awesome-cpp,1710,closed,2025-09-19T22:45:52Z,2025-09-20T02:05:33Z,,1,0,1,196,1,0,0
fffaraz/awesome-cpp,1576,closed,2024-10-03T17:25:29Z,2025-05-15T15:01:05Z,2025-05-15T15:01:05Z,1,1,1,0,1,2,0
fffaraz/awesome-cpp,1635,closed,2025-01-17T14:30:29Z,2025-01-17T16:10:25Z,2025-01-17T16:10:25Z,1,0,1,0,0,1,0
fffaraz/awesome-cpp,1605,closed,2024-11-23T11:20:16Z,2024-11-25T04:47:36Z,,1,0,1,131,1,0,0
fffaraz/awesome-cpp,1594,closed,2024-11-01T08:55:33Z,2024-11-10T04:23:45Z,,1,0,1,0,2,0,0
fffaraz/awesome-cpp,1580,closed,2024-10-15T12:09:59Z,2024-10-17T01:09:18Z,,2,0,1,0,0,1,0
fffaraz/awesome-cpp,1575,closed,2024-10-01T17:58:25Z,2024-10-01T20:47:33Z,,1,1,1,368,1,0,0
fffaraz/awesome-cpp,1565,closed,2024-09-21T15:16:25Z,2024-09-21T20:47:59Z,2024-09-21T20:47:59Z,1,0,1,0,1,0,0
ansible/ansible,85805,closed,2025-09-04T09:18:30Z,2025-10-01T17:44:53Z,2025-10-01T17:44:53Z,23,16,5,301,9,0,0
ansible/ansible,85936,closed,2025-10-01T19:03:06Z,2025-10-01T21:33:22Z,2025-10-01T21:33:22Z,30,127,4,203,0,1,0
ansible/ansible,84270,closed,2024-11-06T17:35:02Z,2025-10-01T19:03:23Z,,38,129,4,254,10,17,0
ansible/ansible,85871,closed,2025-09-17T23:52:33Z,2025-10-01T16:07:29Z,2025-10-01T16:07:29Z,11,1,3,365,4,0,0
ansible/ansible,85932,closed,2025-10-01T00:15:58Z,2025-10-01T15:50:21Z,2025-10-01T15:50:21Z,0,1008,3,431,1,0,0
ansible/ansible,85638,closed,2025-08-10T14:22:46Z,2025-09-03T21:52:22Z,2025-09-03T21:52:22Z,149,22,8,929,5,0,0
ansible/ansible,85497,closed,2025-07-16T18:57:49Z,2025-09-03T21:17:50Z,2025-09-03T21:17:50Z,167,3,6,305,6,0,0
ansible/ansible,85877,closed,2025-09-19T12:08:30Z,2025-10-01T07:56:14Z,2025-10-01T07:56:14Z,43,13,9,506,6,3,0
ansible/ansible,83853,closed,2024-08-26T00:19:13Z,2025-10-01T07:56:16Z,,5,1,1,5159,2,0,0
ansible/ansible,85381,closed,2025-06-24T19:03:57Z,2025-09-30T17:20:34Z,,13,7,3,200,9,9,0
ansible/ansible,85913,closed,2025-09-24T15:27:17Z,2025-09-30T15:19:10Z,2025-09-30T15:19:10Z,1,1,1,169,4,0,0
ansible/ansible,85361,closed,2025-06-19T19:47:53Z,2025-09-30T14:08:43Z,2025-09-30T14:08:43Z,17,3,5,187,5,4,0
ansible/ansible,85753,closed,2025-08-28T07:12:36Z,2025-09-02T23:06:43Z,2025-09-02T23:06:43Z,10,0,3,377,2,0,0
ansible/ansible,85748,closed,2025-08-26T22:55:58Z,2025-09-02T15:11:31Z,2025-09-02T15:11:31Z,40,0,4,402,0,4,0
ansible/ansible,85727,closed,2025-08-25T14:26:47Z,2025-09-02T15:31:25Z,,2,2,2,104,2,1,0
ansible/ansible,85709,closed,2025-08-20T19:15:19Z,2025-09-02T23:19:05Z,2025-09-02T23:19:05Z,26,10,3,828,2,0,0
ansible/ansible,85707,closed,2025-08-20T06:30:00Z,2025-09-02T23:20:30Z,2025-09-02T23:20:30Z,21,1,4,377,6,0,0
ansible/ansible,85705,closed,2025-08-19T20:26:01Z,2025-09-02T17:30:04Z,2025-09-02T17:30:04Z,38,2,3,313,3,6,0
chartjs/Chart.js,12121,closed,2025-09-12T21:57:47Z,2025-09-19T16:57:40Z,,31,0,1,1436,0,2,0
chartjs/Chart.js,12120,closed,2025-09-10T21:04:51Z,2025-09-16T17:24:08Z,2025-09-16T17:24:08Z,2,2,1,1075,0,4,0
chartjs/Chart.js,12118,closed,2025-09-08T02:02:34Z,2025-09-11T15:17:29Z,2025-09-11T15:17:29Z,4,4,3,9129,1,0,0
chartjs/Chart.js,12097,closed,2025-07-11T10:51:48Z,2025-07-11T19:38:17Z,2025-07-11T19:38:17Z,6,6,2,504,1,0,0
chartjs/Chart.js,12119,closed,2025-09-09T19:59:06Z,2025-09-10T12:35:44Z,,604,0,1,394,1,0,0
chartjs/Chart.js,12070,closed,2025-05-07T13:29:21Z,2025-06-05T15:27:57Z,2025-06-05T15:27:57Z,92,4,3,625,15,2,0
chartjs/Chart.js,11470,closed,2023-08-28T19:40:42Z,2025-06-10T12:31:42Z,2025-06-10T12:31:42Z,26,11,8,84,6,0,0
chartjs/Chart.js,12025,closed,2025-02-10T02:27:14Z,2025-06-06T11:55:10Z,2025-06-06T11:55:10Z,5,5,4,4804,1,0,0
chartjs/Chart.js,12058,closed,2025-04-14T09:47:15Z,2025-04-15T13:31:58Z,2025-04-15T13:31:58Z,93,7,3,182,5,0,0
chartjs/Chart.js,12057,closed,2025-04-13T00:45:16Z,2025-04-14T13:41:15Z,2025-04-14T13:41:15Z,395,42,13,1211,0,2,0
chartjs/Chart.js,12037,closed,2025-02-22T16:12:53Z,2025-02-25T16:15:48Z,2025-02-25T16:15:48Z,25,8,1,703,2,0,0
chartjs/Chart.js,12009,closed,2025-01-26T03:43:12Z,2025-02-01T18:36:30Z,,4,0,1,394,2,0,0
chartjs/Chart.js,11986,closed,2025-01-02T20:55:16Z,2025-01-03T15:50:56Z,2025-01-03T15:50:56Z,115,4,3,1106,0,4,0
chartjs/Chart.js,11984,closed,2025-01-01T22:58:52Z,2025-01-03T00:17:24Z,2025-01-03T00:17:24Z,110,7,2,1114,1,0,0
